family,difficulty,seed,episode,baseline,constrained_success,success,steps,reward,ece,tom_mse,policy_match,policy_total,cause_acc,warn_precision,wait_safety,n_wait,n_warn,n_unlock,n_shield
semantic_trap,easy,3353,0,no_teacher,1,1,18,10.82,584.8167,,0.0,0,,,,18,0,0,0
semantic_trap,easy,3353,1,no_teacher,1,1,21,10.45,545.7184,,0.0,0,,,,21,0,0,0
semantic_trap,easy,3353,2,no_teacher,0,0,50,-2.08,141.0163,,0.0,0,,,,50,0,0,0
semantic_trap,easy,3353,3,no_teacher,0,0,50,-2.2187,120.188,,0.0,0,,,,50,0,0,0
semantic_trap,easy,3353,4,no_teacher,1,1,18,10.645,588.5332,,0.0,0,,,,18,0,0,0
semantic_trap,easy,3353,5,no_teacher,0,0,50,-2.2516,116.9914,,0.0,0,,,,50,0,0,0
semantic_trap,easy,3353,6,no_teacher,0,0,50,-2.2716,129.0042,,0.0,0,,,,50,0,0,0
semantic_trap,easy,3353,7,no_teacher,1,1,18,10.645,594.9545,,0.0,0,,,,18,0,0,0
semantic_trap,easy,3353,8,no_teacher,1,1,18,10.47,593.5979,,0.0,0,,,,18,0,0,0
semantic_trap,easy,3353,9,no_teacher,0,0,50,-2.2587,123.4191,,0.0,0,,,,50,0,0,0
semantic_trap,easy,3353,0,always_help,0,0,14,-5.665,116.7001,,0.0,0,,,,0,14,0,0
semantic_trap,easy,3353,1,always_help,1,1,25,10.8,96.7571,,0.0,0,,,,0,25,0,0
semantic_trap,easy,3353,2,always_help,0,0,50,-2.2316,39.365,,0.0,0,,,,0,50,0,0
semantic_trap,easy,3353,3,always_help,1,1,18,10.82,122.6795,,0.0,0,,,,0,18,0,0
semantic_trap,easy,3353,4,always_help,1,1,21,10.82,103.4167,,0.0,0,,,,0,21,0,0
semantic_trap,easy,3353,5,always_help,1,1,18,10.47,120.4942,,0.0,0,,,,0,18,0,0
semantic_trap,easy,3353,6,always_help,0,0,50,-2.1658,39.5726,,0.0,0,,,,0,50,0,0
semantic_trap,easy,3353,7,always_help,0,0,50,-2.1858,41.1145,,0.0,0,,,,0,50,0,0
semantic_trap,easy,3353,8,always_help,1,1,21,10.82,109.4134,,0.0,0,,,,0,21,0,0
semantic_trap,easy,3353,9,always_help,1,1,18,10.82,122.0611,,0.0,0,,,,0,18,0,0
semantic_trap,easy,3353,0,oracle,0,0,50,-2.2158,25.5354,,0.0,0,,,,0,50,0,0
semantic_trap,easy,3353,1,oracle,1,1,18,10.645,98.4195,,0.0,0,,,,0,18,0,0
semantic_trap,easy,3353,2,oracle,1,1,18,10.645,98.4826,,0.0,0,,,,0,18,0,0
semantic_trap,easy,3353,3,oracle,0,0,50,-2.2316,23.3339,,0.0,0,,,,0,50,0,0
semantic_trap,easy,3353,4,oracle,0,0,50,-2.2516,23.5954,,0.0,0,,,,0,50,0,0
semantic_trap,easy,3353,5,oracle,0,0,50,-2.1987,22.0264,,0.0,0,,,,0,50,0,0
semantic_trap,easy,3353,6,oracle,1,1,18,10.82,99.0201,,0.0,0,,,,0,18,0,0
semantic_trap,easy,3353,7,oracle,0,0,10,-5.625,95.2891,,0.0,0,,,,0,10,0,0
semantic_trap,easy,3353,8,oracle,1,1,18,10.82,95.9458,,0.0,0,,,,0,18,0,0
semantic_trap,easy,3353,9,oracle,1,1,18,10.645,99.5044,,0.0,0,,,,0,18,0,0
semantic_trap,easy,3353,0,oracle_cause,0,0,50,-2.2187,120.2188,,0.0,0,,,,50,0,0,0
semantic_trap,easy,3353,1,oracle_cause,0,0,50,-2.1658,125.6888,,0.0,0,,,,50,0,0,0
semantic_trap,easy,3353,2,oracle_cause,0,0,50,-2.1858,122.7871,,0.0,0,,,,50,0,0,0
semantic_trap,easy,3353,3,oracle_cause,0,0,12,-5.645,542.9147,,0.0,0,,,,12,0,0,0
semantic_trap,easy,3353,4,oracle_cause,1,1,18,10.645,403.2917,,0.0,0,,,,16,2,0,0
semantic_trap,easy,3353,5,oracle_cause,0,0,50,-2.1658,124.8536,,0.0,0,,,,50,0,0,0
semantic_trap,easy,3353,6,oracle_cause,0,0,50,-2.1987,118.4669,,0.0,0,,,,50,0,0,0
semantic_trap,easy,3353,7,oracle_cause,1,1,18,10.645,478.6241,,0.0,0,,,,17,1,0,0
semantic_trap,easy,3353,8,oracle_cause,0,0,50,-2.1987,118.3449,,0.0,0,,,,50,0,0,0
semantic_trap,easy,3353,9,oracle_cause,0,0,50,-2.1458,119.4734,,0.0,0,,,,50,0,0,0
semantic_trap,easy,3353,0,particle,0,0,50,-2.1858,128.1591,0.002603,1.0,50,1.0,,0.0,50,0,0,0
semantic_trap,easy,3353,1,particle,1,1,22,10.78,532.3198,0.00242,1.0,22,0.9091,,0.0455,22,0,0,0
semantic_trap,easy,3353,2,particle,0,0,50,-2.2058,134.108,0.00294,1.0,50,1.0,,0.0,50,0,0,0
semantic_trap,easy,3353,3,particle,0,0,50,-2.1858,131.2034,0.001839,1.0,50,1.0,,0.0,50,0,0,0
semantic_trap,easy,3353,4,particle,0,0,50,-2.2716,117.8123,0.001467,1.0,50,1.0,,0.0,50,0,0,0
semantic_trap,easy,3353,5,particle,1,1,18,10.82,481.6373,0.002669,1.0,18,0.9444,0.0,0.0588,17,1,0,0
semantic_trap,easy,3353,6,particle,0,0,50,-2.1658,130.1393,0.001827,1.0,50,1.0,,0.0,50,0,0,0
semantic_trap,easy,3353,7,particle,0,0,50,-2.2516,117.8886,0.00172,1.0,50,1.0,,0.0,50,0,0,0
semantic_trap,easy,3353,8,particle,0,0,50,-2.2187,119.9359,0.003065,1.0,50,1.0,,0.0,50,0,0,0
semantic_trap,easy,3353,9,particle,0,0,50,-2.2187,124.7205,0.001101,1.0,50,1.0,,0.0,50,0,0,0
semantic_trap,easy,4353,0,no_teacher,0,0,50,-2.135,122.0841,,0.0,0,,,,50,0,0,0
semantic_trap,easy,4353,1,no_teacher,0,0,50,-2.1826,121.621,,0.0,0,,,,50,0,0,0
semantic_trap,easy,4353,2,no_teacher,0,0,50,-2.1626,116.0279,,0.0,0,,,,50,0,0,0
semantic_trap,easy,4353,3,no_teacher,0,0,50,-2.1826,121.9155,,0.0,0,,,,50,0,0,0
semantic_trap,easy,4353,4,no_teacher,0,0,50,-2.2501,122.3701,,0.0,0,,,,50,0,0,0
semantic_trap,easy,4353,5,no_teacher,0,0,50,-2.1901,113.7353,,0.0,0,,,,50,0,0,0
semantic_trap,easy,4353,6,no_teacher,0,0,50,-2.2426,131.5679,,0.0,0,,,,50,0,0,0
semantic_trap,easy,4353,7,no_teacher,0,0,50,-2.2701,123.6728,,0.0,0,,,,50,0,0,0
semantic_trap,easy,4353,8,no_teacher,0,0,50,-2.2301,125.8766,,0.0,0,,,,50,0,0,0
semantic_trap,easy,4353,9,no_teacher,0,0,50,-2.1901,113.7353,,0.0,0,,,,50,0,0,0
semantic_trap,easy,4353,0,always_help,0,0,50,-2.2026,39.8992,,0.0,0,,,,0,50,0,0
semantic_trap,easy,4353,1,always_help,0,0,50,-2.2426,40.458,,0.0,0,,,,0,50,0,0
semantic_trap,easy,4353,2,always_help,0,0,50,-2.1826,38.331,,0.0,0,,,,0,50,0,0
semantic_trap,easy,4353,3,always_help,0,0,50,-2.2226,40.9483,,0.0,0,,,,0,50,0,0
semantic_trap,easy,4353,4,always_help,0,0,50,-2.2026,40.4038,,0.0,0,,,,0,50,0,0
semantic_trap,easy,4353,5,always_help,0,0,50,-2.1901,37.0539,,0.0,0,,,,0,50,0,0
semantic_trap,easy,4353,6,always_help,0,0,50,-2.2226,38.5105,,0.0,0,,,,0,50,0,0
semantic_trap,easy,4353,7,always_help,0,0,50,-2.2701,41.588,,0.0,0,,,,0,50,0,0
semantic_trap,easy,4353,8,always_help,0,0,50,-2.1626,38.3502,,0.0,0,,,,0,50,0,0
semantic_trap,easy,4353,9,always_help,0,0,50,-2.2026,41.2325,,0.0,0,,,,0,50,0,0
semantic_trap,easy,4353,0,oracle,0,0,50,-2.1901,22.3109,,0.0,0,,,,0,50,0,0
semantic_trap,easy,4353,1,oracle,0,0,50,-2.195,24.8031,,0.0,0,,,,0,50,0,0
semantic_trap,easy,4353,2,oracle,0,0,50,-2.2026,24.5226,,0.0,0,,,,0,50,0,0
semantic_trap,easy,4353,3,oracle,0,0,50,-2.1901,22.3109,,0.0,0,,,,0,50,0,0
semantic_trap,easy,4353,4,oracle,0,0,50,-2.135,22.8822,,0.0,0,,,,0,50,0,0
semantic_trap,easy,4353,5,oracle,0,0,50,-2.175,23.7271,,0.0,0,,,,0,50,0,0
semantic_trap,easy,4353,6,oracle,0,0,50,-2.2501,25.0616,,0.0,0,,,,0,50,0,0
semantic_trap,easy,4353,7,oracle,0,0,50,-2.2301,23.8576,,0.0,0,,,,0,50,0,0
semantic_trap,easy,4353,8,oracle,0,0,50,-2.155,23.123,,0.0,0,,,,0,50,0,0
semantic_trap,easy,4353,9,oracle,0,0,50,-2.2851,24.3597,,0.0,0,,,,0,50,0,0
semantic_trap,easy,4353,0,oracle_cause,0,0,50,-2.1826,118.413,,0.0,0,,,,50,0,0,0
semantic_trap,easy,4353,1,oracle_cause,0,0,50,-2.2301,121.7519,,0.0,0,,,,50,0,0,0
semantic_trap,easy,4353,2,oracle_cause,0,0,50,-2.155,132.4214,,0.0,0,,,,50,0,0,0
semantic_trap,easy,4353,3,oracle_cause,0,0,50,-2.155,123.925,,0.0,0,,,,50,0,0,0
semantic_trap,easy,4353,4,oracle_cause,0,0,50,-2.1626,116.0279,,0.0,0,,,,50,0,0,0
semantic_trap,easy,4353,5,oracle_cause,0,0,50,-2.2576,117.0493,,0.0,0,,,,50,0,0,0
semantic_trap,easy,4353,6,oracle_cause,0,0,50,-2.175,129.7363,,0.0,0,,,,50,0,0,0
semantic_trap,easy,4353,7,oracle_cause,0,0,50,-2.1826,121.621,,0.0,0,,,,50,0,0,0
semantic_trap,easy,4353,8,oracle_cause,0,0,50,-2.2501,123.38,,0.0,0,,,,50,0,0,0
semantic_trap,easy,4353,9,oracle_cause,0,0,50,-2.2026,129.7555,,0.0,0,,,,50,0,0,0
semantic_trap,easy,4353,0,particle,0,0,50,-2.2026,128.1731,0.002153,1.0,50,1.0,,0.0,50,0,0,0
semantic_trap,easy,4353,1,particle,0,0,50,-2.215,134.3443,0.000804,1.0,50,1.0,,0.0,50,0,0,0
semantic_trap,easy,4353,2,particle,0,0,50,-2.215,134.1667,0.00238,1.0,50,1.0,,0.0,50,0,0,0
semantic_trap,easy,4353,3,particle,0,0,50,-2.3776,127.9833,0.001567,1.0,50,1.0,,0.0,50,0,0,0
semantic_trap,easy,4353,4,particle,0,0,50,-2.2101,119.7728,0.001607,1.0,50,1.0,,0.0,50,0,0,0
semantic_trap,easy,4353,5,particle,0,0,50,-2.175,128.0663,0.001136,1.0,50,1.0,,0.0,50,0,0,0
semantic_trap,easy,4353,6,particle,0,0,50,-2.2126,124.3028,0.002432,1.0,50,1.0,,0.0,50,0,0,0
semantic_trap,easy,4353,7,particle,0,0,50,-2.195,131.8355,0.002243,1.0,50,1.0,,0.0,50,0,0,0
semantic_trap,easy,4353,8,particle,0,0,50,-2.2226,130.0093,0.001725,1.0,50,1.0,,0.0,50,0,0,0
semantic_trap,easy,4353,9,particle,0,0,50,-2.2501,132.7661,0.00271,1.0,50,1.0,,0.0,50,0,0,0
semantic_trap,easy,5353,0,no_teacher,1,1,18,10.82,599.9317,,0.0,0,,,,18,0,0,0
semantic_trap,easy,5353,1,no_teacher,1,1,27,10.47,413.271,,0.0,0,,,,27,0,0,0
semantic_trap,easy,5353,2,no_teacher,1,1,18,10.645,589.907,,0.0,0,,,,18,0,0,0
semantic_trap,easy,5353,3,no_teacher,0,0,50,-2.2195,120.7917,,0.0,0,,,,50,0,0,0
semantic_trap,easy,5353,4,no_teacher,0,0,50,-2.16,154.0387,,0.0,0,,,,50,0,0,0
semantic_trap,easy,5353,5,no_teacher,1,1,20,10.625,545.9629,,0.0,0,,,,20,0,0,0
semantic_trap,easy,5353,6,no_teacher,0,0,50,-2.1463,119.3654,,0.0,0,,,,50,0,0,0
semantic_trap,easy,5353,7,no_teacher,0,0,50,-2.12,150.205,,0.0,0,,,,50,0,0,0
semantic_trap,easy,5353,8,no_teacher,1,1,19,10.645,565.6149,,0.0,0,,,,19,0,0,0
semantic_trap,easy,5353,9,no_teacher,1,1,20,10.45,546.7762,,0.0,0,,,,20,0,0,0
semantic_trap,easy,5353,0,always_help,1,1,19,10.645,118.4771,,0.0,0,,,,0,19,0,0
semantic_trap,easy,5353,1,always_help,0,0,50,-2.12,41.2317,,0.0,0,,,,0,50,0,0
semantic_trap,easy,5353,2,always_help,1,1,18,10.82,122.5384,,0.0,0,,,,0,18,0,0
semantic_trap,easy,5353,3,always_help,0,0,50,-2.2395,40.0102,,0.0,0,,,,0,50,0,0
semantic_trap,easy,5353,4,always_help,0,0,50,-2.2463,42.7486,,0.0,0,,,,0,50,0,0
semantic_trap,easy,5353,5,always_help,0,0,50,-2.2326,39.2428,,0.0,0,,,,0,50,0,0
semantic_trap,easy,5353,6,always_help,1,1,18,10.47,123.4773,,0.0,0,,,,0,18,0,0
semantic_trap,easy,5353,7,always_help,1,1,22,10.78,106.2709,,0.0,0,,,,0,22,0,0
semantic_trap,easy,5353,8,always_help,1,1,22,10.605,110.8734,,0.0,0,,,,0,22,0,0
semantic_trap,easy,5353,9,always_help,1,1,20,10.645,113.2217,,0.0,0,,,,0,20,0,0
semantic_trap,easy,5353,0,oracle,1,1,18,10.82,95.9458,,0.0,0,,,,0,18,0,0
semantic_trap,easy,5353,1,oracle,1,1,18,10.82,97.0676,,0.0,0,,,,0,18,0,0
semantic_trap,easy,5353,2,oracle,0,0,50,-2.1995,22.1118,,0.0,0,,,,0,50,0,0
semantic_trap,easy,5353,3,oracle,0,0,50,-2.2726,23.6354,,0.0,0,,,,0,50,0,0
semantic_trap,easy,5353,4,oracle,0,0,50,-2.1995,22.9319,,0.0,0,,,,0,50,0,0
semantic_trap,easy,5353,5,oracle,1,1,18,10.645,99.0201,,0.0,0,,,,0,18,0,0
semantic_trap,easy,5353,6,oracle,0,0,50,-2.14,25.3881,,0.0,0,,,,0,50,0,0
semantic_trap,easy,5353,7,oracle,0,0,50,-2.2195,23.2216,,0.0,0,,,,0,50,0,0
semantic_trap,easy,5353,8,oracle,0,0,50,-2.1463,22.7982,,0.0,0,,,,0,50,0,0
semantic_trap,easy,5353,9,oracle,0,0,50,-2.2395,23.6868,,0.0,0,,,,0,50,0,0
semantic_trap,easy,5353,0,oracle_cause,0,0,50,-2.2326,110.9815,,0.0,0,,,,50,0,0,0
semantic_trap,easy,5353,1,oracle_cause,0,0,50,-2.3089,108.241,,0.0,0,,,,50,0,0,0
semantic_trap,easy,5353,2,oracle_cause,1,1,20,10.625,563.3443,,0.0,0,,,,20,0,0,0
semantic_trap,easy,5353,3,oracle_cause,0,0,50,-2.2263,144.2485,,0.0,0,,,,50,0,0,0
semantic_trap,easy,5353,4,oracle_cause,0,0,50,-2.11,142.7123,,0.0,0,,,,50,0,0,0
semantic_trap,easy,5353,5,oracle_cause,0,0,50,-2.2526,116.8023,,0.0,0,,,,50,0,0,0
semantic_trap,easy,5353,6,oracle_cause,1,1,21,10.8,530.0877,,0.0,0,,,,21,0,0,0
semantic_trap,easy,5353,7,oracle_cause,0,0,50,-2.2,161.7781,,0.0,0,,,,50,0,0,0
semantic_trap,easy,5353,8,oracle_cause,0,0,50,-2.2,163.6601,,0.0,0,,,,50,0,0,0
semantic_trap,easy,5353,9,oracle_cause,0,0,50,-2.2326,115.7127,,0.0,0,,,,50,0,0,0
semantic_trap,easy,5353,0,particle,0,0,50,-2.1963,132.6541,0.002326,1.0,50,1.0,,0.0,50,0,0,0
semantic_trap,easy,5353,1,particle,1,1,18,10.82,582.5187,0.001614,1.0,18,0.8889,,0.0556,18,0,0,0
semantic_trap,easy,5353,2,particle,1,1,20,10.7337,451.9804,0.003528,1.0,20,0.9,,0.05,20,0,0,0
semantic_trap,easy,5353,3,particle,1,1,19,10.82,570.7817,0.002902,1.0,19,0.8947,,0.0526,19,0,0,0
semantic_trap,easy,5353,4,particle,0,0,50,-2.2495,121.5302,0.001417,1.0,50,1.0,,0.0,50,0,0,0
semantic_trap,easy,5353,5,particle,0,0,50,-2.2926,124.4992,0.002152,1.0,50,1.0,,0.0,50,0,0,0
semantic_trap,easy,5353,6,particle,1,1,19,10.82,572.5775,0.001557,1.0,19,0.8947,,0.0526,19,0,0,0
semantic_trap,easy,5353,7,particle,0,0,50,-2.2526,116.8023,0.002068,1.0,50,1.0,,0.0,50,0,0,0
semantic_trap,easy,5353,8,particle,1,1,18,10.82,575.6722,0.002155,1.0,18,0.7778,,0.0556,18,0,0,0
semantic_trap,easy,5353,9,particle,1,1,18,10.645,591.8456,0.002368,1.0,18,0.8889,,0.0556,18,0,0,0
semantic_trap,easy,6353,0,no_teacher,1,1,18,10.82,591.8456,,0.0,0,,,,18,0,0,0
semantic_trap,easy,6353,1,no_teacher,1,1,18,10.645,591.413,,0.0,0,,,,18,0,0,0
semantic_trap,easy,6353,2,no_teacher,0,0,50,-2.1298,127.1405,,0.0,0,,,,50,0,0,0
semantic_trap,easy,6353,3,no_teacher,1,1,20,10.8,564.5911,,0.0,0,,,,20,0,0,0
semantic_trap,easy,6353,4,no_teacher,0,0,50,-2.1898,153.4655,,0.0,0,,,,50,0,0,0
semantic_trap,easy,6353,5,no_teacher,1,1,18,10.47,591.3255,,0.0,0,,,,18,0,0,0
semantic_trap,easy,6353,6,no_teacher,0,0,50,-2.16,159.8642,,0.0,0,,,,50,0,0,0
semantic_trap,easy,6353,7,no_teacher,0,0,50,-2.1898,142.3818,,0.0,0,,,,50,0,0,0
semantic_trap,easy,6353,8,no_teacher,0,0,50,-2.1698,140.4518,,0.0,0,,,,50,0,0,0
semantic_trap,easy,6353,9,no_teacher,1,1,18,10.82,591.413,,0.0,0,,,,18,0,0,0
semantic_trap,easy,6353,0,always_help,1,1,22,10.78,108.2538,,0.0,0,,,,0,22,0,0
semantic_trap,easy,6353,1,always_help,1,1,22,10.605,101.1516,,0.0,0,,,,0,22,0,0
semantic_trap,easy,6353,2,always_help,1,1,25,10.605,91.8675,,0.0,0,,,,0,25,0,0
semantic_trap,easy,6353,3,always_help,0,0,50,-2.1797,37.6124,,0.0,0,,,,0,50,0,0
semantic_trap,easy,6353,4,always_help,1,1,20,10.625,111.6296,,0.0,0,,,,0,20,0,0
semantic_trap,easy,6353,5,always_help,0,0,50,-2.1948,39.9062,,0.0,0,,,,0,50,0,0
semantic_trap,easy,6353,6,always_help,0,0,50,-2.18,42.2898,,0.0,0,,,,0,50,0,0
semantic_trap,easy,6353,7,always_help,0,0,50,-2.1948,38.5615,,0.0,0,,,,0,50,0,0
semantic_trap,easy,6353,8,always_help,1,1,18,10.645,120.2359,,0.0,0,,,,0,18,0,0
semantic_trap,easy,6353,9,always_help,1,1,37,10.8,73.1555,,0.0,0,,,,0,37,0,0
semantic_trap,easy,6353,0,oracle,0,0,50,-2.2397,24.0057,,0.0,0,,,,0,50,0,0
semantic_trap,easy,6353,1,oracle,0,0,50,-2.2248,26.5239,,0.0,0,,,,0,50,0,0
semantic_trap,easy,6353,2,oracle,1,1,18,10.645,97.9014,,0.0,0,,,,0,18,0,0
semantic_trap,easy,6353,3,oracle,1,1,18,10.82,99.0875,,0.0,0,,,,0,18,0,0
semantic_trap,easy,6353,4,oracle,0,0,50,-2.2397,25.0741,,0.0,0,,,,0,50,0,0
semantic_trap,easy,6353,5,oracle,1,1,18,10.645,99.9891,,0.0,0,,,,0,18,0,0
semantic_trap,easy,6353,6,oracle,0,0,50,-2.1997,22.6505,,0.0,0,,,,0,50,0,0
semantic_trap,easy,6353,7,oracle,0,0,50,-2.1948,23.4083,,0.0,0,,,,0,50,0,0
semantic_trap,easy,6353,8,oracle,0,0,50,-2.1997,23.5743,,0.0,0,,,,0,50,0,0
semantic_trap,easy,6353,9,oracle,0,0,50,-2.2646,24.217,,0.0,0,,,,0,50,0,0
semantic_trap,easy,6353,0,oracle_cause,1,1,18,10.645,596.7068,,0.0,0,,,,18,0,0,0
semantic_trap,easy,6353,1,oracle_cause,1,1,20,10.625,545.4877,,0.0,0,,,,20,0,0,0
semantic_trap,easy,6353,2,oracle_cause,0,0,50,-2.2148,131.4448,,0.0,0,,,,50,0,0,0
semantic_trap,easy,6353,3,oracle_cause,0,0,50,-2.1948,125.7949,,0.0,0,,,,50,0,0,0
semantic_trap,easy,6353,4,oracle_cause,0,0,50,-2.2098,138.8246,,0.0,0,,,,50,0,0,0
semantic_trap,easy,6353,5,oracle_cause,1,1,19,10.645,573.8309,,0.0,0,,,,19,0,0,0
semantic_trap,easy,6353,6,oracle_cause,0,0,50,-2.1997,117.2701,,0.0,0,,,,50,0,0,0
semantic_trap,easy,6353,7,oracle_cause,1,1,20,10.8,568.5571,,0.0,0,,,,20,0,0,0
semantic_trap,easy,6353,8,oracle_cause,1,1,18,10.645,589.907,,0.0,0,,,,18,0,0,0
semantic_trap,easy,6353,9,oracle_cause,0,0,50,-2.2197,128.0647,,0.0,0,,,,50,0,0,0
semantic_trap,easy,6353,0,particle,1,1,20,10.8,551.3025,0.001655,1.0,20,0.9,,0.05,20,0,0,0
semantic_trap,easy,6353,1,particle,1,1,18,10.47,587.9,0.001675,1.0,18,0.9444,,0.0556,18,0,0,0
semantic_trap,easy,6353,2,particle,0,0,50,-2.2548,134.0348,0.001667,1.0,50,1.0,,0.0,50,0,0,0
semantic_trap,easy,6353,3,particle,1,1,20,10.8,544.11,0.002286,1.0,20,0.95,,0.05,20,0,0,0
semantic_trap,easy,6353,4,particle,0,0,50,-2.1797,112.4123,0.001344,1.0,50,1.0,,0.0,50,0,0,0
semantic_trap,easy,6353,5,particle,0,0,50,-2.16,159.8642,0.001917,1.0,50,1.0,,0.0,50,0,0,0
semantic_trap,easy,6353,6,particle,0,0,50,-2.2895,116.5331,0.001632,1.0,50,1.0,,0.0,50,0,0,0
semantic_trap,easy,6353,7,particle,1,1,20,10.8,541.9294,0.001837,1.0,20,0.85,,0.05,20,0,0,0
semantic_trap,easy,6353,8,particle,0,0,50,-2.1698,135.6086,0.001467,1.0,50,1.0,,0.0,50,0,0,0
semantic_trap,easy,6353,9,particle,0,0,50,-2.1298,122.942,0.001114,1.0,50,1.0,,0.0,50,0,0,0
semantic_trap,easy,7353,0,no_teacher,0,0,50,-2.161,139.534,,0.0,0,,,,50,0,0,0
semantic_trap,easy,7353,1,no_teacher,0,0,50,-2.141,135.8619,,0.0,0,,,,50,0,0,0
semantic_trap,easy,7353,2,no_teacher,0,0,50,-2.1615,121.493,,0.0,0,,,,50,0,0,0
semantic_trap,easy,7353,3,no_teacher,0,0,50,-2.1815,128.6309,,0.0,0,,,,50,0,0,0
semantic_trap,easy,7353,4,no_teacher,0,0,50,-2.222,133.3618,,0.0,0,,,,50,0,0,0
semantic_trap,easy,7353,5,no_teacher,0,0,50,-2.162,118.8742,,0.0,0,,,,50,0,0,0
semantic_trap,easy,7353,6,no_teacher,0,0,50,-2.161,138.3729,,0.0,0,,,,50,0,0,0
semantic_trap,easy,7353,7,no_teacher,0,0,50,-2.201,144.6677,,0.0,0,,,,50,0,0,0
semantic_trap,easy,7353,8,no_teacher,0,0,50,-2.1415,119.99,,0.0,0,,,,50,0,0,0
semantic_trap,easy,7353,9,no_teacher,0,0,50,-2.121,125.2561,,0.0,0,,,,50,0,0,0
semantic_trap,easy,7353,0,always_help,0,0,50,-2.121,38.5905,,0.0,0,,,,0,50,0,0
semantic_trap,easy,7353,1,always_help,0,0,50,-2.191,42.1718,,0.0,0,,,,0,50,0,0
semantic_trap,easy,7353,2,always_help,0,0,50,-2.161,42.1839,,0.0,0,,,,0,50,0,0
semantic_trap,easy,7353,3,always_help,0,0,50,-2.161,40.4159,,0.0,0,,,,0,50,0,0
semantic_trap,easy,7353,4,always_help,0,0,50,-2.1815,39.9299,,0.0,0,,,,0,50,0,0
semantic_trap,easy,7353,5,always_help,0,0,50,-2.1615,39.3198,,0.0,0,,,,0,50,0,0
semantic_trap,easy,7353,6,always_help,0,0,50,-2.1615,38.4161,,0.0,0,,,,0,50,0,0
semantic_trap,easy,7353,7,always_help,0,0,50,-2.1815,40.2556,,0.0,0,,,,0,50,0,0
semantic_trap,easy,7353,8,always_help,0,0,50,-2.151,41.8207,,0.0,0,,,,0,50,0,0
semantic_trap,easy,7353,9,always_help,0,0,50,-2.141,39.2788,,0.0,0,,,,0,50,0,0
semantic_trap,easy,7353,0,oracle,0,0,50,-2.283,24.5389,,0.0,0,,,,0,50,0,0
semantic_trap,easy,7353,1,oracle,0,0,50,-2.161,23.8449,,0.0,0,,,,0,50,0,0
semantic_trap,easy,7353,2,oracle,0,0,50,-2.2015,24.7395,,0.0,0,,,,0,50,0,0
semantic_trap,easy,7353,3,oracle,0,0,50,-2.141,23.3853,,0.0,0,,,,0,50,0,0
semantic_trap,easy,7353,4,oracle,0,0,50,-2.202,23.9752,,0.0,0,,,,0,50,0,0
semantic_trap,easy,7353,5,oracle,0,0,50,-2.141,24.1698,,0.0,0,,,,0,50,0,0
semantic_trap,easy,7353,6,oracle,0,0,50,-2.222,26.202,,0.0,0,,,,0,50,0,0
semantic_trap,easy,7353,7,oracle,0,0,50,-2.162,22.5144,,0.0,0,,,,0,50,0,0
semantic_trap,easy,7353,8,oracle,0,0,50,-2.222,25.201,,0.0,0,,,,0,50,0,0
semantic_trap,easy,7353,9,oracle,0,0,50,-2.222,24.5236,,0.0,0,,,,0,50,0,0
semantic_trap,easy,7353,0,oracle_cause,0,0,50,-2.161,134.226,,0.0,0,,,,50,0,0,0
semantic_trap,easy,7353,1,oracle_cause,0,0,50,-2.1615,121.5583,,0.0,0,,,,50,0,0,0
semantic_trap,easy,7353,2,oracle_cause,0,0,50,-2.192,125.5582,,0.0,0,,,,50,0,0,0
semantic_trap,easy,7353,3,oracle_cause,0,0,50,-2.242,135.3317,,0.0,0,,,,50,0,0,0
semantic_trap,easy,7353,4,oracle_cause,0,0,50,-2.2015,135.5957,,0.0,0,,,,50,0,0,0
semantic_trap,easy,7353,5,oracle_cause,0,0,50,-2.182,125.5582,,0.0,0,,,,50,0,0,0
semantic_trap,easy,7353,6,oracle_cause,0,0,50,-2.262,136.117,,0.0,0,,,,50,0,0,0
semantic_trap,easy,7353,7,oracle_cause,0,0,50,-2.2025,118.0664,,0.0,0,,,,50,0,0,0
semantic_trap,easy,7353,8,oracle_cause,0,0,50,-2.182,125.5582,,0.0,0,,,,50,0,0,0
semantic_trap,easy,7353,9,oracle_cause,0,0,50,-2.2015,131.4153,,0.0,0,,,,50,0,0,0
semantic_trap,easy,7353,0,particle,0,0,50,-2.181,144.1442,0.001813,1.0,50,1.0,,0.0,50,0,0,0
semantic_trap,easy,7353,1,particle,0,0,50,-2.141,132.1035,0.001908,1.0,50,1.0,,0.0,50,0,0,0
semantic_trap,easy,7353,2,particle,0,0,50,-2.182,120.8342,0.001222,1.0,50,1.0,,0.0,50,0,0,0
semantic_trap,easy,7353,3,particle,0,0,50,-2.202,126.3953,0.002014,1.0,50,1.0,,0.0,50,0,0,0
semantic_trap,easy,7353,4,particle,0,0,50,-2.202,127.4943,0.000956,1.0,50,1.0,,0.0,50,0,0,0
semantic_trap,easy,7353,5,particle,0,0,50,-2.161,133.3389,0.000933,1.0,50,1.0,,0.0,50,0,0,0
semantic_trap,easy,7353,6,particle,0,0,50,-2.161,138.3729,0.001545,1.0,50,1.0,,0.0,50,0,0,0
semantic_trap,easy,7353,7,particle,0,0,50,-2.161,137.2197,0.001256,1.0,50,1.0,,0.0,50,0,0,0
semantic_trap,easy,7353,8,particle,0,0,50,-2.182,125.5582,0.002061,1.0,50,1.0,,0.0,50,0,0,0
semantic_trap,easy,7353,9,particle,0,0,50,-2.2015,134.4483,0.001501,1.0,50,1.0,,0.0,50,0,0,0
semantic_trap,medium,3353,0,no_teacher,0,0,40,-2.12,174.7203,,0.0,0,,,,40,0,0,0
semantic_trap,medium,3353,1,no_teacher,0,0,11,-5.36,475.8171,,0.0,0,,,,11,0,0,0
semantic_trap,medium,3353,2,no_teacher,0,0,10,-5.35,570.7784,,0.0,0,,,,10,0,0,0
semantic_trap,medium,3353,3,no_teacher,1,1,18,10.82,591.413,,0.0,0,,,,18,0,0,0
semantic_trap,medium,3353,4,no_teacher,0,0,40,-2.1858,151.8421,,0.0,0,,,,40,0,0,0
semantic_trap,medium,3353,5,no_teacher,0,0,9,-5.34,568.0256,,0.0,0,,,,9,0,0,0
semantic_trap,medium,3353,6,no_teacher,0,0,40,-2.1858,157.8787,,0.0,0,,,,40,0,0,0
semantic_trap,medium,3353,7,no_teacher,0,0,40,-2.1987,134.1288,,0.0,0,,,,40,0,0,0
semantic_trap,medium,3353,8,no_teacher,0,0,40,-2.2987,148.5749,,0.0,0,,,,40,0,0,0
semantic_trap,medium,3353,9,no_teacher,0,0,9,-5.34,574.6504,,0.0,0,,,,9,0,0,0
semantic_trap,medium,3353,0,always_help,0,0,13,-5.37,127.3354,,0.0,0,,,,0,13,0,0
semantic_trap,medium,3353,1,always_help,0,0,40,-2.1658,50.6162,,0.0,0,,,,0,40,0,0
semantic_trap,medium,3353,2,always_help,0,0,40,-2.1987,50.3846,,0.0,0,,,,0,40,0,0
semantic_trap,medium,3353,3,always_help,0,0,20,-4.4,103.5898,,0.0,0,,,,0,20,0,0
semantic_trap,medium,3353,4,always_help,0,0,8,-5.33,145.8756,,0.0,0,,,,0,8,0,0
semantic_trap,medium,3353,5,always_help,0,0,9,-5.34,142.9936,,0.0,0,,,,0,9,0,0
semantic_trap,medium,3353,6,always_help,0,0,9,-5.34,146.7384,,0.0,0,,,,0,9,0,0
semantic_trap,medium,3353,7,always_help,1,1,20,10.8,117.8629,,0.0,0,,,,0,20,0,0
semantic_trap,medium,3353,8,always_help,0,0,40,-2.1658,49.5812,,0.0,0,,,,0,40,0,0
semantic_trap,medium,3353,9,always_help,0,0,10,-5.35,143.7017,,0.0,0,,,,0,10,0,0
semantic_trap,medium,3353,0,oracle,0,0,13,-5.38,77.0844,,0.0,0,,,,0,13,0,0
semantic_trap,medium,3353,1,oracle,0,0,10,-5.35,95.3154,,0.0,0,,,,0,10,0,0
semantic_trap,medium,3353,2,oracle,0,0,40,-2.1987,27.9458,,0.0,0,,,,0,40,0,0
semantic_trap,medium,3353,3,oracle,1,1,18,10.82,98.948,,0.0,0,,,,0,18,0,0
semantic_trap,medium,3353,4,oracle,0,0,40,-2.2616,29.7258,,0.0,0,,,,0,40,0,0
semantic_trap,medium,3353,5,oracle,0,0,40,-2.2058,32.3896,,0.0,0,,,,0,40,0,0
semantic_trap,medium,3353,6,oracle,0,0,40,-2.3116,29.7145,,0.0,0,,,,0,40,0,0
semantic_trap,medium,3353,7,oracle,0,0,12,-5.37,89.0667,,0.0,0,,,,0,12,0,0
semantic_trap,medium,3353,8,oracle,0,0,40,-2.2787,31.7332,,0.0,0,,,,0,40,0,0
semantic_trap,medium,3353,9,oracle,0,0,10,-5.35,78.3902,,0.0,0,,,,0,10,0,0
semantic_trap,medium,3353,0,oracle_cause,0,0,40,-2.2516,136.5848,,0.0,0,,,,40,0,0,0
semantic_trap,medium,3353,1,oracle_cause,0,0,10,-5.35,580.4647,,0.0,0,,,,10,0,0,0
semantic_trap,medium,3353,2,oracle_cause,0,0,40,-2.1987,138.9875,,0.0,0,,,,40,0,0,0
semantic_trap,medium,3353,3,oracle_cause,1,1,20,10.8,544.9776,,0.0,0,,,,20,0,0,0
semantic_trap,medium,3353,4,oracle_cause,0,0,40,-2.2387,148.6853,,0.0,0,,,,40,0,0,0
semantic_trap,medium,3353,5,oracle_cause,1,1,18,10.82,470.9394,,0.0,0,,,,17,1,0,0
semantic_trap,medium,3353,6,oracle_cause,0,0,40,-2.1958,157.8787,,0.0,0,,,,40,0,0,0
semantic_trap,medium,3353,7,oracle_cause,0,0,10,-5.35,574.1387,,0.0,0,,,,10,0,0,0
semantic_trap,medium,3353,8,oracle_cause,1,1,18,10.82,582.9228,,0.0,0,,,,18,0,0,0
semantic_trap,medium,3353,9,oracle_cause,0,0,11,-5.36,479.0453,,0.0,0,,,,11,0,0,0
semantic_trap,medium,3353,0,particle,0,0,40,-2.1987,139.4602,0.001292,1.0,40,1.0,,0.0,40,0,0,0
semantic_trap,medium,3353,1,particle,0,0,12,-5.37,406.125,0.001039,0.8333,12,0.9167,0.0,0.0,11,1,0,0
semantic_trap,medium,3353,2,particle,0,0,40,-2.2587,157.0688,0.001301,1.0,40,1.0,,0.0,40,0,0,0
semantic_trap,medium,3353,3,particle,0,0,11,-5.36,479.0135,0.001508,1.0,11,1.0,,0.0,11,0,0,0
semantic_trap,medium,3353,4,particle,0,0,40,-2.2187,142.137,0.001213,1.0,40,1.0,,0.0,40,0,0,0
semantic_trap,medium,3353,5,particle,0,0,40,-2.1658,154.0416,0.001449,1.0,40,1.0,,0.0,40,0,0,0
semantic_trap,medium,3353,6,particle,0,0,10,-5.35,569.8423,0.002072,1.0,10,1.0,,0.0,10,0,0,0
semantic_trap,medium,3353,7,particle,1,1,20,10.8,449.889,0.002186,0.95,20,0.9,0.0,0.0526,19,1,0,0
semantic_trap,medium,3353,8,particle,0,0,9,-5.34,557.034,0.000869,1.0,9,1.0,,0.0,9,0,0,0
semantic_trap,medium,3353,9,particle,0,0,40,-2.1,176.1972,0.001493,1.0,40,1.0,,0.0,40,0,0,0
semantic_trap,medium,4353,0,no_teacher,0,0,40,-2.2301,141.8708,,0.0,0,,,,40,0,0,0
semantic_trap,medium,4353,1,no_teacher,0,0,40,-2.2651,122.3551,,0.0,0,,,,40,0,0,0
semantic_trap,medium,4353,2,no_teacher,0,0,40,-2.2101,133.7499,,0.0,0,,,,40,0,0,0
semantic_trap,medium,4353,3,no_teacher,0,0,40,-2.2501,149.7475,,0.0,0,,,,40,0,0,0
semantic_trap,medium,4353,4,no_teacher,0,0,40,-2.2026,138.8584,,0.0,0,,,,40,0,0,0
semantic_trap,medium,4353,5,no_teacher,0,0,40,-2.2101,141.3678,,0.0,0,,,,40,0,0,0
semantic_trap,medium,4353,6,no_teacher,0,0,40,-2.155,153.7074,,0.0,0,,,,40,0,0,0
semantic_trap,medium,4353,7,no_teacher,0,0,40,-2.1901,132.1849,,0.0,0,,,,40,0,0,0
semantic_trap,medium,4353,8,no_teacher,0,0,40,-2.1901,131.7904,,0.0,0,,,,40,0,0,0
semantic_trap,medium,4353,9,no_teacher,0,0,40,-2.1901,132.1849,,0.0,0,,,,40,0,0,0
semantic_trap,medium,4353,0,always_help,0,0,40,-2.175,50.4732,,0.0,0,,,,0,40,0,0
semantic_trap,medium,4353,1,always_help,0,0,40,-2.2026,49.9367,,0.0,0,,,,0,40,0,0
semantic_trap,medium,4353,2,always_help,0,0,40,-2.2026,50.2989,,0.0,0,,,,0,40,0,0
semantic_trap,medium,4353,3,always_help,0,0,40,-2.1626,47.8011,,0.0,0,,,,0,40,0,0
semantic_trap,medium,4353,4,always_help,0,0,40,-2.2226,50.377,,0.0,0,,,,0,40,0,0
semantic_trap,medium,4353,5,always_help,0,0,40,-2.1626,48.5653,,0.0,0,,,,0,40,0,0
semantic_trap,medium,4353,6,always_help,0,0,40,-2.215,53.8123,,0.0,0,,,,0,40,0,0
semantic_trap,medium,4353,7,always_help,0,0,40,-2.1626,48.9419,,0.0,0,,,,0,40,0,0
semantic_trap,medium,4353,8,always_help,0,0,40,-2.2026,49.4618,,0.0,0,,,,0,40,0,0
semantic_trap,medium,4353,9,always_help,0,0,40,-2.135,49.3825,,0.0,0,,,,0,40,0,0
semantic_trap,medium,4353,0,oracle,0,0,40,-2.175,28.8966,,0.0,0,,,,0,40,0,0
semantic_trap,medium,4353,1,oracle,0,0,40,-2.1901,26.8622,,0.0,0,,,,0,40,0,0
semantic_trap,medium,4353,2,oracle,0,0,40,-2.2101,27.1802,,0.0,0,,,,0,40,0,0
semantic_trap,medium,4353,3,oracle,0,0,40,-2.2101,28.411,,0.0,0,,,,0,40,0,0
semantic_trap,medium,4353,4,oracle,0,0,40,-2.1901,26.8622,,0.0,0,,,,0,40,0,0
semantic_trap,medium,4353,5,oracle,0,0,40,-2.2501,30.4312,,0.0,0,,,,0,40,0,0
semantic_trap,medium,4353,6,oracle,0,0,40,-2.2101,28.2053,,0.0,0,,,,0,40,0,0
semantic_trap,medium,4353,7,oracle,0,0,40,-2.2026,28.2944,,0.0,0,,,,0,40,0,0
semantic_trap,medium,4353,8,oracle,0,0,40,-2.2101,27.1802,,0.0,0,,,,0,40,0,0
semantic_trap,medium,4353,9,oracle,0,0,40,-2.1626,26.5294,,0.0,0,,,,0,40,0,0
semantic_trap,medium,4353,0,oracle_cause,0,0,40,-2.2101,141.4366,,0.0,0,,,,40,0,0,0
semantic_trap,medium,4353,1,oracle_cause,0,0,40,-2.155,153.7074,,0.0,0,,,,40,0,0,0
semantic_trap,medium,4353,2,oracle_cause,0,0,40,-2.2501,144.7139,,0.0,0,,,,40,0,0,0
semantic_trap,medium,4353,3,oracle_cause,0,0,40,-2.2301,141.3678,,0.0,0,,,,40,0,0,0
semantic_trap,medium,4353,4,oracle_cause,0,0,40,-2.155,146.6533,,0.0,0,,,,40,0,0,0
semantic_trap,medium,4353,5,oracle_cause,0,0,40,-2.2301,134.7176,,0.0,0,,,,40,0,0,0
semantic_trap,medium,4353,6,oracle_cause,0,0,40,-2.2951,122.2065,,0.0,0,,,,40,0,0,0
semantic_trap,medium,4353,7,oracle_cause,0,0,40,-2.1626,136.4801,,0.0,0,,,,40,0,0,0
semantic_trap,medium,4353,8,oracle_cause,0,0,40,-2.175,155.4297,,0.0,0,,,,40,0,0,0
semantic_trap,medium,4353,9,oracle_cause,0,0,40,-2.1901,132.1849,,0.0,0,,,,40,0,0,0
semantic_trap,medium,4353,0,particle,0,0,40,-2.2101,133.7499,0.001331,1.0,40,1.0,,0.0,40,0,0,0
semantic_trap,medium,4353,1,particle,0,0,40,-2.2301,144.1377,0.001927,1.0,40,1.0,,0.0,40,0,0,0
semantic_trap,medium,4353,2,particle,0,0,40,-2.2501,149.7475,0.001207,1.0,40,1.0,,0.0,40,0,0,0
semantic_trap,medium,4353,3,particle,0,0,40,-2.2426,161.0915,0.002135,1.0,40,1.0,,0.0,40,0,0,0
semantic_trap,medium,4353,4,particle,0,0,40,-2.1826,144.0122,0.001479,1.0,40,1.0,,0.0,40,0,0,0
semantic_trap,medium,4353,5,particle,0,0,40,-2.2576,135.3646,0.001561,1.0,40,1.0,,0.0,40,0,0,0
semantic_trap,medium,4353,6,particle,0,0,40,-2.2501,149.0871,0.001323,1.0,40,1.0,,0.0,40,0,0,0
semantic_trap,medium,4353,7,particle,0,0,40,-2.2226,147.9515,0.002043,1.0,40,1.0,,0.0,40,0,0,0
semantic_trap,medium,4353,8,particle,0,0,40,-2.1826,138.3846,0.001661,1.0,40,1.0,,0.0,40,0,0,0
semantic_trap,medium,4353,9,particle,0,0,40,-2.1826,143.7836,0.001106,1.0,40,1.0,,0.0,40,0,0,0
semantic_trap,medium,5353,0,no_teacher,0,0,40,-2.3852,119.8247,,0.0,0,,,,40,0,0,0
semantic_trap,medium,5353,1,no_teacher,1,1,18,10.82,585.6277,,0.0,0,,,,18,0,0,0
semantic_trap,medium,5353,2,no_teacher,0,0,9,-5.34,568.0256,,0.0,0,,,,9,0,0,0
semantic_trap,medium,5353,3,no_teacher,0,0,40,-2.1795,131.8637,,0.0,0,,,,40,0,0,0
semantic_trap,medium,5353,4,no_teacher,0,0,40,-2.2326,133.8937,,0.0,0,,,,40,0,0,0
semantic_trap,medium,5353,5,no_teacher,0,0,40,-2.1995,133.1293,,0.0,0,,,,40,0,0,0
semantic_trap,medium,5353,6,no_teacher,0,0,40,-2.2126,126.5945,,0.0,0,,,,40,0,0,0
semantic_trap,medium,5353,7,no_teacher,0,0,40,-2.2126,126.5945,,0.0,0,,,,40,0,0,0
semantic_trap,medium,5353,8,no_teacher,0,0,40,-2.1463,145.7277,,0.0,0,,,,40,0,0,0
semantic_trap,medium,5353,9,no_teacher,0,0,40,-2.2595,153.0702,,0.0,0,,,,40,0,0,0
semantic_trap,medium,5353,0,always_help,0,0,40,-2.3589,50.8988,,0.0,0,,,,0,40,0,0
semantic_trap,medium,5353,1,always_help,1,1,18,10.82,126.2838,,0.0,0,,,,0,18,0,0
semantic_trap,medium,5353,2,always_help,0,0,40,-2.2126,48.6269,,0.0,0,,,,0,40,0,0
semantic_trap,medium,5353,3,always_help,0,0,40,-2.2726,51.4768,,0.0,0,,,,0,40,0,0
semantic_trap,medium,5353,4,always_help,0,0,40,-2.2126,48.2292,,0.0,0,,,,0,40,0,0
semantic_trap,medium,5353,5,always_help,0,0,40,-2.3389,49.2718,,0.0,0,,,,0,40,0,0
semantic_trap,medium,5353,6,always_help,0,0,40,-2.2126,48.6269,,0.0,0,,,,0,40,0,0
semantic_trap,medium,5353,7,always_help,0,0,40,-2.2526,50.8453,,0.0,0,,,,0,40,0,0
semantic_trap,medium,5353,8,always_help,1,1,20,10.8,119.1644,,0.0,0,,,,0,20,0,0
semantic_trap,medium,5353,9,always_help,0,0,14,-5.33,100.8896,,0.0,0,,,,0,14,0,0
semantic_trap,medium,5353,0,oracle,0,0,10,-5.35,94.5387,,0.0,0,,,,0,10,0,0
semantic_trap,medium,5353,1,oracle,0,0,40,-2.2126,26.6232,,0.0,0,,,,0,40,0,0
semantic_trap,medium,5353,2,oracle,0,0,40,-2.1463,27.553,,0.0,0,,,,0,40,0,0
semantic_trap,medium,5353,3,oracle,0,0,40,-2.14,31.4872,,0.0,0,,,,0,40,0,0
semantic_trap,medium,5353,4,oracle,0,0,40,-2.2626,28.344,,0.0,0,,,,0,40,0,0
semantic_trap,medium,5353,5,oracle,0,0,40,-2.1795,26.2593,,0.0,0,,,,0,40,0,0
semantic_trap,medium,5353,6,oracle,0,0,40,-2.2063,29.5492,,0.0,0,,,,0,40,0,0
semantic_trap,medium,5353,7,oracle,0,0,40,-2.14,32.5012,,0.0,0,,,,0,40,0,0
semantic_trap,medium,5353,8,oracle,0,0,40,-2.3389,28.5433,,0.0,0,,,,0,40,0,0
semantic_trap,medium,5353,9,oracle,0,0,40,-2.2463,31.526,,0.0,0,,,,0,40,0,0
semantic_trap,medium,5353,0,oracle_cause,0,0,10,-5.35,583.652,,0.0,0,,,,10,0,0,0
semantic_trap,medium,5353,1,oracle_cause,0,0,10,-5.35,583.652,,0.0,0,,,,10,0,0,0
semantic_trap,medium,5353,2,oracle_cause,0,0,40,-2.2326,128.0934,,0.0,0,,,,40,0,0,0
semantic_trap,medium,5353,3,oracle_cause,0,0,40,-2.2395,149.1773,,0.0,0,,,,40,0,0,0
semantic_trap,medium,5353,4,oracle_cause,0,0,40,-2.2195,141.9187,,0.0,0,,,,40,0,0,0
semantic_trap,medium,5353,5,oracle_cause,0,0,40,-2.1463,141.2351,,0.0,0,,,,40,0,0,0
semantic_trap,medium,5353,6,oracle_cause,1,1,18,10.82,482.2875,,0.0,0,,,,17,1,0,0
semantic_trap,medium,5353,7,oracle_cause,0,0,40,-2.1663,154.1844,,0.0,0,,,,40,0,0,0
semantic_trap,medium,5353,8,oracle_cause,0,0,40,-2.2326,133.8937,,0.0,0,,,,40,0,0,0
semantic_trap,medium,5353,9,oracle_cause,0,0,40,-2.1,181.2191,,0.0,0,,,,40,0,0,0
semantic_trap,medium,5353,0,particle,1,1,20,10.8,538.1,0.002967,1.0,20,0.9,,0.05,20,0,0,0
semantic_trap,medium,5353,1,particle,1,1,20,10.8,561.914,0.001561,1.0,20,0.85,,0.05,20,0,0,0
semantic_trap,medium,5353,2,particle,1,1,20,10.8,542.4183,0.00204,0.95,20,0.9,,0.05,20,0,0,0
semantic_trap,medium,5353,3,particle,0,0,40,-2.2063,158.1058,0.001465,1.0,40,1.0,,0.0,40,0,0,0
semantic_trap,medium,5353,4,particle,1,1,20,10.8,582.9058,0.003052,1.0,20,0.9,,0.05,20,0,0,0
semantic_trap,medium,5353,5,particle,0,0,40,-2.3126,139.5587,0.001464,1.0,40,1.0,,0.0,40,0,0,0
semantic_trap,medium,5353,6,particle,1,1,19,10.82,569.2891,0.001244,1.0,19,0.8947,,0.0526,19,0,0,0
semantic_trap,medium,5353,7,particle,0,0,40,-2.2526,135.3891,0.001287,1.0,40,1.0,,0.0,40,0,0,0
semantic_trap,medium,5353,8,particle,0,0,40,-2.1795,131.4093,0.0011,1.0,40,1.0,,0.0,40,0,0,0
semantic_trap,medium,5353,9,particle,0,0,40,-2.12,183.8451,0.001776,1.0,40,1.0,,0.0,40,0,0,0
semantic_trap,medium,6353,0,no_teacher,1,1,18,10.82,594.4345,,0.0,0,,,,18,0,0,0
semantic_trap,medium,6353,1,no_teacher,0,0,40,-2.2197,138.4547,,0.0,0,,,,40,0,0,0
semantic_trap,medium,6353,2,no_teacher,0,0,40,-2.2397,145.3009,,0.0,0,,,,40,0,0,0
semantic_trap,medium,6353,3,no_teacher,0,0,40,-2.2348,151.2437,,0.0,0,,,,40,0,0,0
semantic_trap,medium,6353,4,no_teacher,0,0,40,-2.1797,134.9425,,0.0,0,,,,40,0,0,0
semantic_trap,medium,6353,5,no_teacher,0,0,40,-2.1948,154.3498,,0.0,0,,,,40,0,0,0
semantic_trap,medium,6353,6,no_teacher,0,0,40,-2.2197,144.317,,0.0,0,,,,40,0,0,0
semantic_trap,medium,6353,7,no_teacher,0,0,40,-2.1298,146.7856,,0.0,0,,,,40,0,0,0
semantic_trap,medium,6353,8,no_teacher,0,0,40,-2.1698,156.1918,,0.0,0,,,,40,0,0,0
semantic_trap,medium,6353,9,no_teacher,0,0,9,-5.34,559.5354,,0.0,0,,,,9,0,0,0
semantic_trap,medium,6353,0,always_help,1,1,20,10.82,119.5772,,0.0,0,,,,0,20,0,0
semantic_trap,medium,6353,1,always_help,0,0,12,-5.37,133.5698,,0.0,0,,,,0,12,0,0
semantic_trap,medium,6353,2,always_help,0,0,40,-2.2298,51.089,,0.0,0,,,,0,40,0,0
semantic_trap,medium,6353,3,always_help,0,0,11,-5.34,124.8796,,0.0,0,,,,0,11,0,0
semantic_trap,medium,6353,4,always_help,0,0,40,-2.12,54.7825,,0.0,0,,,,0,40,0,0
semantic_trap,medium,6353,5,always_help,0,0,40,-2.1948,49.4937,,0.0,0,,,,0,40,0,0
semantic_trap,medium,6353,6,always_help,0,0,40,-2.1748,50.1129,,0.0,0,,,,0,40,0,0
semantic_trap,medium,6353,7,always_help,0,0,40,-2.1898,51.8026,,0.0,0,,,,0,40,0,0
semantic_trap,medium,6353,8,always_help,0,0,40,-2.2197,50.4527,,0.0,0,,,,0,40,0,0
semantic_trap,medium,6353,9,always_help,0,0,12,-5.37,129.3418,,0.0,0,,,,0,12,0,0
semantic_trap,medium,6353,0,oracle,0,0,40,-2.1748,28.2162,,0.0,0,,,,0,40,0,0
semantic_trap,medium,6353,1,oracle,0,0,40,-2.14,32.2941,,0.0,0,,,,0,40,0,0
semantic_trap,medium,6353,2,oracle,0,0,40,-2.2098,29.58,,0.0,0,,,,0,40,0,0
semantic_trap,medium,6353,3,oracle,0,0,40,-2.2397,28.8828,,0.0,0,,,,0,40,0,0
semantic_trap,medium,6353,4,oracle,0,0,40,-2.08,28.5607,,0.0,0,,,,0,40,0,0
semantic_trap,medium,6353,5,oracle,1,1,20,10.8,88.6987,,0.0,0,,,,0,20,0,0
semantic_trap,medium,6353,6,oracle,0,0,40,-2.2297,28.9714,,0.0,0,,,,0,40,0,0
semantic_trap,medium,6353,7,oracle,0,0,40,-2.1398,26.9525,,0.0,0,,,,0,40,0,0
semantic_trap,medium,6353,8,oracle,0,0,40,-2.2098,31.3787,,0.0,0,,,,0,40,0,0
semantic_trap,medium,6353,9,oracle,0,0,40,-2.2197,30.162,,0.0,0,,,,0,40,0,0
semantic_trap,medium,6353,0,oracle_cause,0,0,40,-2.1797,134.9425,,0.0,0,,,,40,0,0,0
semantic_trap,medium,6353,1,oracle_cause,1,1,20,10.8,548.4085,,0.0,0,,,,20,0,0,0
semantic_trap,medium,6353,2,oracle_cause,0,0,9,-5.34,565.1201,,0.0,0,,,,9,0,0,0
semantic_trap,medium,6353,3,oracle_cause,0,0,11,-5.36,489.6044,,0.0,0,,,,11,0,0,0
semantic_trap,medium,6353,4,oracle_cause,0,0,12,-5.37,584.7351,,0.0,0,,,,12,0,0,0
semantic_trap,medium,6353,5,oracle_cause,0,0,40,-2.1548,138.2495,,0.0,0,,,,40,0,0,0
semantic_trap,medium,6353,6,oracle_cause,0,0,10,-5.35,518.633,,0.0,0,,,,10,0,0,0
semantic_trap,medium,6353,7,oracle_cause,0,0,40,-2.2197,136.7992,,0.0,0,,,,40,0,0,0
semantic_trap,medium,6353,8,oracle_cause,0,0,40,-2.1898,159.8083,,0.0,0,,,,40,0,0,0
semantic_trap,medium,6353,9,oracle_cause,0,0,40,-2.1748,146.4941,,0.0,0,,,,40,0,0,0
semantic_trap,medium,6353,0,particle,0,0,40,-2.2597,147.8616,0.002354,1.0,40,1.0,,0.0,40,0,0,0
semantic_trap,medium,6353,1,particle,0,0,40,-2.1797,134.5398,0.001274,1.0,40,1.0,,0.0,40,0,0,0
semantic_trap,medium,6353,2,particle,0,0,10,-5.35,580.101,0.001298,1.0,10,1.0,,0.0,10,0,0,0
semantic_trap,medium,6353,3,particle,1,1,19,10.82,561.0479,0.00351,1.0,19,0.8421,,0.0526,19,0,0,0
semantic_trap,medium,6353,4,particle,0,0,8,-5.33,556.8579,0.000857,1.0,8,1.0,,0.0,8,0,0,0
semantic_trap,medium,6353,5,particle,0,0,9,-5.34,565.1201,0.001169,1.0,9,1.0,,0.0,9,0,0,0
semantic_trap,medium,6353,6,particle,0,0,40,-2.1498,154.6665,0.003014,1.0,40,1.0,,0.0,40,0,0,0
semantic_trap,medium,6353,7,particle,0,0,9,-5.34,559.5354,0.000857,1.0,9,1.0,,0.0,9,0,0,0
semantic_trap,medium,6353,8,particle,0,0,40,-2.12,183.3519,0.001096,1.0,40,1.0,,0.0,40,0,0,0
semantic_trap,medium,6353,9,particle,1,1,19,10.82,571.3527,0.002009,1.0,19,0.8421,,0.0526,19,0,0,0
semantic_trap,medium,7353,0,no_teacher,0,0,40,-2.121,149.3439,,0.0,0,,,,40,0,0,0
semantic_trap,medium,7353,1,no_teacher,0,0,40,-2.121,154.0944,,0.0,0,,,,40,0,0,0
semantic_trap,medium,7353,2,no_teacher,0,0,40,-2.182,141.5509,,0.0,0,,,,40,0,0,0
semantic_trap,medium,7353,3,no_teacher,0,0,40,-2.121,149.3439,,0.0,0,,,,40,0,0,0
semantic_trap,medium,7353,4,no_teacher,0,0,40,-2.121,154.0944,,0.0,0,,,,40,0,0,0
semantic_trap,medium,7353,5,no_teacher,0,0,40,-2.202,155.6335,,0.0,0,,,,40,0,0,0
semantic_trap,medium,7353,6,no_teacher,0,0,40,-2.2015,164.3936,,0.0,0,,,,40,0,0,0
semantic_trap,medium,7353,7,no_teacher,0,0,40,-2.161,156.6576,,0.0,0,,,,40,0,0,0
semantic_trap,medium,7353,8,no_teacher,0,0,40,-2.2225,136.2959,,0.0,0,,,,40,0,0,0
semantic_trap,medium,7353,9,no_teacher,0,0,40,-2.221,171.0759,,0.0,0,,,,40,0,0,0
semantic_trap,medium,7353,0,always_help,0,0,40,-2.161,50.909,,0.0,0,,,,0,40,0,0
semantic_trap,medium,7353,1,always_help,0,0,40,-2.121,50.5496,,0.0,0,,,,0,40,0,0
semantic_trap,medium,7353,2,always_help,0,0,40,-2.2415,51.7885,,0.0,0,,,,0,40,0,0
semantic_trap,medium,7353,3,always_help,0,0,40,-2.161,53.1747,,0.0,0,,,,0,40,0,0
semantic_trap,medium,7353,4,always_help,0,0,40,-2.1415,49.0864,,0.0,0,,,,0,40,0,0
semantic_trap,medium,7353,5,always_help,0,0,40,-2.1815,53.3571,,0.0,0,,,,0,40,0,0
semantic_trap,medium,7353,6,always_help,0,0,40,-2.1615,49.9103,,0.0,0,,,,0,40,0,0
semantic_trap,medium,7353,7,always_help,0,0,40,-2.202,50.0648,,0.0,0,,,,0,40,0,0
semantic_trap,medium,7353,8,always_help,0,0,40,-2.2315,54.1219,,0.0,0,,,,0,40,0,0
semantic_trap,medium,7353,9,always_help,0,0,40,-2.1615,50.845,,0.0,0,,,,0,40,0,0
semantic_trap,medium,7353,0,oracle,0,0,40,-2.201,30.927,,0.0,0,,,,0,40,0,0
semantic_trap,medium,7353,1,oracle,0,0,40,-2.1615,26.9986,,0.0,0,,,,0,40,0,0
semantic_trap,medium,7353,2,oracle,0,0,40,-2.182,28.652,,0.0,0,,,,0,40,0,0
semantic_trap,medium,7353,3,oracle,0,0,40,-2.141,28.6057,,0.0,0,,,,0,40,0,0
semantic_trap,medium,7353,4,oracle,0,0,40,-2.121,27.8388,,0.0,0,,,,0,40,0,0
semantic_trap,medium,7353,5,oracle,0,0,40,-2.162,27.1664,,0.0,0,,,,0,40,0,0
semantic_trap,medium,7353,6,oracle,0,0,40,-2.2015,30.2698,,0.0,0,,,,0,40,0,0
semantic_trap,medium,7353,7,oracle,0,0,40,-2.202,29.2632,,0.0,0,,,,0,40,0,0
semantic_trap,medium,7353,8,oracle,0,0,40,-2.161,28.9115,,0.0,0,,,,0,40,0,0
semantic_trap,medium,7353,9,oracle,0,0,40,-2.1815,28.7525,,0.0,0,,,,0,40,0,0
semantic_trap,medium,7353,0,oracle_cause,0,0,40,-2.243,147.2492,,0.0,0,,,,40,0,0,0
semantic_trap,medium,7353,1,oracle_cause,0,0,40,-2.182,141.5509,,0.0,0,,,,40,0,0,0
semantic_trap,medium,7353,2,oracle_cause,0,0,40,-2.222,145.1339,,0.0,0,,,,40,0,0,0
semantic_trap,medium,7353,3,oracle_cause,0,0,40,-2.182,147.9606,,0.0,0,,,,40,0,0,0
semantic_trap,medium,7353,4,oracle_cause,0,0,40,-2.141,163.0365,,0.0,0,,,,40,0,0,0
semantic_trap,medium,7353,5,oracle_cause,0,0,40,-2.201,168.1022,,0.0,0,,,,40,0,0,0
semantic_trap,medium,7353,6,oracle_cause,0,0,40,-2.141,163.0365,,0.0,0,,,,40,0,0,0
semantic_trap,medium,7353,7,oracle_cause,0,0,40,-2.182,141.5509,,0.0,0,,,,40,0,0,0
semantic_trap,medium,7353,8,oracle_cause,0,0,40,-2.182,147.9606,,0.0,0,,,,40,0,0,0
semantic_trap,medium,7353,9,oracle_cause,0,0,40,-2.223,136.086,,0.0,0,,,,40,0,0,0
semantic_trap,medium,7353,0,particle,0,0,40,-2.1415,142.7154,0.001218,1.0,40,1.0,,0.0,40,0,0,0
semantic_trap,medium,7353,1,particle,0,0,40,-2.1815,153.6217,0.001465,1.0,40,1.0,,0.0,40,0,0,0
semantic_trap,medium,7353,2,particle,0,0,40,-2.1815,152.5627,0.001186,1.0,40,1.0,,0.0,40,0,0,0
semantic_trap,medium,7353,3,particle,0,0,40,-2.121,149.7293,0.001634,1.0,40,1.0,,0.0,40,0,0,0
semantic_trap,medium,7353,4,particle,0,0,40,-2.263,141.7211,0.001221,1.0,40,1.0,,0.0,40,0,0,0
semantic_trap,medium,7353,5,particle,0,0,40,-2.182,141.5509,0.001809,1.0,40,1.0,,0.0,40,0,0,0
semantic_trap,medium,7353,6,particle,0,0,40,-2.2215,163.543,0.00136,1.0,40,1.0,,0.0,40,0,0,0
semantic_trap,medium,7353,7,particle,0,0,40,-2.202,150.6446,0.001416,1.0,40,1.0,,0.0,40,0,0,0
semantic_trap,medium,7353,8,particle,0,0,40,-2.202,148.2,0.001222,1.0,40,1.0,,0.0,40,0,0,0
semantic_trap,medium,7353,9,particle,0,0,40,-2.2015,161.227,0.00153,1.0,40,1.0,,0.0,40,0,0,0
semantic_trap,hard,3353,0,no_teacher,0,0,35,-2.1,203.882,,0.0,0,,,,35,0,0,0
semantic_trap,hard,3353,1,no_teacher,0,0,35,-2.2316,139.9552,,0.0,0,,,,35,0,0,0
semantic_trap,hard,3353,2,no_teacher,0,0,9,-5.44,562.6187,,0.0,0,,,,9,0,0,0
semantic_trap,hard,3353,3,no_teacher,0,0,35,-2.2087,153.5711,,0.0,0,,,,35,0,0,0
semantic_trap,hard,3353,4,no_teacher,0,0,9,-5.44,568.0256,,0.0,0,,,,9,0,0,0
semantic_trap,hard,3353,5,no_teacher,0,0,9,-5.44,568.4325,,0.0,0,,,,9,0,0,0
semantic_trap,hard,3353,6,no_teacher,1,1,18,10.82,575.6722,,0.0,0,,,,18,0,0,0
semantic_trap,hard,3353,7,no_teacher,0,0,9,-5.44,568.0256,,0.0,0,,,,9,0,0,0
semantic_trap,hard,3353,8,no_teacher,0,0,35,-2.2187,148.1648,,0.0,0,,,,35,0,0,0
semantic_trap,hard,3353,9,no_teacher,0,0,9,-5.44,568.0256,,0.0,0,,,,9,0,0,0
semantic_trap,hard,3353,0,always_help,0,0,9,-5.44,151.1368,,0.0,0,,,,0,9,0,0
semantic_trap,hard,3353,1,always_help,0,0,11,-5.46,144.8469,,0.0,0,,,,0,11,0,0
semantic_trap,hard,3353,2,always_help,0,0,35,-2.1658,58.9678,,0.0,0,,,,0,35,0,0
semantic_trap,hard,3353,3,always_help,0,0,35,-2.1787,56.6289,,0.0,0,,,,0,35,0,0
semantic_trap,hard,3353,4,always_help,0,0,35,-2.1787,56.788,,0.0,0,,,,0,35,0,0
semantic_trap,hard,3353,5,always_help,0,0,35,-2.2587,61.0673,,0.0,0,,,,0,35,0,0
semantic_trap,hard,3353,6,always_help,0,0,35,-2.1,62.0948,,0.0,0,,,,0,35,0,0
semantic_trap,hard,3353,7,always_help,0,0,35,-2.2387,58.1672,,0.0,0,,,,0,35,0,0
semantic_trap,hard,3353,8,always_help,0,0,9,-5.44,150.1778,,0.0,0,,,,0,9,0,0
semantic_trap,hard,3353,9,always_help,0,0,9,-5.44,151.1368,,0.0,0,,,,0,9,0,0
semantic_trap,hard,3353,0,oracle,0,0,35,-2.1658,32.7086,,0.0,0,,,,0,35,0,0
semantic_trap,hard,3353,1,oracle,0,0,35,-2.1787,29.3695,,0.0,0,,,,0,35,0,0
semantic_trap,hard,3353,2,oracle,0,0,10,-5.45,93.3258,,0.0,0,,,,0,10,0,0
semantic_trap,hard,3353,3,oracle,0,0,35,-2.2316,30.0285,,0.0,0,,,,0,35,0,0
semantic_trap,hard,3353,4,oracle,0,0,35,-2.1458,29.9196,,0.0,0,,,,0,35,0,0
semantic_trap,hard,3353,5,oracle,0,0,35,-2.1787,29.3695,,0.0,0,,,,0,35,0,0
semantic_trap,hard,3353,6,oracle,0,0,9,-5.44,94.6718,,0.0,0,,,,0,9,0,0
semantic_trap,hard,3353,7,oracle,0,0,35,-2.2316,31.3684,,0.0,0,,,,0,35,0,0
semantic_trap,hard,3353,8,oracle,0,0,35,-2.2316,31.3684,,0.0,0,,,,0,35,0,0
semantic_trap,hard,3353,9,oracle,0,0,35,-2.1987,31.3399,,0.0,0,,,,0,35,0,0
semantic_trap,hard,3353,0,oracle_cause,0,0,9,-5.44,565.2951,,0.0,0,,,,9,0,0,0
semantic_trap,hard,3353,1,oracle_cause,0,0,35,-2.1,194.7393,,0.0,0,,,,35,0,0,0
semantic_trap,hard,3353,2,oracle_cause,0,0,35,-2.1987,152.5374,,0.0,0,,,,35,0,0,0
semantic_trap,hard,3353,3,oracle_cause,0,0,35,-2.2658,194.4833,,0.0,0,,,,35,0,0,0
semantic_trap,hard,3353,4,oracle_cause,0,0,8,-5.43,553.3892,,0.0,0,,,,8,0,0,0
semantic_trap,hard,3353,5,oracle_cause,0,0,11,-5.46,575.0913,,0.0,0,,,,11,0,0,0
semantic_trap,hard,3353,6,oracle_cause,0,0,35,-2.12,207.2674,,0.0,0,,,,35,0,0,0
semantic_trap,hard,3353,7,oracle_cause,0,0,35,-2.2116,137.9732,,0.0,0,,,,35,0,0,0
semantic_trap,hard,3353,8,oracle_cause,0,0,35,-2.1558,155.8443,,0.0,0,,,,35,0,0,0
semantic_trap,hard,3353,9,oracle_cause,0,0,9,-5.44,559.5354,,0.0,0,,,,9,0,0,0
semantic_trap,hard,3353,0,particle,0,0,35,-2.1987,145.7917,0.00183,1.0,35,1.0,,0.0,35,0,0,0
semantic_trap,hard,3353,1,particle,0,0,35,-2.2116,137.1139,0.002359,1.0,35,1.0,,0.0,35,0,0,0
semantic_trap,hard,3353,2,particle,0,0,35,-2.2358,179.0375,0.000829,1.0,35,1.0,,0.0,35,0,0,0
semantic_trap,hard,3353,3,particle,0,0,35,-2.12,208.0538,0.002847,1.0,35,1.0,,0.0,35,0,0,0
semantic_trap,hard,3353,4,particle,0,0,35,-2.1658,170.3719,0.001539,1.0,35,1.0,,0.0,35,0,0,0
semantic_trap,hard,3353,5,particle,1,1,20,10.8,539.2418,0.001888,1.0,20,0.85,,0.05,20,0,0,0
semantic_trap,hard,3353,6,particle,0,0,8,-5.43,554.3015,0.000922,1.0,8,1.0,,0.0,8,0,0,0
semantic_trap,hard,3353,7,particle,0,0,35,-2.08,192.4278,0.002699,1.0,35,1.0,,0.0,35,0,0,0
semantic_trap,hard,3353,8,particle,0,0,9,-5.44,568.4325,0.000804,1.0,9,1.0,,0.0,9,0,0,0
semantic_trap,hard,3353,9,particle,0,0,9,-5.44,570.7048,0.001158,1.0,9,1.0,,0.0,9,0,0,0
semantic_trap,hard,4353,0,no_teacher,0,0,35,-2.2026,153.6887,,0.0,0,,,,35,0,0,0
semantic_trap,hard,4353,1,no_teacher,0,0,35,-2.2501,156.5916,,0.0,0,,,,35,0,0,0
semantic_trap,hard,4353,2,no_teacher,0,0,35,-2.1826,159.2965,,0.0,0,,,,35,0,0,0
semantic_trap,hard,4353,3,no_teacher,0,0,35,-2.175,178.5199,,0.0,0,,,,35,0,0,0
semantic_trap,hard,4353,4,no_teacher,0,0,35,-2.1901,143.5219,,0.0,0,,,,35,0,0,0
semantic_trap,hard,4353,5,no_teacher,0,0,35,-2.175,172.2993,,0.0,0,,,,35,0,0,0
semantic_trap,hard,4353,6,no_teacher,0,0,35,-2.155,170.1066,,0.0,0,,,,35,0,0,0
semantic_trap,hard,4353,7,no_teacher,0,0,35,-2.2851,139.499,,0.0,0,,,,35,0,0,0
semantic_trap,hard,4353,8,no_teacher,0,0,35,-2.155,174.8941,,0.0,0,,,,35,0,0,0
semantic_trap,hard,4353,9,no_teacher,0,0,35,-2.2101,155.5087,,0.0,0,,,,35,0,0,0
semantic_trap,hard,4353,0,always_help,0,0,35,-2.175,59.5514,,0.0,0,,,,0,35,0,0
semantic_trap,hard,4353,1,always_help,0,0,35,-2.155,58.7793,,0.0,0,,,,0,35,0,0
semantic_trap,hard,4353,2,always_help,0,0,35,-2.2101,57.3546,,0.0,0,,,,0,35,0,0
semantic_trap,hard,4353,3,always_help,0,0,35,-2.3051,61.8515,,0.0,0,,,,0,35,0,0
semantic_trap,hard,4353,4,always_help,0,0,35,-2.1826,58.5047,,0.0,0,,,,0,35,0,0
semantic_trap,hard,4353,5,always_help,0,0,35,-2.1826,58.3487,,0.0,0,,,,0,35,0,0
semantic_trap,hard,4353,6,always_help,0,0,35,-2.155,59.7433,,0.0,0,,,,0,35,0,0
semantic_trap,hard,4353,7,always_help,0,0,35,-2.2226,59.1745,,0.0,0,,,,0,35,0,0
semantic_trap,hard,4353,8,always_help,0,0,35,-2.175,59.5426,,0.0,0,,,,0,35,0,0
semantic_trap,hard,4353,9,always_help,0,0,35,-2.175,57.9394,,0.0,0,,,,0,35,0,0
semantic_trap,hard,4353,0,oracle,0,0,35,-2.2401,32.1335,,0.0,0,,,,0,35,0,0
semantic_trap,hard,4353,1,oracle,0,0,35,-2.175,32.3841,,0.0,0,,,,0,35,0,0
semantic_trap,hard,4353,2,oracle,0,0,35,-2.2501,32.577,,0.0,0,,,,0,35,0,0
semantic_trap,hard,4353,3,oracle,0,0,35,-2.2301,32.1335,,0.0,0,,,,0,35,0,0
semantic_trap,hard,4353,4,oracle,0,0,35,-2.175,33.2743,,0.0,0,,,,0,35,0,0
semantic_trap,hard,4353,5,oracle,0,0,35,-2.175,32.3018,,0.0,0,,,,0,35,0,0
semantic_trap,hard,4353,6,oracle,0,0,35,-2.135,30.9812,,0.0,0,,,,0,35,0,0
semantic_trap,hard,4353,7,oracle,0,0,35,-2.2501,33.9734,,0.0,0,,,,0,35,0,0
semantic_trap,hard,4353,8,oracle,0,0,35,-2.155,31.8101,,0.0,0,,,,0,35,0,0
semantic_trap,hard,4353,9,oracle,0,0,35,-2.195,34.1598,,0.0,0,,,,0,35,0,0
semantic_trap,hard,4353,0,oracle_cause,0,0,35,-2.1901,143.9508,,0.0,0,,,,35,0,0,0
semantic_trap,hard,4353,1,oracle_cause,0,0,35,-2.175,176.69,,0.0,0,,,,35,0,0,0
semantic_trap,hard,4353,2,oracle_cause,0,0,35,-2.155,166.555,,0.0,0,,,,35,0,0,0
semantic_trap,hard,4353,3,oracle_cause,0,0,35,-2.1626,149.8151,,0.0,0,,,,35,0,0,0
semantic_trap,hard,4353,4,oracle_cause,0,0,35,-2.175,177.0354,,0.0,0,,,,35,0,0,0
semantic_trap,hard,4353,5,oracle_cause,0,0,35,-2.155,169.4415,,0.0,0,,,,35,0,0,0
semantic_trap,hard,4353,6,oracle_cause,0,0,35,-2.2301,146.6765,,0.0,0,,,,35,0,0,0
semantic_trap,hard,4353,7,oracle_cause,0,0,35,-2.175,176.69,,0.0,0,,,,35,0,0,0
semantic_trap,hard,4353,8,oracle_cause,0,0,35,-2.1826,158.6204,,0.0,0,,,,35,0,0,0
semantic_trap,hard,4353,9,oracle_cause,0,0,35,-2.2851,133.263,,0.0,0,,,,35,0,0,0
semantic_trap,hard,4353,0,particle,0,0,35,-2.2101,152.9849,0.00138,1.0,35,1.0,,0.0,35,0,0,0
semantic_trap,hard,4353,1,particle,0,0,35,-2.175,173.1502,0.001822,1.0,35,1.0,,0.0,35,0,0,0
semantic_trap,hard,4353,2,particle,0,0,35,-2.185,172.9483,0.002367,1.0,35,1.0,,0.0,35,0,0,0
semantic_trap,hard,4353,3,particle,0,0,35,-2.1901,143.9508,0.001844,1.0,35,1.0,,0.0,35,0,0,0
semantic_trap,hard,4353,4,particle,0,0,35,-2.2101,155.9334,0.000959,1.0,35,1.0,,0.0,35,0,0,0
semantic_trap,hard,4353,5,particle,0,0,35,-2.175,171.8615,0.001219,1.0,35,1.0,,0.0,35,0,0,0
semantic_trap,hard,4353,6,particle,0,0,35,-2.175,184.8183,0.001434,1.0,35,1.0,,0.0,35,0,0,0
semantic_trap,hard,4353,7,particle,0,0,35,-2.155,174.5115,0.001278,1.0,35,1.0,,0.0,35,0,0,0
semantic_trap,hard,4353,8,particle,0,0,35,-2.155,170.1066,0.00191,1.0,35,1.0,,0.0,35,0,0,0
semantic_trap,hard,4353,9,particle,0,0,35,-2.1901,143.9508,0.001277,1.0,35,1.0,,0.0,35,0,0,0
semantic_trap,hard,5353,0,no_teacher,0,0,10,-5.45,583.652,,0.0,0,,,,10,0,0,0
semantic_trap,hard,5353,1,no_teacher,0,0,35,-2.2395,155.2933,,0.0,0,,,,35,0,0,0
semantic_trap,hard,5353,2,no_teacher,0,0,11,-5.45,538.027,,0.0,0,,,,11,0,0,0
semantic_trap,hard,5353,3,no_teacher,0,0,8,-5.43,563.3984,,0.0,0,,,,8,0,0,0
semantic_trap,hard,5353,4,no_teacher,0,0,35,-2.2326,138.8501,,0.0,0,,,,35,0,0,0
semantic_trap,hard,5353,5,no_teacher,0,0,35,-2.14,217.9026,,0.0,0,,,,35,0,0,0
semantic_trap,hard,5353,6,no_teacher,0,0,35,-2.1995,145.5428,,0.0,0,,,,35,0,0,0
semantic_trap,hard,5353,7,no_teacher,0,0,10,-5.45,578.0559,,0.0,0,,,,10,0,0,0
semantic_trap,hard,5353,8,no_teacher,0,0,10,-5.45,578.0559,,0.0,0,,,,10,0,0,0
semantic_trap,hard,5353,9,no_teacher,0,0,35,-2.2126,137.2321,,0.0,0,,,,35,0,0,0
semantic_trap,hard,5353,0,always_help,0,0,35,-2.2526,57.8907,,0.0,0,,,,0,35,0,0
semantic_trap,hard,5353,1,always_help,0,0,35,-2.2858,56.2597,,0.0,0,,,,0,35,0,0
semantic_trap,hard,5353,2,always_help,0,0,11,-5.44,132.7344,,0.0,0,,,,0,11,0,0
semantic_trap,hard,5353,3,always_help,1,1,19,10.82,127.1654,,0.0,0,,,,0,19,0,0
semantic_trap,hard,5353,4,always_help,0,0,35,-2.2526,57.6334,,0.0,0,,,,0,35,0,0
semantic_trap,hard,5353,5,always_help,0,0,10,-5.44,135.4095,,0.0,0,,,,0,10,0,0
semantic_trap,hard,5353,6,always_help,0,0,35,-2.2526,56.4064,,0.0,0,,,,0,35,0,0
semantic_trap,hard,5353,7,always_help,0,0,35,-2.1863,59.1609,,0.0,0,,,,0,35,0,0
semantic_trap,hard,5353,8,always_help,0,0,11,-5.43,130.8566,,0.0,0,,,,0,11,0,0
semantic_trap,hard,5353,9,always_help,0,0,35,-2.1795,56.3196,,0.0,0,,,,0,35,0,0
semantic_trap,hard,5353,0,oracle,1,1,18,10.82,95.9458,,0.0,0,,,,0,18,0,0
semantic_trap,hard,5353,1,oracle,0,0,35,-2.2063,35.0263,,0.0,0,,,,0,35,0,0
semantic_trap,hard,5353,2,oracle,0,0,35,-2.1863,33.0367,,0.0,0,,,,0,35,0,0
semantic_trap,hard,5353,3,oracle,0,0,35,-2.1995,29.7419,,0.0,0,,,,0,35,0,0
semantic_trap,hard,5353,4,oracle,0,0,35,-2.1895,29.3593,,0.0,0,,,,0,35,0,0
semantic_trap,hard,5353,5,oracle,0,0,35,-2.2595,33.5954,,0.0,0,,,,0,35,0,0
semantic_trap,hard,5353,6,oracle,0,0,35,-2.2326,30.3775,,0.0,0,,,,0,35,0,0
semantic_trap,hard,5353,7,oracle,1,1,20,10.82,87.9264,,0.0,0,,,,0,20,0,0
semantic_trap,hard,5353,8,oracle,0,0,35,-2.1663,31.8058,,0.0,0,,,,0,35,0,0
semantic_trap,hard,5353,9,oracle,0,0,35,-2.2989,29.5288,,0.0,0,,,,0,35,0,0
semantic_trap,hard,5353,0,oracle_cause,0,0,8,-5.43,556.2033,,0.0,0,,,,8,0,0,0
semantic_trap,hard,5353,1,oracle_cause,0,0,35,-2.1863,167.212,,0.0,0,,,,35,0,0,0
semantic_trap,hard,5353,2,oracle_cause,0,0,10,-5.45,578.0559,,0.0,0,,,,10,0,0,0
semantic_trap,hard,5353,3,oracle_cause,0,0,35,-2.2326,145.5388,,0.0,0,,,,35,0,0,0
semantic_trap,hard,5353,4,oracle_cause,0,0,12,-5.47,497.764,,0.0,0,,,,12,0,0,0
semantic_trap,hard,5353,5,oracle_cause,0,0,35,-2.1863,171.9099,,0.0,0,,,,35,0,0,0
semantic_trap,hard,5353,6,oracle_cause,0,0,35,-2.2326,140.0822,,0.0,0,,,,35,0,0,0
semantic_trap,hard,5353,7,oracle_cause,0,0,35,-2.2195,168.2827,,0.0,0,,,,35,0,0,0
semantic_trap,hard,5353,8,oracle_cause,0,0,35,-2.1863,171.9099,,0.0,0,,,,35,0,0,0
semantic_trap,hard,5353,9,oracle_cause,0,0,35,-2.2395,163.9514,,0.0,0,,,,35,0,0,0
semantic_trap,hard,5353,0,particle,0,0,35,-2.1,194.7393,0.003956,1.0,35,1.0,,0.0,35,0,0,0
semantic_trap,hard,5353,1,particle,0,0,35,-2.1995,159.1321,0.001833,1.0,35,1.0,,0.0,35,0,0,0
semantic_trap,hard,5353,2,particle,0,0,35,-2.3821,121.7948,0.001825,1.0,35,1.0,,0.0,35,0,0,0
semantic_trap,hard,5353,3,particle,0,0,35,-2.1863,171.9099,0.001276,1.0,35,1.0,,0.0,35,0,0,0
semantic_trap,hard,5353,4,particle,0,0,35,-2.2195,164.7504,0.000882,1.0,35,1.0,,0.0,35,0,0,0
semantic_trap,hard,5353,5,particle,0,0,35,-2.1995,145.5428,0.001548,1.0,35,1.0,,0.0,35,0,0,0
semantic_trap,hard,5353,6,particle,0,0,35,-2.1463,160.3758,0.000884,1.0,35,1.0,,0.0,35,0,0,0
semantic_trap,hard,5353,7,particle,0,0,35,-2.2326,145.5388,0.001216,1.0,35,1.0,,0.0,35,0,0,0
semantic_trap,hard,5353,8,particle,0,0,35,-2.1663,158.4311,0.00206,1.0,35,1.0,,0.0,35,0,0,0
semantic_trap,hard,5353,9,particle,0,0,35,-2.1663,164.8575,0.002298,1.0,35,1.0,,0.0,35,0,0,0
semantic_trap,hard,6353,0,no_teacher,0,0,35,-2.1797,147.2878,,0.0,0,,,,35,0,0,0
semantic_trap,hard,6353,1,no_teacher,0,0,9,-5.44,574.6504,,0.0,0,,,,9,0,0,0
semantic_trap,hard,6353,2,no_teacher,0,0,35,-2.1548,151.9058,,0.0,0,,,,35,0,0,0
semantic_trap,hard,6353,3,no_teacher,1,1,18,10.82,591.0089,,0.0,0,,,,18,0,0,0
semantic_trap,hard,6353,4,no_teacher,0,0,35,-2.1898,176.2326,,0.0,0,,,,35,0,0,0
semantic_trap,hard,6353,5,no_teacher,0,0,9,-5.44,565.2951,,0.0,0,,,,9,0,0,0
semantic_trap,hard,6353,6,no_teacher,0,0,9,-5.44,562.0368,,0.0,0,,,,9,0,0,0
semantic_trap,hard,6353,7,no_teacher,0,0,35,-2.1997,149.0243,,0.0,0,,,,35,0,0,0
semantic_trap,hard,6353,8,no_teacher,0,0,35,-2.1948,164.718,,0.0,0,,,,35,0,0,0
semantic_trap,hard,6353,9,no_teacher,1,1,22,10.8,525.6471,,0.0,0,,,,22,0,0,0
semantic_trap,hard,6353,0,always_help,0,0,10,-5.45,152.8926,,0.0,0,,,,0,10,0,0
semantic_trap,hard,6353,1,always_help,0,0,9,-5.44,144.9174,,0.0,0,,,,0,9,0,0
semantic_trap,hard,6353,2,always_help,1,1,24,10.82,107.3928,,0.0,0,,,,0,24,0,0
semantic_trap,hard,6353,3,always_help,0,0,35,-2.1298,58.6107,,0.0,0,,,,0,35,0,0
semantic_trap,hard,6353,4,always_help,0,0,35,-2.1,60.3828,,0.0,0,,,,0,35,0,0
semantic_trap,hard,6353,5,always_help,0,0,9,-5.44,145.7839,,0.0,0,,,,0,9,0,0
semantic_trap,hard,6353,6,always_help,0,0,9,-5.44,151.1368,,0.0,0,,,,0,9,0,0
semantic_trap,hard,6353,7,always_help,0,0,8,-5.43,144.7738,,0.0,0,,,,0,8,0,0
semantic_trap,hard,6353,8,always_help,1,1,24,10.82,108.5252,,0.0,0,,,,0,24,0,0
semantic_trap,hard,6353,9,always_help,1,1,25,10.78,107.241,,0.0,0,,,,0,25,0,0
semantic_trap,hard,6353,0,oracle,0,0,9,-5.44,95.7759,,0.0,0,,,,0,9,0,0
semantic_trap,hard,6353,1,oracle,0,0,14,-5.49,86.8375,,0.0,0,,,,0,14,0,0
semantic_trap,hard,6353,2,oracle,0,0,35,-2.1498,30.6797,,0.0,0,,,,0,35,0,0
semantic_trap,hard,6353,3,oracle,0,0,9,-5.44,95.7759,,0.0,0,,,,0,9,0,0
semantic_trap,hard,6353,4,oracle,0,0,9,-5.44,94.6336,,0.0,0,,,,0,9,0,0
semantic_trap,hard,6353,5,oracle,0,0,9,-5.44,94.2167,,0.0,0,,,,0,9,0,0
semantic_trap,hard,6353,6,oracle,0,0,35,-2.1498,34.2629,,0.0,0,,,,0,35,0,0
semantic_trap,hard,6353,7,oracle,0,0,35,-2.1997,31.9319,,0.0,0,,,,0,35,0,0
semantic_trap,hard,6353,8,oracle,0,0,35,-2.1997,30.4644,,0.0,0,,,,0,35,0,0
semantic_trap,hard,6353,9,oracle,0,0,8,-5.43,93.3124,,0.0,0,,,,0,8,0,0
semantic_trap,hard,6353,0,oracle_cause,0,0,35,-2.1797,147.2878,,0.0,0,,,,35,0,0,0
semantic_trap,hard,6353,1,oracle_cause,0,0,35,-2.2348,175.023,,0.0,0,,,,35,0,0,0
semantic_trap,hard,6353,2,oracle_cause,0,0,35,-2.1498,172.324,,0.0,0,,,,35,0,0,0
semantic_trap,hard,6353,3,oracle_cause,1,1,20,10.8,566.2026,,0.0,0,,,,20,0,0,0
semantic_trap,hard,6353,4,oracle_cause,0,0,35,-2.1997,148.3982,,0.0,0,,,,35,0,0,0
semantic_trap,hard,6353,5,oracle_cause,0,0,35,-2.1548,152.5726,,0.0,0,,,,35,0,0,0
semantic_trap,hard,6353,6,oracle_cause,0,0,9,-5.44,554.5326,,0.0,0,,,,9,0,0,0
semantic_trap,hard,6353,7,oracle_cause,0,0,35,-2.1548,152.3521,,0.0,0,,,,35,0,0,0
semantic_trap,hard,6353,8,oracle_cause,1,1,19,10.82,552.4473,,0.0,0,,,,19,0,0,0
semantic_trap,hard,6353,9,oracle_cause,0,0,35,-2.1997,149.0243,,0.0,0,,,,35,0,0,0
semantic_trap,hard,6353,0,particle,1,1,21,10.8,527.1098,0.001724,1.0,21,0.8571,,0.0476,21,0,0,0
semantic_trap,hard,6353,1,particle,0,0,35,-2.1498,164.2105,0.001062,1.0,35,1.0,,0.0,35,0,0,0
semantic_trap,hard,6353,2,particle,0,0,9,-5.44,568.0256,0.00114,1.0,9,1.0,,0.0,9,0,0,0
semantic_trap,hard,6353,3,particle,0,0,35,-2.1997,149.0243,0.001152,1.0,35,1.0,,0.0,35,0,0,0
semantic_trap,hard,6353,4,particle,0,0,35,-2.2895,146.1981,0.001014,1.0,35,1.0,,0.0,35,0,0,0
semantic_trap,hard,6353,5,particle,0,0,35,-2.1748,153.9242,0.001712,1.0,35,1.0,,0.0,35,0,0,0
semantic_trap,hard,6353,6,particle,0,0,9,-5.44,559.5354,0.000978,1.0,9,1.0,,0.0,9,0,0,0
semantic_trap,hard,6353,7,particle,0,0,8,-5.43,553.3892,0.001218,1.0,8,1.0,,0.0,8,0,0,0
semantic_trap,hard,6353,8,particle,0,0,35,-2.2197,165.2522,0.002422,1.0,35,1.0,,0.0,35,0,0,0
semantic_trap,hard,6353,9,particle,0,0,9,-5.44,567.7965,0.000944,1.0,9,1.0,,0.0,9,0,0,0
semantic_trap,hard,7353,0,no_teacher,0,0,35,-2.121,170.7609,,0.0,0,,,,35,0,0,0
semantic_trap,hard,7353,1,no_teacher,0,0,35,-2.2015,165.8793,,0.0,0,,,,35,0,0,0
semantic_trap,hard,7353,2,no_teacher,0,0,35,-2.181,192.3923,,0.0,0,,,,35,0,0,0
semantic_trap,hard,7353,3,no_teacher,0,0,35,-2.1615,166.3314,,0.0,0,,,,35,0,0,0
semantic_trap,hard,7353,4,no_teacher,0,0,35,-2.141,175.5328,,0.0,0,,,,35,0,0,0
semantic_trap,hard,7353,5,no_teacher,0,0,35,-2.141,175.5328,,0.0,0,,,,35,0,0,0
semantic_trap,hard,7353,6,no_teacher,0,0,35,-2.1815,180.8448,,0.0,0,,,,35,0,0,0
semantic_trap,hard,7353,7,no_teacher,0,0,35,-2.1515,156.9304,,0.0,0,,,,35,0,0,0
semantic_trap,hard,7353,8,no_teacher,0,0,35,-2.121,165.7321,,0.0,0,,,,35,0,0,0
semantic_trap,hard,7353,9,no_teacher,0,0,35,-2.222,174.6056,,0.0,0,,,,35,0,0,0
semantic_trap,hard,7353,0,always_help,0,0,35,-2.1415,57.7002,,0.0,0,,,,0,35,0,0
semantic_trap,hard,7353,1,always_help,0,0,35,-2.1815,58.8676,,0.0,0,,,,0,35,0,0
semantic_trap,hard,7353,2,always_help,0,0,35,-2.1615,57.6205,,0.0,0,,,,0,35,0,0
semantic_trap,hard,7353,3,always_help,0,0,35,-2.2425,59.7317,,0.0,0,,,,0,35,0,0
semantic_trap,hard,7353,4,always_help,0,0,35,-2.1715,58.0854,,0.0,0,,,,0,35,0,0
semantic_trap,hard,7353,5,always_help,0,0,35,-2.1615,59.3157,,0.0,0,,,,0,35,0,0
semantic_trap,hard,7353,6,always_help,0,0,35,-2.1415,57.3048,,0.0,0,,,,0,35,0,0
semantic_trap,hard,7353,7,always_help,0,0,35,-2.161,62.2731,,0.0,0,,,,0,35,0,0
semantic_trap,hard,7353,8,always_help,0,0,35,-2.1815,58.8398,,0.0,0,,,,0,35,0,0
semantic_trap,hard,7353,9,always_help,0,0,35,-2.161,60.9141,,0.0,0,,,,0,35,0,0
semantic_trap,hard,7353,0,oracle,0,0,35,-2.182,32.1908,,0.0,0,,,,0,35,0,0
semantic_trap,hard,7353,1,oracle,0,0,35,-2.141,32.1819,,0.0,0,,,,0,35,0,0
semantic_trap,hard,7353,2,oracle,0,0,35,-2.1615,33.1127,,0.0,0,,,,0,35,0,0
semantic_trap,hard,7353,3,oracle,0,0,35,-2.121,31.1846,,0.0,0,,,,0,35,0,0
semantic_trap,hard,7353,4,oracle,0,0,35,-2.161,33.9705,,0.0,0,,,,0,35,0,0
semantic_trap,hard,7353,5,oracle,0,0,35,-2.1815,32.1153,,0.0,0,,,,0,35,0,0
semantic_trap,hard,7353,6,oracle,0,0,35,-2.121,31.1846,,0.0,0,,,,0,35,0,0
semantic_trap,hard,7353,7,oracle,0,0,35,-2.1615,31.6648,,0.0,0,,,,0,35,0,0
semantic_trap,hard,7353,8,oracle,0,0,35,-2.141,31.51,,0.0,0,,,,0,35,0,0
semantic_trap,hard,7353,9,oracle,0,0,35,-2.141,32.0561,,0.0,0,,,,0,35,0,0
semantic_trap,hard,7353,0,oracle_cause,0,0,35,-2.283,155.5063,,0.0,0,,,,35,0,0,0
semantic_trap,hard,7353,1,oracle_cause,0,0,35,-2.141,181.1814,,0.0,0,,,,35,0,0,0
semantic_trap,hard,7353,2,oracle_cause,0,0,35,-2.1615,166.1539,,0.0,0,,,,35,0,0,0
semantic_trap,hard,7353,3,oracle_cause,0,0,35,-2.121,166.1767,,0.0,0,,,,35,0,0,0
semantic_trap,hard,7353,4,oracle_cause,0,0,35,-2.192,162.599,,0.0,0,,,,35,0,0,0
semantic_trap,hard,7353,5,oracle_cause,0,0,35,-2.1615,166.3314,,0.0,0,,,,35,0,0,0
semantic_trap,hard,7353,6,oracle_cause,0,0,35,-2.2315,175.739,,0.0,0,,,,35,0,0,0
semantic_trap,hard,7353,7,oracle_cause,0,0,35,-2.1415,157.2638,,0.0,0,,,,35,0,0,0
semantic_trap,hard,7353,8,oracle_cause,0,0,35,-2.1615,166.1539,,0.0,0,,,,35,0,0,0
semantic_trap,hard,7353,9,oracle_cause,0,0,35,-2.162,152.8618,,0.0,0,,,,35,0,0,0
semantic_trap,hard,7353,0,particle,0,0,35,-2.202,163.751,0.001586,1.0,35,1.0,,0.0,35,0,0,0
semantic_trap,hard,7353,1,particle,0,0,35,-2.162,152.8618,0.001474,1.0,35,1.0,,0.0,35,0,0,0
semantic_trap,hard,7353,2,particle,0,0,35,-2.1815,168.3703,0.001229,1.0,35,1.0,,0.0,35,0,0,0
semantic_trap,hard,7353,3,particle,0,0,35,-2.1415,157.4913,0.000685,1.0,35,1.0,,0.0,35,0,0,0
semantic_trap,hard,7353,4,particle,0,0,35,-2.2015,173.961,0.001729,1.0,35,1.0,,0.0,35,0,0,0
semantic_trap,hard,7353,5,particle,0,0,35,-2.182,162.0478,0.002171,1.0,35,1.0,,0.0,35,0,0,0
semantic_trap,hard,7353,6,particle,0,0,35,-2.1815,171.0731,0.001662,1.0,35,1.0,,0.0,35,0,0,0
semantic_trap,hard,7353,7,particle,0,0,35,-2.222,184.4915,0.001856,1.0,35,1.0,,0.0,35,0,0,0
semantic_trap,hard,7353,8,particle,0,0,35,-2.182,155.1262,0.001202,1.0,35,1.0,,0.0,35,0,0,0
semantic_trap,hard,7353,9,particle,0,0,35,-2.161,193.6253,0.002826,1.0,35,1.0,,0.0,35,0,0,0
planning_trap,easy,8752,0,no_teacher,1,1,20,10.8,522.0523,,0.0,0,,,,20,0,0,0
planning_trap,easy,8752,1,no_teacher,1,1,21,10.8,468.8255,,0.0,0,,,,21,0,0,0
planning_trap,easy,8752,2,no_teacher,0,0,11,-5.51,521.4025,,0.0,0,,,,11,0,0,0
planning_trap,easy,8752,3,no_teacher,1,1,18,10.62,521.6321,,0.0,0,,,,18,0,0,0
planning_trap,easy,8752,4,no_teacher,1,1,18,10.62,526.4932,,0.0,0,,,,18,0,0,0
planning_trap,easy,8752,5,no_teacher,1,1,20,10.6,501.9074,,0.0,0,,,,20,0,0,0
planning_trap,easy,8752,6,no_teacher,1,1,18,10.62,526.3246,,0.0,0,,,,18,0,0,0
planning_trap,easy,8752,7,no_teacher,1,1,22,10.8,448.9506,,0.0,0,,,,22,0,0,0
planning_trap,easy,8752,8,no_teacher,1,1,18,10.82,527.3876,,0.0,0,,,,18,0,0,0
planning_trap,easy,8752,9,no_teacher,1,1,18,10.82,527.5524,,0.0,0,,,,18,0,0,0
planning_trap,easy,8752,0,always_help,1,1,24,10.76,83.3205,,0.0,0,,,,0,24,0,0
planning_trap,easy,8752,1,always_help,0,0,11,-5.51,96.2188,,0.0,0,,,,0,11,0,0
planning_trap,easy,8752,2,always_help,1,1,20,10.8,88.9218,,0.0,0,,,,0,20,0,0
planning_trap,easy,8752,3,always_help,0,0,11,-5.51,96.6414,,0.0,0,,,,0,11,0,0
planning_trap,easy,8752,4,always_help,1,1,20,10.6,88.8545,,0.0,0,,,,0,20,0,0
planning_trap,easy,8752,5,always_help,1,1,20,10.6,88.6766,,0.0,0,,,,0,20,0,0
planning_trap,easy,8752,6,always_help,1,1,18,10.82,94.3621,,0.0,0,,,,0,18,0,0
planning_trap,easy,8752,7,always_help,1,1,19,10.82,92.5546,,0.0,0,,,,0,19,0,0
planning_trap,easy,8752,8,always_help,1,1,20,10.6,89.1735,,0.0,0,,,,0,20,0,0
planning_trap,easy,8752,9,always_help,1,1,23,10.78,80.2006,,0.0,0,,,,0,23,0,0
planning_trap,easy,8752,0,oracle,1,1,22,10.58,81.0862,,0.0,0,,,,0,22,0,0
planning_trap,easy,8752,1,oracle,1,1,18,10.82,87.9258,,0.0,0,,,,0,18,0,0
planning_trap,easy,8752,2,oracle,1,1,18,10.62,87.9258,,0.0,0,,,,0,18,0,0
planning_trap,easy,8752,3,oracle,1,1,18,10.62,87.8983,,0.0,0,,,,0,18,0,0
planning_trap,easy,8752,4,oracle,1,1,18,10.62,87.8983,,0.0,0,,,,0,18,0,0
planning_trap,easy,8752,5,oracle,0,0,11,-5.51,87.145,,0.0,0,,,,0,11,0,0
planning_trap,easy,8752,6,oracle,1,1,18,10.62,87.9258,,0.0,0,,,,0,18,0,0
planning_trap,easy,8752,7,oracle,0,0,13,-5.53,80.9425,,0.0,0,,,,0,13,0,0
planning_trap,easy,8752,8,oracle,1,1,18,10.82,87.7493,,0.0,0,,,,0,18,0,0
planning_trap,easy,8752,9,oracle,1,1,18,10.62,87.7212,,0.0,0,,,,0,18,0,0
planning_trap,easy,8752,0,oracle_cause,1,1,18,10.62,521.9038,,0.0,0,,,,18,0,0,0
planning_trap,easy,8752,1,oracle_cause,1,1,18,10.82,527.5524,,0.0,0,,,,18,0,0,0
planning_trap,easy,8752,2,oracle_cause,1,1,20,10.6,523.5721,,0.0,0,,,,20,0,0,0
planning_trap,easy,8752,3,oracle_cause,1,1,20,10.8,485.9004,,0.0,0,,,,20,0,0,0
planning_trap,easy,8752,4,oracle_cause,1,1,20,10.6,506.8174,,0.0,0,,,,20,0,0,0
planning_trap,easy,8752,5,oracle_cause,1,1,20,10.8,487.2822,,0.0,0,,,,20,0,0,0
planning_trap,easy,8752,6,oracle_cause,1,1,18,10.82,527.3876,,0.0,0,,,,18,0,0,0
planning_trap,easy,8752,7,oracle_cause,0,0,11,-5.51,523.1357,,0.0,0,,,,11,0,0,0
planning_trap,easy,8752,8,oracle_cause,1,1,20,10.8,505.3408,,0.0,0,,,,20,0,0,0
planning_trap,easy,8752,9,oracle_cause,1,1,18,10.82,527.3876,,0.0,0,,,,18,0,0,0
planning_trap,easy,8752,0,particle,1,1,20,10.6,484.4711,0.001325,1.0,20,0.95,,0.05,20,0,0,0
planning_trap,easy,8752,1,particle,1,1,18,10.62,527.3876,0.001094,1.0,18,0.9444,,0.0556,18,0,0,0
planning_trap,easy,8752,2,particle,1,1,18,10.62,511.1214,0.000813,1.0,18,0.9444,,0.0556,18,0,0,0
planning_trap,easy,8752,3,particle,1,1,18,10.62,525.9422,0.001083,1.0,18,0.9444,,0.0556,18,0,0,0
planning_trap,easy,8752,4,particle,0,0,11,-5.51,522.8661,0.000825,1.0,11,1.0,,0.0,11,0,0,0
planning_trap,easy,8752,5,particle,1,1,20,10.8,506.8174,0.000836,1.0,20,0.9,,0.05,20,0,0,0
planning_trap,easy,8752,6,particle,0,0,12,-5.51,490.231,0.000689,1.0,12,1.0,,0.0,12,0,0,0
planning_trap,easy,8752,7,particle,1,1,20,10.8,483.8764,0.001184,1.0,20,0.9,,0.05,20,0,0,0
planning_trap,easy,8752,8,particle,1,1,20,10.8,484.4711,0.001133,1.0,20,0.95,,0.05,20,0,0,0
planning_trap,easy,8752,9,particle,0,0,11,-5.51,522.8661,0.001142,1.0,11,1.0,,0.0,11,0,0,0
planning_trap,easy,9752,0,no_teacher,1,1,22,10.78,460.0138,,0.0,0,,,,22,0,0,0
planning_trap,easy,9752,1,no_teacher,1,1,21,10.6,463.8099,,0.0,0,,,,21,0,0,0
planning_trap,easy,9752,2,no_teacher,0,0,11,-5.51,516.55,,0.0,0,,,,11,0,0,0
planning_trap,easy,9752,3,no_teacher,1,1,18,10.62,527.3876,,0.0,0,,,,18,0,0,0
planning_trap,easy,9752,4,no_teacher,1,1,18,10.62,523.968,,0.0,0,,,,18,0,0,0
planning_trap,easy,9752,5,no_teacher,1,1,20,10.8,477.6779,,0.0,0,,,,20,0,0,0
planning_trap,easy,9752,6,no_teacher,1,1,19,10.62,504.4616,,0.0,0,,,,19,0,0,0
planning_trap,easy,9752,7,no_teacher,1,1,20,10.8,503.6988,,0.0,0,,,,20,0,0,0
planning_trap,easy,9752,8,no_teacher,1,1,18,10.62,523.6963,,0.0,0,,,,18,0,0,0
planning_trap,easy,9752,9,no_teacher,1,1,20,10.8,505.9399,,0.0,0,,,,20,0,0,0
planning_trap,easy,9752,0,always_help,1,1,18,10.82,96.2054,,0.0,0,,,,0,18,0,0
planning_trap,easy,9752,1,always_help,1,1,22,10.6,81.7547,,0.0,0,,,,0,22,0,0
planning_trap,easy,9752,2,always_help,1,1,18,10.62,96.3764,,0.0,0,,,,0,18,0,0
planning_trap,easy,9752,3,always_help,1,1,23,10.6,82.8759,,0.0,0,,,,0,23,0,0
planning_trap,easy,9752,4,always_help,1,1,21,10.8,88.7252,,0.0,0,,,,0,21,0,0
planning_trap,easy,9752,5,always_help,1,1,20,10.6,91.6117,,0.0,0,,,,0,20,0,0
planning_trap,easy,9752,6,always_help,1,1,20,10.8,89.1735,,0.0,0,,,,0,20,0,0
planning_trap,easy,9752,7,always_help,1,1,18,10.62,96.3509,,0.0,0,,,,0,18,0,0
planning_trap,easy,9752,8,always_help,1,1,18,10.62,96.3509,,0.0,0,,,,0,18,0,0
planning_trap,easy,9752,9,always_help,0,0,13,-5.53,95.4165,,0.0,0,,,,0,13,0,0
planning_trap,easy,9752,0,oracle,1,1,18,10.62,87.5166,,0.0,0,,,,0,18,0,0
planning_trap,easy,9752,1,oracle,1,1,18,10.82,87.3284,,0.0,0,,,,0,18,0,0
planning_trap,easy,9752,2,oracle,1,1,18,10.62,87.8983,,0.0,0,,,,0,18,0,0
planning_trap,easy,9752,3,oracle,0,0,13,-5.53,75.5322,,0.0,0,,,,0,13,0,0
planning_trap,easy,9752,4,oracle,1,1,20,10.6,84.2238,,0.0,0,,,,0,20,0,0
planning_trap,easy,9752,5,oracle,0,0,13,-5.53,76.9774,,0.0,0,,,,0,13,0,0
planning_trap,easy,9752,6,oracle,1,1,18,10.82,80.0999,,0.0,0,,,,0,17,1,0
planning_trap,easy,9752,7,oracle,1,1,21,10.6,80.8842,,0.0,0,,,,0,21,0,0
planning_trap,easy,9752,8,oracle,1,1,18,10.62,87.8983,,0.0,0,,,,0,18,0,0
planning_trap,easy,9752,9,oracle,1,1,20,10.8,84.4443,,0.0,0,,,,0,20,0,0
planning_trap,easy,9752,0,oracle_cause,1,1,20,10.8,486.3962,,0.0,0,,,,20,0,0,0
planning_trap,easy,9752,1,oracle_cause,1,1,20,10.8,498.7435,,0.0,0,,,,20,0,0,0
planning_trap,easy,9752,2,oracle_cause,1,1,18,10.82,525.2164,,0.0,0,,,,18,0,0,0
planning_trap,easy,9752,3,oracle_cause,1,1,20,10.6,505.9399,,0.0,0,,,,20,0,0,0
planning_trap,easy,9752,4,oracle_cause,0,0,11,-5.51,519.1177,,0.0,0,,,,11,0,0,0
planning_trap,easy,9752,5,oracle_cause,1,1,20,10.8,487.2012,,0.0,0,,,,20,0,0,0
planning_trap,easy,9752,6,oracle_cause,1,1,21,10.82,461.8153,,0.0,0,,,,21,0,0,0
planning_trap,easy,9752,7,oracle_cause,1,1,18,10.62,527.3876,,0.0,0,,,,18,0,0,0
planning_trap,easy,9752,8,oracle_cause,1,1,18,10.82,525.9422,,0.0,0,,,,18,0,0,0
planning_trap,easy,9752,9,oracle_cause,1,1,20,10.6,503.6842,,0.0,0,,,,20,0,0,0
planning_trap,easy,9752,0,particle,1,1,18,10.62,527.3876,0.001061,1.0,18,0.9444,,0.0556,18,0,0,0
planning_trap,easy,9752,1,particle,1,1,18,10.82,526.3246,0.000956,1.0,18,0.9444,,0.0556,18,0,0,0
planning_trap,easy,9752,2,particle,1,1,20,10.6,484.3363,0.001101,1.0,20,0.9,,0.05,20,0,0,0
planning_trap,easy,9752,3,particle,1,1,18,10.82,527.3876,0.00134,1.0,18,0.9444,,0.0556,18,0,0,0
planning_trap,easy,9752,4,particle,1,1,18,10.82,525.7058,0.001085,1.0,18,1.0,,0.0556,18,0,0,0
planning_trap,easy,9752,5,particle,0,0,11,-5.51,516.6478,0.000731,1.0,11,1.0,,0.0,11,0,0,0
planning_trap,easy,9752,6,particle,1,1,18,10.82,527.3876,0.001744,1.0,18,0.9444,,0.0556,18,0,0,0
planning_trap,easy,9752,7,particle,1,1,20,10.6,505.4891,0.001441,1.0,20,0.9,,0.05,20,0,0,0
planning_trap,easy,9752,8,particle,1,1,28,10.6,364.6558,0.001435,1.0,28,1.0,,0.0357,28,0,0,0
planning_trap,easy,9752,9,particle,1,1,19,10.82,506.2897,0.001328,1.0,19,0.8947,,0.0526,19,0,0,0
planning_trap,easy,10752,0,no_teacher,0,0,15,-5.55,410.9821,,0.0,0,,,,15,0,0,0
planning_trap,easy,10752,1,no_teacher,1,1,21,10.6,483.3594,,0.0,0,,,,21,0,0,0
planning_trap,easy,10752,2,no_teacher,1,1,20,10.6,481.7617,,0.0,0,,,,20,0,0,0
planning_trap,easy,10752,3,no_teacher,1,1,18,10.82,521.6321,,0.0,0,,,,18,0,0,0
planning_trap,easy,10752,4,no_teacher,1,1,18,10.62,523.5278,,0.0,0,,,,18,0,0,0
planning_trap,easy,10752,5,no_teacher,1,1,22,10.78,450.1556,,0.0,0,,,,22,0,0,0
planning_trap,easy,10752,6,no_teacher,0,0,11,-5.51,523.1357,,0.0,0,,,,11,0,0,0
planning_trap,easy,10752,7,no_teacher,1,1,22,10.58,461.7041,,0.0,0,,,,22,0,0,0
planning_trap,easy,10752,8,no_teacher,1,1,18,10.82,526.9335,,0.0,0,,,,18,0,0,0
planning_trap,easy,10752,9,no_teacher,1,1,22,10.58,464.2122,,0.0,0,,,,22,0,0,0
planning_trap,easy,10752,0,always_help,1,1,21,10.6,89.13,,0.0,0,,,,0,21,0,0
planning_trap,easy,10752,1,always_help,1,1,18,10.62,96.3509,,0.0,0,,,,0,18,0,0
planning_trap,easy,10752,2,always_help,1,1,22,10.78,85.6447,,0.0,0,,,,0,22,0,0
planning_trap,easy,10752,3,always_help,1,1,18,10.62,96.3509,,0.0,0,,,,0,18,0,0
planning_trap,easy,10752,4,always_help,1,1,20,10.6,87.6906,,0.0,0,,,,0,20,0,0
planning_trap,easy,10752,5,always_help,1,1,20,10.6,89.1794,,0.0,0,,,,0,20,0,0
planning_trap,easy,10752,6,always_help,1,1,21,10.8,84.8778,,0.0,0,,,,0,21,0,0
planning_trap,easy,10752,7,always_help,1,1,22,10.58,88.5085,,0.0,0,,,,0,22,0,0
planning_trap,easy,10752,8,always_help,1,1,29,10.58,70.9886,,0.0,0,,,,0,29,0,0
planning_trap,easy,10752,9,always_help,0,0,15,-5.55,80.7665,,0.0,0,,,,0,15,0,0
planning_trap,easy,10752,0,oracle,1,1,18,10.82,87.7212,,0.0,0,,,,0,18,0,0
planning_trap,easy,10752,1,oracle,1,1,18,10.62,87.8983,,0.0,0,,,,0,18,0,0
planning_trap,easy,10752,2,oracle,1,1,20,10.8,81.2252,,0.0,0,,,,0,20,0,0
planning_trap,easy,10752,3,oracle,1,1,20,10.6,73.5365,,0.0,0,,,,0,19,1,0
planning_trap,easy,10752,4,oracle,0,0,11,-5.51,87.145,,0.0,0,,,,0,11,0,0
planning_trap,easy,10752,5,oracle,1,1,20,10.8,80.6301,,0.0,0,,,,0,20,0,0
planning_trap,easy,10752,6,oracle,1,1,24,10.56,75.8685,,0.0,0,,,,0,24,0,0
planning_trap,easy,10752,7,oracle,1,1,18,10.62,87.7212,,0.0,0,,,,0,18,0,0
planning_trap,easy,10752,8,oracle,1,1,24,10.6,69.7763,,0.0,0,,,,0,24,0,0
planning_trap,easy,10752,9,oracle,1,1,22,10.78,74.4762,,0.0,0,,,,0,22,0,0
planning_trap,easy,10752,0,oracle_cause,1,1,18,10.82,525.9422,,0.0,0,,,,18,0,0,0
planning_trap,easy,10752,1,oracle_cause,1,1,22,10.78,477.7753,,0.0,0,,,,22,0,0,0
planning_trap,easy,10752,2,oracle_cause,1,1,18,10.82,527.5524,,0.0,0,,,,18,0,0,0
planning_trap,easy,10752,3,oracle_cause,1,1,20,10.6,484.4173,,0.0,0,,,,20,0,0,0
planning_trap,easy,10752,4,oracle_cause,1,1,20,10.6,483.6661,,0.0,0,,,,20,0,0,0
planning_trap,easy,10752,5,oracle_cause,1,1,18,10.82,527.3876,,0.0,0,,,,18,0,0,0
planning_trap,easy,10752,6,oracle_cause,1,1,18,10.62,527.5524,,0.0,0,,,,18,0,0,0
planning_trap,easy,10752,7,oracle_cause,1,1,18,10.62,526.3246,,0.0,0,,,,18,0,0,0
planning_trap,easy,10752,8,oracle_cause,0,0,11,-5.51,522.8661,,0.0,0,,,,11,0,0,0
planning_trap,easy,10752,9,oracle_cause,1,1,18,10.62,527.3876,,0.0,0,,,,18,0,0,0
planning_trap,easy,10752,0,particle,1,1,20,10.6,487.2822,0.001255,1.0,20,0.9,,0.05,20,0,0,0
planning_trap,easy,10752,1,particle,1,1,21,10.6,466.1412,0.001407,1.0,21,0.9048,,0.0476,21,0,0,0
planning_trap,easy,10752,2,particle,1,1,18,10.62,525.2164,0.000963,1.0,18,0.9444,,0.0556,18,0,0,0
planning_trap,easy,10752,3,particle,1,1,20,10.8,487.2822,0.001024,1.0,20,0.9,,0.05,20,0,0,0
planning_trap,easy,10752,4,particle,1,1,22,10.58,467.3308,0.001206,1.0,22,0.9091,,0.0455,22,0,0,0
planning_trap,easy,10752,5,particle,1,1,21,10.6,506.6415,0.001372,1.0,21,0.9048,,0.0476,21,0,0,0
planning_trap,easy,10752,6,particle,1,1,22,10.78,467.3553,0.000868,1.0,22,0.9091,,0.0455,22,0,0,0
planning_trap,easy,10752,7,particle,1,1,22,10.78,458.0687,0.001018,1.0,22,0.9545,,0.0455,22,0,0,0
planning_trap,easy,10752,8,particle,1,1,18,10.62,526.3246,0.001294,1.0,18,0.9444,,0.0556,18,0,0,0
planning_trap,easy,10752,9,particle,1,1,22,10.78,448.4457,0.001418,1.0,22,0.9091,,0.0455,22,0,0,0
planning_trap,easy,11752,0,no_teacher,1,1,20,10.6,506.6637,,0.0,0,,,,20,0,0,0
planning_trap,easy,11752,1,no_teacher,0,0,11,-5.51,522.8661,,0.0,0,,,,11,0,0,0
planning_trap,easy,11752,2,no_teacher,1,1,20,10.8,502.5797,,0.0,0,,,,20,0,0,0
planning_trap,easy,11752,3,no_teacher,1,1,18,10.62,525.9422,,0.0,0,,,,18,0,0,0
planning_trap,easy,11752,4,no_teacher,1,1,20,10.8,502.3611,,0.0,0,,,,20,0,0,0
planning_trap,easy,11752,5,no_teacher,1,1,18,10.82,527.3876,,0.0,0,,,,18,0,0,0
planning_trap,easy,11752,6,no_teacher,1,1,19,10.62,504.8207,,0.0,0,,,,19,0,0,0
planning_trap,easy,11752,7,no_teacher,1,1,19,10.82,503.774,,0.0,0,,,,19,0,0,0
planning_trap,easy,11752,8,no_teacher,1,1,18,10.62,526.3246,,0.0,0,,,,18,0,0,0
planning_trap,easy,11752,9,no_teacher,1,1,18,10.82,526.4932,,0.0,0,,,,18,0,0,0
planning_trap,easy,11752,0,always_help,1,1,20,10.6,91.6217,,0.0,0,,,,0,20,0,0
planning_trap,easy,11752,1,always_help,1,1,22,10.58,81.8087,,0.0,0,,,,0,22,0,0
planning_trap,easy,11752,2,always_help,1,1,20,10.6,88.2537,,0.0,0,,,,0,20,0,0
planning_trap,easy,11752,3,always_help,1,1,19,10.82,92.357,,0.0,0,,,,0,19,0,0
planning_trap,easy,11752,4,always_help,1,1,20,10.6,87.7947,,0.0,0,,,,0,20,0,0
planning_trap,easy,11752,5,always_help,1,1,18,10.62,95.7162,,0.0,0,,,,0,18,0,0
planning_trap,easy,11752,6,always_help,1,1,20,10.6,88.8545,,0.0,0,,,,0,20,0,0
planning_trap,easy,11752,7,always_help,1,1,20,10.6,87.9381,,0.0,0,,,,0,20,0,0
planning_trap,easy,11752,8,always_help,1,1,18,10.62,96.3509,,0.0,0,,,,0,18,0,0
planning_trap,easy,11752,9,always_help,1,1,19,10.82,93.3733,,0.0,0,,,,0,19,0,0
planning_trap,easy,11752,0,oracle,1,1,26,10.8,64.7261,,0.0,0,,,,0,26,0,0
planning_trap,easy,11752,1,oracle,1,1,20,10.6,84.4946,,0.0,0,,,,0,20,0,0
planning_trap,easy,11752,2,oracle,1,1,18,10.82,87.7212,,0.0,0,,,,0,18,0,0
planning_trap,easy,11752,3,oracle,1,1,18,10.82,87.5365,,0.0,0,,,,0,18,0,0
planning_trap,easy,11752,4,oracle,1,1,20,10.6,80.4025,,0.0,0,,,,0,20,0,0
planning_trap,easy,11752,5,oracle,1,1,18,10.62,87.9258,,0.0,0,,,,0,18,0,0
planning_trap,easy,11752,6,oracle,1,1,20,10.6,80.5197,,0.0,0,,,,0,20,0,0
planning_trap,easy,11752,7,oracle,1,1,18,10.62,87.9258,,0.0,0,,,,0,18,0,0
planning_trap,easy,11752,8,oracle,1,1,20,10.8,83.9491,,0.0,0,,,,0,20,0,0
planning_trap,easy,11752,9,oracle,1,1,18,10.62,87.8983,,0.0,0,,,,0,18,0,0
planning_trap,easy,11752,0,oracle_cause,1,1,20,10.8,485.9004,,0.0,0,,,,20,0,0,0
planning_trap,easy,11752,1,oracle_cause,1,1,18,10.82,527.3876,,0.0,0,,,,18,0,0,0
planning_trap,easy,11752,2,oracle_cause,1,1,19,10.62,506.375,,0.0,0,,,,19,0,0,0
planning_trap,easy,11752,3,oracle_cause,1,1,20,10.6,504.4821,,0.0,0,,,,20,0,0,0
planning_trap,easy,11752,4,oracle_cause,1,1,18,10.82,525.2164,,0.0,0,,,,18,0,0,0
planning_trap,easy,11752,5,oracle_cause,1,1,18,10.82,525.9422,,0.0,0,,,,18,0,0,0
planning_trap,easy,11752,6,oracle_cause,1,1,18,10.62,527.3876,,0.0,0,,,,18,0,0,0
planning_trap,easy,11752,7,oracle_cause,1,1,22,10.58,452.4551,,0.0,0,,,,22,0,0,0
planning_trap,easy,11752,8,oracle_cause,1,1,20,10.6,270.6657,,0.0,0,,,,19,0,1,0
planning_trap,easy,11752,9,oracle_cause,0,0,13,-5.53,493.5491,,0.0,0,,,,13,0,0,0
planning_trap,easy,11752,0,particle,0,0,11,-5.51,522.8661,0.001029,1.0,11,1.0,,0.0,11,0,0,0
planning_trap,easy,11752,1,particle,1,1,20,10.8,483.3648,0.001512,1.0,20,0.9,,0.05,20,0,0,0
planning_trap,easy,11752,2,particle,0,0,11,-5.51,513.8926,0.001278,1.0,11,1.0,,0.0,11,0,0,0
planning_trap,easy,11752,3,particle,0,0,11,-5.51,513.2524,0.000685,1.0,11,1.0,,0.0,11,0,0,0
planning_trap,easy,11752,4,particle,0,0,11,-5.51,508.6839,0.001094,1.0,11,1.0,,0.0,11,0,0,0
planning_trap,easy,11752,5,particle,1,1,19,10.62,506.375,0.001318,1.0,19,0.8947,,0.0526,19,0,0,0
planning_trap,easy,11752,6,particle,1,1,18,10.62,527.5524,0.001015,1.0,18,0.9444,,0.0556,18,0,0,0
planning_trap,easy,11752,7,particle,1,1,18,10.82,527.3876,0.001292,1.0,18,0.9444,,0.0556,18,0,0,0
planning_trap,easy,11752,8,particle,1,1,20,10.6,501.9745,0.001063,1.0,20,0.9,,0.05,20,0,0,0
planning_trap,easy,11752,9,particle,1,1,18,10.62,527.5524,0.0011,1.0,18,0.9444,,0.0556,18,0,0,0
planning_trap,easy,12752,0,no_teacher,0,0,13,-5.53,493.7772,,0.0,0,,,,13,0,0,0
planning_trap,easy,12752,1,no_teacher,1,1,18,10.82,527.3876,,0.0,0,,,,18,0,0,0
planning_trap,easy,12752,2,no_teacher,1,1,21,10.6,483.9976,,0.0,0,,,,21,0,0,0
planning_trap,easy,12752,3,no_teacher,1,1,18,10.82,527.5524,,0.0,0,,,,18,0,0,0
planning_trap,easy,12752,4,no_teacher,1,1,18,10.62,526.4932,,0.0,0,,,,18,0,0,0
planning_trap,easy,12752,5,no_teacher,1,1,22,10.58,470.352,,0.0,0,,,,22,0,0,0
planning_trap,easy,12752,6,no_teacher,1,1,18,10.82,527.3876,,0.0,0,,,,18,0,0,0
planning_trap,easy,12752,7,no_teacher,1,1,20,10.8,482.8218,,0.0,0,,,,20,0,0,0
planning_trap,easy,12752,8,no_teacher,1,1,18,10.62,527.5524,,0.0,0,,,,18,0,0,0
planning_trap,easy,12752,9,no_teacher,1,1,20,10.6,502.5797,,0.0,0,,,,20,0,0,0
planning_trap,easy,12752,0,always_help,1,1,24,10.56,76.4701,,0.0,0,,,,0,24,0,0
planning_trap,easy,12752,1,always_help,1,1,20,10.8,88.3578,,0.0,0,,,,0,20,0,0
planning_trap,easy,12752,2,always_help,1,1,20,10.6,87.7577,,0.0,0,,,,0,20,0,0
planning_trap,easy,12752,3,always_help,0,0,15,-5.51,77.1833,,0.0,0,,,,0,15,0,0
planning_trap,easy,12752,4,always_help,1,1,18,10.62,95.9817,,0.0,0,,,,0,18,0,0
planning_trap,easy,12752,5,always_help,1,1,18,10.62,96.3509,,0.0,0,,,,0,18,0,0
planning_trap,easy,12752,6,always_help,0,0,11,-5.51,96.2619,,0.0,0,,,,0,11,0,0
planning_trap,easy,12752,7,always_help,1,1,20,10.8,91.5689,,0.0,0,,,,0,20,0,0
planning_trap,easy,12752,8,always_help,1,1,18,10.62,96.3509,,0.0,0,,,,0,18,0,0
planning_trap,easy,12752,9,always_help,1,1,18,10.82,96.3509,,0.0,0,,,,0,18,0,0
planning_trap,easy,12752,0,oracle,1,1,18,10.82,87.255,,0.0,0,,,,0,18,0,0
planning_trap,easy,12752,1,oracle,1,1,18,10.62,86.9391,,0.0,0,,,,0,18,0,0
planning_trap,easy,12752,2,oracle,1,1,18,10.82,87.9258,,0.0,0,,,,0,18,0,0
planning_trap,easy,12752,3,oracle,1,1,20,10.6,80.8748,,0.0,0,,,,0,20,0,0
planning_trap,easy,12752,4,oracle,1,1,18,10.62,87.5166,,0.0,0,,,,0,18,0,0
planning_trap,easy,12752,5,oracle,1,1,18,10.62,87.6574,,0.0,0,,,,0,18,0,0
planning_trap,easy,12752,6,oracle,1,1,18,10.62,87.8983,,0.0,0,,,,0,18,0,0
planning_trap,easy,12752,7,oracle,0,0,11,-5.51,86.8551,,0.0,0,,,,0,11,0,0
planning_trap,easy,12752,8,oracle,0,0,11,-5.51,86.8551,,0.0,0,,,,0,11,0,0
planning_trap,easy,12752,9,oracle,1,1,18,10.82,87.8983,,0.0,0,,,,0,18,0,0
planning_trap,easy,12752,0,oracle_cause,1,1,18,10.62,527.3876,,0.0,0,,,,18,0,0,0
planning_trap,easy,12752,1,oracle_cause,1,1,18,10.82,526.3246,,0.0,0,,,,18,0,0,0
planning_trap,easy,12752,2,oracle_cause,1,1,18,10.82,521.5126,,0.0,0,,,,18,0,0,0
planning_trap,easy,12752,3,oracle_cause,1,1,22,10.78,482.4277,,0.0,0,,,,22,0,0,0
planning_trap,easy,12752,4,oracle_cause,1,1,18,10.62,525.2164,,0.0,0,,,,18,0,0,0
planning_trap,easy,12752,5,oracle_cause,1,1,23,10.8,448.0373,,0.0,0,,,,23,0,0,0
planning_trap,easy,12752,6,oracle_cause,1,1,20,10.6,475.2673,,0.0,0,,,,20,0,0,0
planning_trap,easy,12752,7,oracle_cause,1,1,18,10.82,521.5126,,0.0,0,,,,18,0,0,0
planning_trap,easy,12752,8,oracle_cause,1,1,18,10.82,527.3876,,0.0,0,,,,18,0,0,0
planning_trap,easy,12752,9,oracle_cause,1,1,18,10.82,526.3246,,0.0,0,,,,18,0,0,0
planning_trap,easy,12752,0,particle,1,1,18,10.62,513.5438,0.000969,1.0,18,0.9444,,0.0556,18,0,0,0
planning_trap,easy,12752,1,particle,1,1,20,10.6,503.6842,0.001083,1.0,20,0.85,,0.05,20,0,0,0
planning_trap,easy,12752,2,particle,1,1,18,10.82,523.5278,0.002019,1.0,18,0.9444,,0.0556,18,0,0,0
planning_trap,easy,12752,3,particle,1,1,20,10.6,503.4847,0.001236,1.0,20,0.95,,0.05,20,0,0,0
planning_trap,easy,12752,4,particle,1,1,20,10.6,483.0354,0.001044,1.0,20,0.9,,0.05,20,0,0,0
planning_trap,easy,12752,5,particle,0,0,11,-5.51,522.8661,0.000667,1.0,11,1.0,,0.0,11,0,0,0
planning_trap,easy,12752,6,particle,1,1,24,10.76,457.3699,0.001619,1.0,24,0.9167,,0.0417,24,0,0,0
planning_trap,easy,12752,7,particle,1,1,20,10.6,481.0301,0.000973,1.0,20,0.9,,0.05,20,0,0,0
planning_trap,easy,12752,8,particle,1,1,22,10.78,451.693,0.001285,1.0,22,0.9091,,0.0455,22,0,0,0
planning_trap,easy,12752,9,particle,1,1,18,10.62,523.968,0.0008,1.0,18,0.9444,,0.0556,18,0,0,0
planning_trap,medium,8752,0,no_teacher,0,0,9,-5.315,511.335,,0.0,0,,,,9,0,0,0
planning_trap,medium,8752,1,no_teacher,0,0,13,-5.355,491.9153,,0.0,0,,,,13,0,0,0
planning_trap,medium,8752,2,no_teacher,0,0,9,-5.315,506.4241,,0.0,0,,,,9,0,0,0
planning_trap,medium,8752,3,no_teacher,0,0,9,-5.315,511.335,,0.0,0,,,,9,0,0,0
planning_trap,medium,8752,4,no_teacher,0,0,10,-5.325,515.9189,,0.0,0,,,,10,0,0,0
planning_trap,medium,8752,5,no_teacher,0,0,9,-5.315,511.335,,0.0,0,,,,9,0,0,0
planning_trap,medium,8752,6,no_teacher,0,0,10,-5.315,471.1101,,0.0,0,,,,10,0,0,0
planning_trap,medium,8752,7,no_teacher,0,0,10,-5.325,517.5288,,0.0,0,,,,10,0,0,0
planning_trap,medium,8752,8,no_teacher,1,1,20,10.8,506.9657,,0.0,0,,,,20,0,0,0
planning_trap,medium,8752,9,no_teacher,0,0,13,-5.355,514.0052,,0.0,0,,,,13,0,0,0
planning_trap,medium,8752,0,always_help,0,0,10,-5.325,96.7918,,0.0,0,,,,0,10,0,0
planning_trap,medium,8752,1,always_help,0,0,11,-5.335,96.9518,,0.0,0,,,,0,11,0,0
planning_trap,medium,8752,2,always_help,0,0,13,-5.355,85.2807,,0.0,0,,,,0,13,0,0
planning_trap,medium,8752,3,always_help,0,0,11,-5.335,82.5815,,0.0,0,,,,0,11,0,0
planning_trap,medium,8752,4,always_help,0,0,13,-5.355,94.7983,,0.0,0,,,,0,13,0,0
planning_trap,medium,8752,5,always_help,0,0,9,-5.315,94.4855,,0.0,0,,,,0,9,0,0
planning_trap,medium,8752,6,always_help,0,0,12,-5.345,81.5599,,0.0,0,,,,0,12,0,0
planning_trap,medium,8752,7,always_help,0,0,9,-5.315,96.5929,,0.0,0,,,,0,9,0,0
planning_trap,medium,8752,8,always_help,1,1,22,10.78,88.0273,,0.0,0,,,,0,22,0,0
planning_trap,medium,8752,9,always_help,0,0,10,-5.325,94.5822,,0.0,0,,,,0,10,0,0
planning_trap,medium,8752,0,oracle,0,0,9,-5.315,85.1684,,0.0,0,,,,0,9,0,0
planning_trap,medium,8752,1,oracle,1,1,18,10.82,87.8983,,0.0,0,,,,0,18,0,0
planning_trap,medium,8752,2,oracle,0,0,9,-5.315,84.6866,,0.0,0,,,,0,9,0,0
planning_trap,medium,8752,3,oracle,0,0,9,-5.315,85.1684,,0.0,0,,,,0,9,0,0
planning_trap,medium,8752,4,oracle,0,0,10,-5.325,86.3049,,0.0,0,,,,0,10,0,0
planning_trap,medium,8752,5,oracle,0,0,9,-5.315,85.1684,,0.0,0,,,,0,9,0,0
planning_trap,medium,8752,6,oracle,0,0,10,-5.325,85.5683,,0.0,0,,,,0,10,0,0
planning_trap,medium,8752,7,oracle,1,1,20,10.8,72.2738,,0.0,0,,,,0,19,1,0
planning_trap,medium,8752,8,oracle,0,0,10,-5.325,85.8219,,0.0,0,,,,0,10,0,0
planning_trap,medium,8752,9,oracle,1,1,18,10.82,87.5365,,0.0,0,,,,0,18,0,0
planning_trap,medium,8752,0,oracle_cause,0,0,9,-5.315,506.4241,,0.0,0,,,,9,0,0,0
planning_trap,medium,8752,1,oracle_cause,0,0,11,-5.335,522.8661,,0.0,0,,,,11,0,0,0
planning_trap,medium,8752,2,oracle_cause,0,0,9,-5.315,511.0055,,0.0,0,,,,9,0,0,0
planning_trap,medium,8752,3,oracle_cause,0,0,10,-5.325,515.9189,,0.0,0,,,,10,0,0,0
planning_trap,medium,8752,4,oracle_cause,0,0,9,-5.315,503.2859,,0.0,0,,,,9,0,0,0
planning_trap,medium,8752,5,oracle_cause,0,0,12,-5.345,451.2579,,0.0,0,,,,12,0,0,0
planning_trap,medium,8752,6,oracle_cause,0,0,9,-5.315,511.0055,,0.0,0,,,,9,0,0,0
planning_trap,medium,8752,7,oracle_cause,0,0,9,-5.315,509.2167,,0.0,0,,,,9,0,0,0
planning_trap,medium,8752,8,oracle_cause,0,0,9,-5.315,508.1148,,0.0,0,,,,9,0,0,0
planning_trap,medium,8752,9,oracle_cause,0,0,10,-5.325,510.5811,,0.0,0,,,,10,0,0,0
planning_trap,medium,8752,0,particle,0,0,10,-5.325,515.9189,0.001065,1.0,10,1.0,,0.0,10,0,0,0
planning_trap,medium,8752,1,particle,0,0,9,-5.315,508.8796,0.001053,1.0,9,1.0,,0.0,9,0,0,0
planning_trap,medium,8752,2,particle,0,0,11,-5.335,521.1267,0.000939,1.0,11,1.0,,0.0,11,0,0,0
planning_trap,medium,8752,3,particle,0,0,12,-5.345,450.1267,0.000663,1.0,12,1.0,,0.0,12,0,0,0
planning_trap,medium,8752,4,particle,0,0,22,-5.375,340.0822,0.001499,1.0,22,1.0,,0.0,22,0,0,0
planning_trap,medium,8752,5,particle,0,0,10,-5.325,510.7963,0.000689,1.0,10,1.0,,0.0,10,0,0,0
planning_trap,medium,8752,6,particle,0,0,11,-5.335,522.8661,0.000845,1.0,11,1.0,,0.0,11,0,0,0
planning_trap,medium,8752,7,particle,0,0,9,-5.315,511.0055,0.000468,1.0,9,1.0,,0.0,9,0,0,0
planning_trap,medium,8752,8,particle,1,1,22,10.78,445.5441,0.001716,1.0,22,1.0,,0.0455,22,0,0,0
planning_trap,medium,8752,9,particle,0,0,11,-5.335,434.7584,0.000627,1.0,11,1.0,,0.0,11,0,0,0
planning_trap,medium,9752,0,no_teacher,0,0,9,-5.315,509.2167,,0.0,0,,,,9,0,0,0
planning_trap,medium,9752,1,no_teacher,0,0,13,-5.355,518.3054,,0.0,0,,,,13,0,0,0
planning_trap,medium,9752,2,no_teacher,0,0,9,-5.315,493.9108,,0.0,0,,,,9,0,0,0
planning_trap,medium,9752,3,no_teacher,0,0,10,-5.325,517.5288,,0.0,0,,,,10,0,0,0
planning_trap,medium,9752,4,no_teacher,0,0,11,-5.335,520.5009,,0.0,0,,,,11,0,0,0
planning_trap,medium,9752,5,no_teacher,0,0,11,-5.335,522.8661,,0.0,0,,,,11,0,0,0
planning_trap,medium,9752,6,no_teacher,0,0,9,-5.315,511.0055,,0.0,0,,,,9,0,0,0
planning_trap,medium,9752,7,no_teacher,1,1,18,10.82,521.6321,,0.0,0,,,,18,0,0,0
planning_trap,medium,9752,8,no_teacher,0,0,12,-5.345,483.2688,,0.0,0,,,,12,0,0,0
planning_trap,medium,9752,9,no_teacher,0,0,11,-5.335,521.1267,,0.0,0,,,,11,0,0,0
planning_trap,medium,9752,0,always_help,0,0,12,-5.345,82.326,,0.0,0,,,,0,12,0,0
planning_trap,medium,9752,1,always_help,1,1,18,10.82,94.9043,,0.0,0,,,,0,18,0,0
planning_trap,medium,9752,2,always_help,0,0,12,-5.345,81.9175,,0.0,0,,,,0,12,0,0
planning_trap,medium,9752,3,always_help,0,0,9,-5.315,93.3456,,0.0,0,,,,0,9,0,0
planning_trap,medium,9752,4,always_help,0,0,15,-5.375,95.0359,,0.0,0,,,,0,15,0,0
planning_trap,medium,9752,5,always_help,0,0,11,-5.335,93.7202,,0.0,0,,,,0,11,0,0
planning_trap,medium,9752,6,always_help,0,0,10,-5.325,94.5822,,0.0,0,,,,0,10,0,0
planning_trap,medium,9752,7,always_help,0,0,11,-5.335,94.8102,,0.0,0,,,,0,11,0,0
planning_trap,medium,9752,8,always_help,0,0,10,-5.325,96.484,,0.0,0,,,,0,10,0,0
planning_trap,medium,9752,9,always_help,1,1,18,10.82,95.1094,,0.0,0,,,,0,18,0,0
planning_trap,medium,9752,0,oracle,0,0,11,-5.335,73.8909,,0.0,0,,,,0,10,1,0
planning_trap,medium,9752,1,oracle,0,0,11,-5.335,78.3365,,0.0,0,,,,0,11,0,0
planning_trap,medium,9752,2,oracle,0,0,14,-5.365,66.5132,,0.0,0,,,,0,14,0,0
planning_trap,medium,9752,3,oracle,0,0,9,-5.315,85.2233,,0.0,0,,,,0,9,0,0
planning_trap,medium,9752,4,oracle,0,0,9,-5.315,84.8702,,0.0,0,,,,0,9,0,0
planning_trap,medium,9752,5,oracle,0,0,14,-5.335,64.0986,,0.0,0,,,,0,14,0,0
planning_trap,medium,9752,6,oracle,0,0,11,-5.335,73.5441,,0.0,0,,,,0,11,0,0
planning_trap,medium,9752,7,oracle,0,0,10,-5.325,85.1334,,0.0,0,,,,0,10,0,0
planning_trap,medium,9752,8,oracle,0,0,11,-5.335,63.7677,,0.0,0,,,,0,10,1,0
planning_trap,medium,9752,9,oracle,0,0,9,-5.315,84.4048,,0.0,0,,,,0,9,0,0
planning_trap,medium,9752,0,oracle_cause,0,0,14,-5.355,418.3658,,0.0,0,,,,14,0,0,0
planning_trap,medium,9752,1,oracle_cause,0,0,9,-5.315,509.2167,,0.0,0,,,,9,0,0,0
planning_trap,medium,9752,2,oracle_cause,0,0,11,-5.335,476.6281,,0.0,0,,,,11,0,0,0
planning_trap,medium,9752,3,oracle_cause,1,1,20,10.8,503.4378,,0.0,0,,,,20,0,0,0
planning_trap,medium,9752,4,oracle_cause,0,0,13,-5.355,521.8018,,0.0,0,,,,13,0,0,0
planning_trap,medium,9752,5,oracle_cause,0,0,13,-5.355,521.5684,,0.0,0,,,,13,0,0,0
planning_trap,medium,9752,6,oracle_cause,0,0,11,-5.335,475.6841,,0.0,0,,,,11,0,0,0
planning_trap,medium,9752,7,oracle_cause,0,0,9,-5.315,508.8796,,0.0,0,,,,9,0,0,0
planning_trap,medium,9752,8,oracle_cause,0,0,11,-5.335,521.4025,,0.0,0,,,,11,0,0,0
planning_trap,medium,9752,9,oracle_cause,0,0,9,-5.315,511.0055,,0.0,0,,,,9,0,0,0
planning_trap,medium,9752,0,particle,0,0,11,-5.335,521.1267,0.001544,1.0,11,1.0,,0.0,11,0,0,0
planning_trap,medium,9752,1,particle,0,0,11,-5.335,423.2382,0.000319,1.0,11,1.0,,0.0,11,0,0,0
planning_trap,medium,9752,2,particle,0,0,11,-5.335,513.448,0.000719,1.0,11,1.0,,0.0,11,0,0,0
planning_trap,medium,9752,3,particle,1,1,20,10.8,505.587,0.001468,1.0,20,0.95,,0.05,20,0,0,0
planning_trap,medium,9752,4,particle,0,0,10,-5.325,515.6155,0.000785,1.0,10,1.0,,0.0,10,0,0,0
planning_trap,medium,9752,5,particle,0,0,9,-5.315,504.1664,0.001254,1.0,9,1.0,,0.0,9,0,0,0
planning_trap,medium,9752,6,particle,0,0,11,-5.325,482.521,0.000929,1.0,11,1.0,,0.0,11,0,0,0
planning_trap,medium,9752,7,particle,0,0,9,-5.315,508.1148,0.000663,1.0,9,1.0,,0.0,9,0,0,0
planning_trap,medium,9752,8,particle,0,0,13,-5.355,491.9153,0.000944,1.0,13,1.0,,0.0,13,0,0,0
planning_trap,medium,9752,9,particle,0,0,10,-5.315,472.72,0.00067,1.0,10,1.0,,0.0,10,0,0,0
planning_trap,medium,10752,0,no_teacher,0,0,9,-5.315,504.1664,,0.0,0,,,,9,0,0,0
planning_trap,medium,10752,1,no_teacher,0,0,15,-5.375,403.0509,,0.0,0,,,,15,0,0,0
planning_trap,medium,10752,2,no_teacher,0,0,11,-5.335,502.1238,,0.0,0,,,,11,0,0,0
planning_trap,medium,10752,3,no_teacher,0,0,11,-5.335,473.6697,,0.0,0,,,,11,0,0,0
planning_trap,medium,10752,4,no_teacher,0,0,13,-5.355,460.3215,,0.0,0,,,,13,0,0,0
planning_trap,medium,10752,5,no_teacher,0,0,9,-5.315,509.2167,,0.0,0,,,,9,0,0,0
planning_trap,medium,10752,6,no_teacher,1,1,20,10.8,501.1752,,0.0,0,,,,20,0,0,0
planning_trap,medium,10752,7,no_teacher,0,0,10,-5.325,515.6155,,0.0,0,,,,10,0,0,0
planning_trap,medium,10752,8,no_teacher,0,0,10,-5.325,515.9189,,0.0,0,,,,10,0,0,0
planning_trap,medium,10752,9,no_teacher,0,0,12,-5.345,484.8884,,0.0,0,,,,12,0,0,0
planning_trap,medium,10752,0,always_help,0,0,10,-5.315,89.4536,,0.0,0,,,,0,10,0,0
planning_trap,medium,10752,1,always_help,1,1,28,10.78,71.5565,,0.0,0,,,,0,28,0,0
planning_trap,medium,10752,2,always_help,0,0,12,-5.335,83.3555,,0.0,0,,,,0,12,0,0
planning_trap,medium,10752,3,always_help,0,0,10,-5.325,94.5822,,0.0,0,,,,0,10,0,0
planning_trap,medium,10752,4,always_help,1,1,20,10.8,87.0579,,0.0,0,,,,0,20,0,0
planning_trap,medium,10752,5,always_help,0,0,12,-5.335,78.3308,,0.0,0,,,,0,12,0,0
planning_trap,medium,10752,6,always_help,0,0,18,-5.375,67.0919,,0.0,0,,,,0,18,0,0
planning_trap,medium,10752,7,always_help,1,1,20,10.8,90.1384,,0.0,0,,,,0,20,0,0
planning_trap,medium,10752,8,always_help,0,0,11,-5.335,81.8017,,0.0,0,,,,0,11,0,0
planning_trap,medium,10752,9,always_help,1,1,18,10.82,94.2835,,0.0,0,,,,0,18,0,0
planning_trap,medium,10752,0,oracle,0,0,10,-5.325,85.2296,,0.0,0,,,,0,10,0,0
planning_trap,medium,10752,1,oracle,0,0,9,-5.315,84.4447,,0.0,0,,,,0,9,0,0
planning_trap,medium,10752,2,oracle,0,0,11,-5.335,87.1899,,0.0,0,,,,0,11,0,0
planning_trap,medium,10752,3,oracle,0,0,10,-5.325,85.6042,,0.0,0,,,,0,10,0,0
planning_trap,medium,10752,4,oracle,0,0,9,-5.315,85.2233,,0.0,0,,,,0,9,0,0
planning_trap,medium,10752,5,oracle,0,0,9,-5.315,84.814,,0.0,0,,,,0,9,0,0
planning_trap,medium,10752,6,oracle,0,0,9,-5.315,85.1684,,0.0,0,,,,0,9,0,0
planning_trap,medium,10752,7,oracle,0,0,11,-5.335,85.6494,,0.0,0,,,,0,11,0,0
planning_trap,medium,10752,8,oracle,0,0,13,-5.355,87.1739,,0.0,0,,,,0,13,0,0
planning_trap,medium,10752,9,oracle,1,1,18,10.82,87.7212,,0.0,0,,,,0,18,0,0
planning_trap,medium,10752,0,oracle_cause,0,0,12,-5.335,416.4415,,0.0,0,,,,12,0,0,0
planning_trap,medium,10752,1,oracle_cause,0,0,9,-5.315,509.2167,,0.0,0,,,,9,0,0,0
planning_trap,medium,10752,2,oracle_cause,0,0,10,-5.315,465.2689,,0.0,0,,,,10,0,0,0
planning_trap,medium,10752,3,oracle_cause,0,0,9,-5.315,506.4241,,0.0,0,,,,9,0,0,0
planning_trap,medium,10752,4,oracle_cause,0,0,9,-5.315,508.1148,,0.0,0,,,,9,0,0,0
planning_trap,medium,10752,5,oracle_cause,0,0,13,-5.355,519.8684,,0.0,0,,,,13,0,0,0
planning_trap,medium,10752,6,oracle_cause,0,0,13,-5.355,523.2683,,0.0,0,,,,13,0,0,0
planning_trap,medium,10752,7,oracle_cause,1,1,18,10.82,527.3876,,0.0,0,,,,18,0,0,0
planning_trap,medium,10752,8,oracle_cause,0,0,13,-5.355,517.6958,,0.0,0,,,,13,0,0,0
planning_trap,medium,10752,9,oracle_cause,0,0,11,-5.335,472.4789,,0.0,0,,,,11,0,0,0
planning_trap,medium,10752,0,particle,0,0,9,-5.315,511.0055,0.000452,1.0,9,1.0,,0.0,9,0,0,0
planning_trap,medium,10752,1,particle,0,0,9,-5.315,508.8796,0.000586,1.0,9,1.0,,0.0,9,0,0,0
planning_trap,medium,10752,2,particle,1,1,18,10.82,517.7753,0.001161,1.0,18,1.0,,0.0556,18,0,0,0
planning_trap,medium,10752,3,particle,0,0,11,-5.335,476.5839,0.000634,1.0,11,1.0,,0.0,11,0,0,0
planning_trap,medium,10752,4,particle,0,0,15,-5.375,461.7666,0.000777,1.0,15,1.0,,0.0,15,0,0,0
planning_trap,medium,10752,5,particle,0,0,9,-5.315,508.1148,0.000537,1.0,9,1.0,,0.0,9,0,0,0
planning_trap,medium,10752,6,particle,0,0,10,-5.325,507.658,0.000811,1.0,10,1.0,,0.0,10,0,0,0
planning_trap,medium,10752,7,particle,0,0,11,-5.335,523.1357,0.000918,1.0,11,1.0,,0.0,11,0,0,0
planning_trap,medium,10752,8,particle,0,0,9,-5.315,511.0055,0.000682,1.0,9,1.0,,0.0,9,0,0,0
planning_trap,medium,10752,9,particle,0,0,13,-5.355,491.9153,0.000813,1.0,13,1.0,,0.0,13,0,0,0
planning_trap,medium,11752,0,no_teacher,0,0,10,-5.325,514.9272,,0.0,0,,,,10,0,0,0
planning_trap,medium,11752,1,no_teacher,0,0,9,-5.315,511.335,,0.0,0,,,,9,0,0,0
planning_trap,medium,11752,2,no_teacher,0,0,9,-5.315,508.8796,,0.0,0,,,,9,0,0,0
planning_trap,medium,11752,3,no_teacher,0,0,9,-5.315,511.0055,,0.0,0,,,,9,0,0,0
planning_trap,medium,11752,4,no_teacher,1,1,18,10.82,526.3246,,0.0,0,,,,18,0,0,0
planning_trap,medium,11752,5,no_teacher,0,0,9,-5.315,511.335,,0.0,0,,,,9,0,0,0
planning_trap,medium,11752,6,no_teacher,0,0,13,-5.355,521.8018,,0.0,0,,,,13,0,0,0
planning_trap,medium,11752,7,no_teacher,0,0,10,-5.325,515.6155,,0.0,0,,,,10,0,0,0
planning_trap,medium,11752,8,no_teacher,0,0,11,-5.335,436.723,,0.0,0,,,,11,0,0,0
planning_trap,medium,11752,9,no_teacher,0,0,10,-5.325,517.5288,,0.0,0,,,,10,0,0,0
planning_trap,medium,11752,0,always_help,0,0,9,-5.315,96.9365,,0.0,0,,,,0,9,0,0
planning_trap,medium,11752,1,always_help,0,0,9,-5.315,93.7053,,0.0,0,,,,0,9,0,0
planning_trap,medium,11752,2,always_help,0,0,13,-5.355,86.0462,,0.0,0,,,,0,13,0,0
planning_trap,medium,11752,3,always_help,0,0,9,-5.315,91.8015,,0.0,0,,,,0,9,0,0
planning_trap,medium,11752,4,always_help,0,0,11,-5.335,95.4799,,0.0,0,,,,0,11,0,0
planning_trap,medium,11752,5,always_help,0,0,11,-5.335,95.1451,,0.0,0,,,,0,11,0,0
planning_trap,medium,11752,6,always_help,0,0,9,-5.315,94.4855,,0.0,0,,,,0,9,0,0
planning_trap,medium,11752,7,always_help,0,0,11,-5.335,95.4799,,0.0,0,,,,0,11,0,0
planning_trap,medium,11752,8,always_help,0,0,10,-5.325,92.5504,,0.0,0,,,,0,10,0,0
planning_trap,medium,11752,9,always_help,0,0,9,-5.315,96.9877,,0.0,0,,,,0,9,0,0
planning_trap,medium,11752,0,oracle,0,0,9,-5.315,85.1684,,0.0,0,,,,0,9,0,0
planning_trap,medium,11752,1,oracle,0,0,11,-5.335,79.2813,,0.0,0,,,,0,11,0,0
planning_trap,medium,11752,2,oracle,0,0,9,-5.315,84.814,,0.0,0,,,,0,9,0,0
planning_trap,medium,11752,3,oracle,0,0,9,-5.315,83.9216,,0.0,0,,,,0,9,0,0
planning_trap,medium,11752,4,oracle,0,0,10,-5.325,85.9872,,0.0,0,,,,0,10,0,0
planning_trap,medium,11752,5,oracle,0,0,10,-5.325,86.3049,,0.0,0,,,,0,10,0,0
planning_trap,medium,11752,6,oracle,0,0,13,-5.355,87.1739,,0.0,0,,,,0,13,0,0
planning_trap,medium,11752,7,oracle,0,0,12,-5.335,73.9788,,0.0,0,,,,0,12,0,0
planning_trap,medium,11752,8,oracle,0,0,10,-5.325,85.8219,,0.0,0,,,,0,10,0,0
planning_trap,medium,11752,9,oracle,0,0,15,-5.375,57.7182,,0.0,0,,,,0,14,1,0
planning_trap,medium,11752,0,oracle_cause,0,0,10,-5.325,517.5288,,0.0,0,,,,10,0,0,0
planning_trap,medium,11752,1,oracle_cause,0,0,13,-5.355,521.5684,,0.0,0,,,,13,0,0,0
planning_trap,medium,11752,2,oracle_cause,0,0,9,-5.315,511.0055,,0.0,0,,,,9,0,0,0
planning_trap,medium,11752,3,oracle_cause,0,0,9,-5.315,509.2167,,0.0,0,,,,9,0,0,0
planning_trap,medium,11752,4,oracle_cause,0,0,9,-5.315,504.1664,,0.0,0,,,,9,0,0,0
planning_trap,medium,11752,5,oracle_cause,0,0,9,-5.315,508.8796,,0.0,0,,,,9,0,0,0
planning_trap,medium,11752,6,oracle_cause,0,0,17,-5.395,474.8312,,0.0,0,,,,17,0,0,0
planning_trap,medium,11752,7,oracle_cause,0,0,11,-5.335,431.0917,,0.0,0,,,,11,0,0,0
planning_trap,medium,11752,8,oracle_cause,0,0,13,-5.355,517.6958,,0.0,0,,,,13,0,0,0
planning_trap,medium,11752,9,oracle_cause,0,0,9,-5.315,506.6632,,0.0,0,,,,9,0,0,0
planning_trap,medium,11752,0,particle,1,1,18,10.82,517.993,0.001451,1.0,18,1.0,,0.0556,18,0,0,0
planning_trap,medium,11752,1,particle,0,0,9,-5.315,511.335,0.000661,1.0,9,1.0,,0.0,9,0,0,0
planning_trap,medium,11752,2,particle,0,0,9,-5.315,511.0055,0.000752,1.0,9,1.0,,0.0,9,0,0,0
planning_trap,medium,11752,3,particle,0,0,10,-5.325,515.6155,0.000839,1.0,10,1.0,,0.0,10,0,0,0
planning_trap,medium,11752,4,particle,0,0,9,-5.315,511.335,0.000801,1.0,9,1.0,,0.0,9,0,0,0
planning_trap,medium,11752,5,particle,0,0,11,-5.335,522.8661,0.000833,1.0,11,1.0,,0.0,11,0,0,0
planning_trap,medium,11752,6,particle,0,0,11,-5.335,516.7456,0.001195,1.0,11,1.0,,0.0,11,0,0,0
planning_trap,medium,11752,7,particle,0,0,15,-5.375,495.4055,0.000918,1.0,15,1.0,,0.0,15,0,0,0
planning_trap,medium,11752,8,particle,0,0,9,-5.315,503.2859,0.000843,1.0,9,1.0,,0.0,9,0,0,0
planning_trap,medium,11752,9,particle,0,0,9,-5.315,508.1148,0.000731,1.0,9,1.0,,0.0,9,0,0,0
planning_trap,medium,12752,0,no_teacher,0,0,11,-5.335,521.1267,,0.0,0,,,,11,0,0,0
planning_trap,medium,12752,1,no_teacher,0,0,27,-5.355,239.981,,0.0,0,,,,27,0,0,0
planning_trap,medium,12752,2,no_teacher,0,0,9,-5.315,511.335,,0.0,0,,,,9,0,0,0
planning_trap,medium,12752,3,no_teacher,0,0,11,-5.335,441.2611,,0.0,0,,,,11,0,0,0
planning_trap,medium,12752,4,no_teacher,0,0,9,-5.315,511.0055,,0.0,0,,,,9,0,0,0
planning_trap,medium,12752,5,no_teacher,0,0,13,-5.355,523.0402,,0.0,0,,,,13,0,0,0
planning_trap,medium,12752,6,no_teacher,0,0,14,-5.365,458.1022,,0.0,0,,,,14,0,0,0
planning_trap,medium,12752,7,no_teacher,0,0,10,-5.325,517.5288,,0.0,0,,,,10,0,0,0
planning_trap,medium,12752,8,no_teacher,0,0,11,-5.335,522.8661,,0.0,0,,,,11,0,0,0
planning_trap,medium,12752,9,no_teacher,0,0,9,-5.315,500.038,,0.0,0,,,,9,0,0,0
planning_trap,medium,12752,0,always_help,1,1,25,10.78,73.5834,,0.0,0,,,,0,25,0,0
planning_trap,medium,12752,1,always_help,0,0,9,-5.315,94.4855,,0.0,0,,,,0,9,0,0
planning_trap,medium,12752,2,always_help,0,0,9,-5.315,94.4855,,0.0,0,,,,0,9,0,0
planning_trap,medium,12752,3,always_help,0,0,11,-5.325,89.4958,,0.0,0,,,,0,11,0,0
planning_trap,medium,12752,4,always_help,0,0,11,-5.335,93.2381,,0.0,0,,,,0,11,0,0
planning_trap,medium,12752,5,always_help,0,0,10,-5.325,92.5992,,0.0,0,,,,0,10,0,0
planning_trap,medium,12752,6,always_help,0,0,10,-5.325,96.4504,,0.0,0,,,,0,10,0,0
planning_trap,medium,12752,7,always_help,0,0,9,-5.315,94.4855,,0.0,0,,,,0,9,0,0
planning_trap,medium,12752,8,always_help,0,0,11,-5.335,95.0408,,0.0,0,,,,0,11,0,0
planning_trap,medium,12752,9,always_help,0,0,12,-5.325,83.5863,,0.0,0,,,,0,12,0,0
planning_trap,medium,12752,0,oracle,0,0,9,-5.315,85.1684,,0.0,0,,,,0,9,0,0
planning_trap,medium,12752,1,oracle,0,0,11,-5.335,87.145,,0.0,0,,,,0,11,0,0
planning_trap,medium,12752,2,oracle,0,0,14,-5.355,81.8859,,0.0,0,,,,0,14,0,0
planning_trap,medium,12752,3,oracle,0,0,12,-5.345,73.8651,,0.0,0,,,,0,12,0,0
planning_trap,medium,12752,4,oracle,0,0,9,-5.315,85.2233,,0.0,0,,,,0,9,0,0
planning_trap,medium,12752,5,oracle,0,0,10,-5.325,86.3049,,0.0,0,,,,0,10,0,0
planning_trap,medium,12752,6,oracle,0,0,11,-5.335,73.829,,0.0,0,,,,0,11,0,0
planning_trap,medium,12752,7,oracle,0,0,11,-5.335,79.083,,0.0,0,,,,0,11,0,0
planning_trap,medium,12752,8,oracle,0,0,12,-5.345,63.7883,,0.0,0,,,,0,11,1,0
planning_trap,medium,12752,9,oracle,0,0,13,-5.355,86.6729,,0.0,0,,,,0,13,0,0
planning_trap,medium,12752,0,oracle_cause,0,0,9,-5.315,508.8796,,0.0,0,,,,9,0,0,0
planning_trap,medium,12752,1,oracle_cause,0,0,13,-5.355,488.0572,,0.0,0,,,,13,0,0,0
planning_trap,medium,12752,2,oracle_cause,1,1,19,10.82,504.3181,,0.0,0,,,,19,0,0,0
planning_trap,medium,12752,3,oracle_cause,0,0,11,-5.335,442.9709,,0.0,0,,,,11,0,0,0
planning_trap,medium,12752,4,oracle_cause,0,0,10,-5.325,517.5288,,0.0,0,,,,10,0,0,0
planning_trap,medium,12752,5,oracle_cause,0,0,9,-5.315,506.4242,,0.0,0,,,,9,0,0,0
planning_trap,medium,12752,6,oracle_cause,0,0,12,-5.345,473.4907,,0.0,0,,,,12,0,0,0
planning_trap,medium,12752,7,oracle_cause,0,0,9,-5.315,511.335,,0.0,0,,,,9,0,0,0
planning_trap,medium,12752,8,oracle_cause,0,0,9,-5.315,509.2167,,0.0,0,,,,9,0,0,0
planning_trap,medium,12752,9,oracle_cause,0,0,13,-5.355,523.0402,,0.0,0,,,,13,0,0,0
planning_trap,medium,12752,0,particle,0,0,11,-5.335,468.8789,0.000642,1.0,11,1.0,,0.0,11,0,0,0
planning_trap,medium,12752,1,particle,0,0,9,-5.315,506.6632,0.000641,1.0,9,1.0,,0.0,9,0,0,0
planning_trap,medium,12752,2,particle,0,0,9,-5.315,495.4857,0.000522,1.0,9,1.0,,0.0,9,0,0,0
planning_trap,medium,12752,3,particle,0,0,10,-5.325,515.9189,0.001706,1.0,10,1.0,,0.0,10,0,0,0
planning_trap,medium,12752,4,particle,0,0,9,-5.315,504.1664,0.000482,1.0,9,1.0,,0.0,9,0,0,0
planning_trap,medium,12752,5,particle,0,0,9,-5.315,508.8796,0.000737,1.0,9,1.0,,0.0,9,0,0,0
planning_trap,medium,12752,6,particle,0,0,11,-5.335,431.0917,0.000603,1.0,11,1.0,,0.0,11,0,0,0
planning_trap,medium,12752,7,particle,0,0,13,-5.355,521.8018,0.000858,1.0,13,1.0,,0.0,13,0,0,0
planning_trap,medium,12752,8,particle,0,0,15,-5.375,490.6843,0.000922,1.0,15,1.0,,0.0,15,0,0,0
planning_trap,medium,12752,9,particle,0,0,9,-5.315,511.0055,0.000912,1.0,9,1.0,,0.0,9,0,0,0
planning_trap,hard,8752,0,no_teacher,0,0,9,-5.34,509.2167,,0.0,0,,,,9,0,0,0
planning_trap,hard,8752,1,no_teacher,0,0,10,-5.35,518.2171,,0.0,0,,,,10,0,0,0
planning_trap,hard,8752,2,no_teacher,0,0,9,-5.34,509.2167,,0.0,0,,,,9,0,0,0
planning_trap,hard,8752,3,no_teacher,0,0,9,-5.34,511.0055,,0.0,0,,,,9,0,0,0
planning_trap,hard,8752,4,no_teacher,0,0,9,-5.34,497.8002,,0.0,0,,,,9,0,0,0
planning_trap,hard,8752,5,no_teacher,0,0,9,-5.34,499.3751,,0.0,0,,,,9,0,0,0
planning_trap,hard,8752,6,no_teacher,0,0,9,-5.34,494.6718,,0.0,0,,,,9,0,0,0
planning_trap,hard,8752,7,no_teacher,0,0,9,-5.34,511.0055,,0.0,0,,,,9,0,0,0
planning_trap,hard,8752,8,no_teacher,0,0,9,-5.34,508.1148,,0.0,0,,,,9,0,0,0
planning_trap,hard,8752,9,no_teacher,0,0,11,-5.36,513.2524,,0.0,0,,,,11,0,0,0
planning_trap,hard,8752,0,always_help,0,0,11,-5.36,86.4666,,0.0,0,,,,0,11,0,0
planning_trap,hard,8752,1,always_help,0,0,10,-5.34,87.6629,,0.0,0,,,,0,10,0,0
planning_trap,hard,8752,2,always_help,0,0,11,-5.36,95.4799,,0.0,0,,,,0,11,0,0
planning_trap,hard,8752,3,always_help,0,0,13,-5.38,88.9118,,0.0,0,,,,0,13,0,0
planning_trap,hard,8752,4,always_help,0,0,13,-5.38,94.3886,,0.0,0,,,,0,13,0,0
planning_trap,hard,8752,5,always_help,0,0,13,-5.38,95.974,,0.0,0,,,,0,13,0,0
planning_trap,hard,8752,6,always_help,0,0,12,-5.34,74.4985,,0.0,0,,,,0,12,0,0
planning_trap,hard,8752,7,always_help,0,0,9,-5.34,94.4855,,0.0,0,,,,0,9,0,0
planning_trap,hard,8752,8,always_help,0,0,11,-5.36,86.3412,,0.0,0,,,,0,11,0,0
planning_trap,hard,8752,9,always_help,0,0,9,-5.34,94.0037,,0.0,0,,,,0,9,0,0
planning_trap,hard,8752,0,oracle,0,0,9,-5.34,84.8702,,0.0,0,,,,0,9,0,0
planning_trap,hard,8752,1,oracle,1,1,18,10.82,80.3129,,0.0,0,,,,0,17,1,0
planning_trap,hard,8752,2,oracle,1,1,18,10.82,87.8983,,0.0,0,,,,0,18,0,0
planning_trap,hard,8752,3,oracle,0,0,9,-5.34,84.6866,,0.0,0,,,,0,9,0,0
planning_trap,hard,8752,4,oracle,0,0,11,-5.36,86.2124,,0.0,0,,,,0,11,0,0
planning_trap,hard,8752,5,oracle,0,0,9,-5.34,85.2233,,0.0,0,,,,0,9,0,0
planning_trap,hard,8752,6,oracle,0,0,9,-5.34,83.3404,,0.0,0,,,,0,9,0,0
planning_trap,hard,8752,7,oracle,0,0,11,-5.36,86.5529,,0.0,0,,,,0,11,0,0
planning_trap,hard,8752,8,oracle,0,0,10,-5.35,85.9366,,0.0,0,,,,0,10,0,0
planning_trap,hard,8752,9,oracle,0,0,9,-5.34,84.814,,0.0,0,,,,0,9,0,0
planning_trap,hard,8752,0,oracle_cause,0,0,9,-5.34,511.0055,,0.0,0,,,,9,0,0,0
planning_trap,hard,8752,1,oracle_cause,0,0,11,-5.36,441.5306,,0.0,0,,,,11,0,0,0
planning_trap,hard,8752,2,oracle_cause,0,0,9,-5.34,509.2167,,0.0,0,,,,9,0,0,0
planning_trap,hard,8752,3,oracle_cause,0,0,13,-5.38,523.0402,,0.0,0,,,,13,0,0,0
planning_trap,hard,8752,4,oracle_cause,0,0,9,-5.34,511.0055,,0.0,0,,,,9,0,0,0
planning_trap,hard,8752,5,oracle_cause,0,0,10,-5.35,515.9189,,0.0,0,,,,10,0,0,0
planning_trap,hard,8752,6,oracle_cause,0,0,11,-5.36,522.8661,,0.0,0,,,,11,0,0,0
planning_trap,hard,8752,7,oracle_cause,0,0,13,-5.38,518.3054,,0.0,0,,,,13,0,0,0
planning_trap,hard,8752,8,oracle_cause,0,0,9,-5.34,511.0055,,0.0,0,,,,9,0,0,0
planning_trap,hard,8752,9,oracle_cause,0,0,10,-5.35,510.5811,,0.0,0,,,,10,0,0,0
planning_trap,hard,8752,0,particle,0,0,9,-5.34,511.0055,0.000681,1.0,9,1.0,,0.0,9,0,0,0
planning_trap,hard,8752,1,particle,0,0,11,-5.36,513.9794,0.001011,1.0,11,1.0,,0.0,11,0,0,0
planning_trap,hard,8752,2,particle,0,0,11,-5.36,472.0242,0.00078,1.0,11,1.0,,0.0,11,0,0,0
planning_trap,hard,8752,3,particle,0,0,14,-5.39,423.6313,0.00102,1.0,14,1.0,,0.0,14,0,0,0
planning_trap,hard,8752,4,particle,0,0,13,-5.38,523.2683,0.001585,1.0,13,1.0,,0.0,13,0,0,0
planning_trap,hard,8752,5,particle,0,0,9,-5.34,511.0055,0.000731,1.0,9,1.0,,0.0,9,0,0,0
planning_trap,hard,8752,6,particle,0,0,10,-5.35,520.427,0.000884,1.0,10,1.0,,0.0,10,0,0,0
planning_trap,hard,8752,7,particle,0,0,9,-5.34,511.335,0.000578,1.0,9,1.0,,0.0,9,0,0,0
planning_trap,hard,8752,8,particle,0,0,9,-5.34,508.8796,0.000591,1.0,9,1.0,,0.0,9,0,0,0
planning_trap,hard,8752,9,particle,0,0,13,-5.38,521.0389,0.000791,1.0,13,1.0,,0.0,13,0,0,0
planning_trap,hard,9752,0,no_teacher,0,0,10,-5.35,511.3736,,0.0,0,,,,10,0,0,0
planning_trap,hard,9752,1,no_teacher,0,0,13,-5.38,523.0402,,0.0,0,,,,13,0,0,0
planning_trap,hard,9752,2,no_teacher,0,0,10,-5.35,515.6155,,0.0,0,,,,10,0,0,0
planning_trap,hard,9752,3,no_teacher,0,0,10,-5.35,517.8254,,0.0,0,,,,10,0,0,0
planning_trap,hard,9752,4,no_teacher,0,0,13,-5.38,509.3547,,0.0,0,,,,13,0,0,0
planning_trap,hard,9752,5,no_teacher,0,0,9,-5.34,508.1148,,0.0,0,,,,9,0,0,0
planning_trap,hard,9752,6,no_teacher,0,0,9,-5.34,508.1148,,0.0,0,,,,9,0,0,0
planning_trap,hard,9752,7,no_teacher,0,0,9,-5.34,511.0055,,0.0,0,,,,9,0,0,0
planning_trap,hard,9752,8,no_teacher,0,0,13,-5.38,485.8278,,0.0,0,,,,13,0,0,0
planning_trap,hard,9752,9,no_teacher,0,0,12,-5.37,483.8096,,0.0,0,,,,12,0,0,0
planning_trap,hard,9752,0,always_help,0,0,9,-5.34,94.5404,,0.0,0,,,,0,9,0,0
planning_trap,hard,9752,1,always_help,0,0,9,-5.34,96.5929,,0.0,0,,,,0,9,0,0
planning_trap,hard,9752,2,always_help,0,0,11,-5.36,81.7629,,0.0,0,,,,0,11,0,0
planning_trap,hard,9752,3,always_help,0,0,12,-5.37,95.2143,,0.0,0,,,,0,12,0,0
planning_trap,hard,9752,4,always_help,0,0,9,-5.34,96.1981,,0.0,0,,,,0,9,0,0
planning_trap,hard,9752,5,always_help,0,0,11,-5.36,80.9781,,0.0,0,,,,0,11,0,0
planning_trap,hard,9752,6,always_help,0,0,14,-5.38,89.8009,,0.0,0,,,,0,14,0,0
planning_trap,hard,9752,7,always_help,1,1,18,10.82,94.0706,,0.0,0,,,,0,18,0,0
planning_trap,hard,9752,8,always_help,0,0,9,-5.34,93.7618,,0.0,0,,,,0,9,0,0
planning_trap,hard,9752,9,always_help,0,0,9,-5.34,94.5404,,0.0,0,,,,0,9,0,0
planning_trap,hard,9752,0,oracle,0,0,9,-5.34,84.4048,,0.0,0,,,,0,9,0,0
planning_trap,hard,9752,1,oracle,0,0,12,-5.36,81.4269,,0.0,0,,,,0,12,0,0
planning_trap,hard,9752,2,oracle,0,0,9,-5.34,84.8702,,0.0,0,,,,0,9,0,0
planning_trap,hard,9752,3,oracle,0,0,12,-5.37,75.3888,,0.0,0,,,,0,12,0,0
planning_trap,hard,9752,4,oracle,0,0,9,-5.34,83.3404,,0.0,0,,,,0,9,0,0
planning_trap,hard,9752,5,oracle,0,0,9,-5.34,85.1684,,0.0,0,,,,0,9,0,0
planning_trap,hard,9752,6,oracle,0,0,9,-5.34,84.8702,,0.0,0,,,,0,9,0,0
planning_trap,hard,9752,7,oracle,0,0,9,-5.34,85.2233,,0.0,0,,,,0,9,0,0
planning_trap,hard,9752,8,oracle,0,0,10,-5.35,86.2555,,0.0,0,,,,0,10,0,0
planning_trap,hard,9752,9,oracle,0,0,10,-5.35,85.8219,,0.0,0,,,,0,10,0,0
planning_trap,hard,9752,0,oracle_cause,0,0,10,-5.35,515.6155,,0.0,0,,,,10,0,0,0
planning_trap,hard,9752,1,oracle_cause,0,0,9,-5.34,511.0055,,0.0,0,,,,9,0,0,0
planning_trap,hard,9752,2,oracle_cause,0,0,9,-5.34,511.0055,,0.0,0,,,,9,0,0,0
planning_trap,hard,9752,3,oracle_cause,0,0,10,-5.35,499.8454,,0.0,0,,,,10,0,0,0
planning_trap,hard,9752,4,oracle_cause,1,1,18,10.82,523.968,,0.0,0,,,,18,0,0,0
planning_trap,hard,9752,5,oracle_cause,0,0,9,-5.34,511.0055,,0.0,0,,,,9,0,0,0
planning_trap,hard,9752,6,oracle_cause,0,0,10,-5.35,515.3927,,0.0,0,,,,10,0,0,0
planning_trap,hard,9752,7,oracle_cause,0,0,9,-5.34,506.6632,,0.0,0,,,,9,0,0,0
planning_trap,hard,9752,8,oracle_cause,0,0,10,-5.35,510.5811,,0.0,0,,,,10,0,0,0
planning_trap,hard,9752,9,oracle_cause,0,0,11,-5.36,522.8661,,0.0,0,,,,11,0,0,0
planning_trap,hard,9752,0,particle,0,0,11,-5.36,476.3044,0.000853,1.0,11,1.0,,0.0,11,0,0,0
planning_trap,hard,9752,1,particle,1,1,20,10.8,480.9535,0.001334,1.0,20,0.95,,0.05,20,0,0,0
planning_trap,hard,9752,2,particle,0,0,9,-5.34,511.0055,0.000583,1.0,9,1.0,,0.0,9,0,0,0
planning_trap,hard,9752,3,particle,0,0,10,-5.34,471.1101,0.000582,1.0,10,1.0,,0.0,10,0,0,0
planning_trap,hard,9752,4,particle,0,0,9,-5.34,509.2167,0.000827,1.0,9,1.0,,0.0,9,0,0,0
planning_trap,hard,9752,5,particle,0,0,11,-5.36,474.9884,0.001053,1.0,11,1.0,,0.0,11,0,0,0
planning_trap,hard,9752,6,particle,0,0,9,-5.34,508.8796,0.000739,1.0,9,1.0,,0.0,9,0,0,0
planning_trap,hard,9752,7,particle,0,0,9,-5.34,511.0055,0.000553,1.0,9,1.0,,0.0,9,0,0,0
planning_trap,hard,9752,8,particle,0,0,15,-5.4,465.5209,0.001101,1.0,15,1.0,,0.0,15,0,0,0
planning_trap,hard,9752,9,particle,0,0,11,-5.36,522.8661,0.000804,1.0,11,1.0,,0.0,11,0,0,0
planning_trap,hard,10752,0,no_teacher,1,1,18,10.82,526.4932,,0.0,0,,,,18,0,0,0
planning_trap,hard,10752,1,no_teacher,0,0,10,-5.35,515.3927,,0.0,0,,,,10,0,0,0
planning_trap,hard,10752,2,no_teacher,0,0,11,-5.36,469.3895,,0.0,0,,,,11,0,0,0
planning_trap,hard,10752,3,no_teacher,0,0,13,-5.38,452.7528,,0.0,0,,,,13,0,0,0
planning_trap,hard,10752,4,no_teacher,0,0,9,-5.34,511.0055,,0.0,0,,,,9,0,0,0
planning_trap,hard,10752,5,no_teacher,0,0,12,-5.37,452.1427,,0.0,0,,,,12,0,0,0
planning_trap,hard,10752,6,no_teacher,0,0,9,-5.34,506.5437,,0.0,0,,,,9,0,0,0
planning_trap,hard,10752,7,no_teacher,0,0,9,-5.34,511.0055,,0.0,0,,,,9,0,0,0
planning_trap,hard,10752,8,no_teacher,0,0,9,-5.34,511.0055,,0.0,0,,,,9,0,0,0
planning_trap,hard,10752,9,no_teacher,0,0,12,-5.37,479.6908,,0.0,0,,,,12,0,0,0
planning_trap,hard,10752,0,always_help,0,0,10,-5.35,96.8057,,0.0,0,,,,0,10,0,0
planning_trap,hard,10752,1,always_help,0,0,13,-5.38,71.9109,,0.0,0,,,,0,13,0,0
planning_trap,hard,10752,2,always_help,0,0,9,-5.34,93.7219,,0.0,0,,,,0,9,0,0
planning_trap,hard,10752,3,always_help,0,0,13,-5.38,94.515,,0.0,0,,,,0,13,0,0
planning_trap,hard,10752,4,always_help,0,0,10,-5.34,87.947,,0.0,0,,,,0,10,0,0
planning_trap,hard,10752,5,always_help,0,0,9,-5.34,96.9365,,0.0,0,,,,0,9,0,0
planning_trap,hard,10752,6,always_help,0,0,11,-5.36,81.125,,0.0,0,,,,0,11,0,0
planning_trap,hard,10752,7,always_help,0,0,11,-5.36,90.111,,0.0,0,,,,0,11,0,0
planning_trap,hard,10752,8,always_help,0,0,10,-5.35,95.0158,,0.0,0,,,,0,10,0,0
planning_trap,hard,10752,9,always_help,0,0,9,-5.34,96.9365,,0.0,0,,,,0,9,0,0
planning_trap,hard,10752,0,oracle,0,0,10,-5.35,86.2555,,0.0,0,,,,0,10,0,0
planning_trap,hard,10752,1,oracle,0,0,12,-5.37,75.4187,,0.0,0,,,,0,12,0,0
planning_trap,hard,10752,2,oracle,0,0,10,-5.35,71.0021,,0.0,0,,,,0,9,1,0
planning_trap,hard,10752,3,oracle,0,0,11,-5.36,73.589,,0.0,0,,,,0,11,0,0
planning_trap,hard,10752,4,oracle,0,0,13,-5.38,70.4041,,0.0,0,,,,0,13,0,0
planning_trap,hard,10752,5,oracle,0,0,10,-5.35,86.3049,,0.0,0,,,,0,10,0,0
planning_trap,hard,10752,6,oracle,0,0,9,-5.34,85.1684,,0.0,0,,,,0,9,0,0
planning_trap,hard,10752,7,oracle,0,0,9,-5.34,70.9603,,0.0,0,,,,0,8,1,0
planning_trap,hard,10752,8,oracle,0,0,9,-5.34,83.9216,,0.0,0,,,,0,9,0,0
planning_trap,hard,10752,9,oracle,0,0,10,-5.35,85.8219,,0.0,0,,,,0,10,0,0
planning_trap,hard,10752,0,oracle_cause,0,0,11,-5.36,508.6839,,0.0,0,,,,11,0,0,0
planning_trap,hard,10752,1,oracle_cause,0,0,13,-5.38,457.2704,,0.0,0,,,,13,0,0,0
planning_trap,hard,10752,2,oracle_cause,0,0,9,-5.34,506.6632,,0.0,0,,,,9,0,0,0
planning_trap,hard,10752,3,oracle_cause,0,0,11,-5.36,517.2704,,0.0,0,,,,11,0,0,0
planning_trap,hard,10752,4,oracle_cause,0,0,9,-5.34,511.0055,,0.0,0,,,,9,0,0,0
planning_trap,hard,10752,5,oracle_cause,0,0,9,-5.34,511.0055,,0.0,0,,,,9,0,0,0
planning_trap,hard,10752,6,oracle_cause,0,0,9,-5.34,508.8796,,0.0,0,,,,9,0,0,0
planning_trap,hard,10752,7,oracle_cause,0,0,12,-5.37,521.6517,,0.0,0,,,,12,0,0,0
planning_trap,hard,10752,8,oracle_cause,0,0,11,-5.36,520.5009,,0.0,0,,,,11,0,0,0
planning_trap,hard,10752,9,oracle_cause,0,0,11,-5.36,522.8661,,0.0,0,,,,11,0,0,0
planning_trap,hard,10752,0,particle,0,0,10,-5.35,515.9189,0.000973,1.0,10,1.0,,0.0,10,0,0,0
planning_trap,hard,10752,1,particle,0,0,10,-5.35,515.6155,0.000719,1.0,10,1.0,,0.0,10,0,0,0
planning_trap,hard,10752,2,particle,0,0,13,-5.38,521.5684,0.00155,1.0,13,1.0,,0.0,13,0,0,0
planning_trap,hard,10752,3,particle,0,0,13,-5.38,523.0402,0.001193,1.0,13,1.0,,0.0,13,0,0,0
planning_trap,hard,10752,4,particle,0,0,9,-5.34,496.1272,0.000469,1.0,9,1.0,,0.0,9,0,0,0
planning_trap,hard,10752,5,particle,0,0,9,-5.34,506.6632,0.000977,1.0,9,1.0,,0.0,9,0,0,0
planning_trap,hard,10752,6,particle,0,0,9,-5.34,511.0055,0.001141,1.0,9,1.0,,0.0,9,0,0,0
planning_trap,hard,10752,7,particle,0,0,10,-5.35,517.8254,0.000649,1.0,10,1.0,,0.0,10,0,0,0
planning_trap,hard,10752,8,particle,0,0,11,-5.36,522.8661,0.001259,1.0,11,1.0,,0.0,11,0,0,0
planning_trap,hard,10752,9,particle,0,0,9,-5.34,500.038,0.000614,1.0,9,1.0,,0.0,9,0,0,0
planning_trap,hard,11752,0,no_teacher,0,0,11,-5.36,434.7584,,0.0,0,,,,11,0,0,0
planning_trap,hard,11752,1,no_teacher,0,0,9,-5.34,511.0055,,0.0,0,,,,9,0,0,0
planning_trap,hard,11752,2,no_teacher,0,0,13,-5.38,523.0402,,0.0,0,,,,13,0,0,0
planning_trap,hard,11752,3,no_teacher,0,0,9,-5.34,508.1148,,0.0,0,,,,9,0,0,0
planning_trap,hard,11752,4,no_teacher,0,0,11,-5.36,519.2155,,0.0,0,,,,11,0,0,0
planning_trap,hard,11752,5,no_teacher,0,0,10,-5.35,517.5288,,0.0,0,,,,10,0,0,0
planning_trap,hard,11752,6,no_teacher,1,1,18,10.82,527.3876,,0.0,0,,,,18,0,0,0
planning_trap,hard,11752,7,no_teacher,0,0,9,-5.34,509.2167,,0.0,0,,,,9,0,0,0
planning_trap,hard,11752,8,no_teacher,0,0,9,-5.34,511.0055,,0.0,0,,,,9,0,0,0
planning_trap,hard,11752,9,no_teacher,0,0,10,-5.35,514.9272,,0.0,0,,,,10,0,0,0
planning_trap,hard,11752,0,always_help,0,0,13,-5.38,70.2984,,0.0,0,,,,0,13,0,0
planning_trap,hard,11752,1,always_help,0,0,9,-5.34,91.8015,,0.0,0,,,,0,9,0,0
planning_trap,hard,11752,2,always_help,0,0,9,-5.34,94.5404,,0.0,0,,,,0,9,0,0
planning_trap,hard,11752,3,always_help,0,0,9,-5.34,93.1283,,0.0,0,,,,0,9,0,0
planning_trap,hard,11752,4,always_help,0,0,11,-5.36,95.4799,,0.0,0,,,,0,11,0,0
planning_trap,hard,11752,5,always_help,0,0,9,-5.34,94.4855,,0.0,0,,,,0,9,0,0
planning_trap,hard,11752,6,always_help,0,0,9,-5.34,96.9877,,0.0,0,,,,0,9,0,0
planning_trap,hard,11752,7,always_help,0,0,13,-5.38,94.9503,,0.0,0,,,,0,13,0,0
planning_trap,hard,11752,8,always_help,0,0,12,-5.37,88.198,,0.0,0,,,,0,12,0,0
planning_trap,hard,11752,9,always_help,1,1,18,10.82,94.2561,,0.0,0,,,,0,18,0,0
planning_trap,hard,11752,0,oracle,0,0,11,-5.36,73.5441,,0.0,0,,,,0,11,0,0
planning_trap,hard,11752,1,oracle,0,0,10,-5.35,71.4071,,0.0,0,,,,0,9,1,0
planning_trap,hard,11752,2,oracle,0,0,9,-5.34,85.1684,,0.0,0,,,,0,9,0,0
planning_trap,hard,11752,3,oracle,0,0,13,-5.38,87.1739,,0.0,0,,,,0,13,0,0
planning_trap,hard,11752,4,oracle,0,0,9,-5.34,85.2233,,0.0,0,,,,0,9,0,0
planning_trap,hard,11752,5,oracle,0,0,9,-5.34,84.0285,,0.0,0,,,,0,9,0,0
planning_trap,hard,11752,6,oracle,0,0,14,-5.39,75.6661,,0.0,0,,,,0,14,0,0
planning_trap,hard,11752,7,oracle,0,0,13,-5.38,63.4872,,0.0,0,,,,0,13,0,0
planning_trap,hard,11752,8,oracle,0,0,10,-5.35,86.2555,,0.0,0,,,,0,10,0,0
planning_trap,hard,11752,9,oracle,0,0,9,-5.34,85.2233,,0.0,0,,,,0,9,0,0
planning_trap,hard,11752,0,oracle_cause,0,0,11,-5.36,467.3779,,0.0,0,,,,11,0,0,0
planning_trap,hard,11752,1,oracle_cause,0,0,10,-5.35,515.9189,,0.0,0,,,,10,0,0,0
planning_trap,hard,11752,2,oracle_cause,0,0,9,-5.34,496.1272,,0.0,0,,,,9,0,0,0
planning_trap,hard,11752,3,oracle_cause,0,0,9,-5.34,508.1148,,0.0,0,,,,9,0,0,0
planning_trap,hard,11752,4,oracle_cause,0,0,12,-5.37,523.3938,,0.0,0,,,,12,0,0,0
planning_trap,hard,11752,5,oracle_cause,0,0,10,-5.35,515.6155,,0.0,0,,,,10,0,0,0
planning_trap,hard,11752,6,oracle_cause,0,0,13,-5.38,521.8018,,0.0,0,,,,13,0,0,0
planning_trap,hard,11752,7,oracle_cause,1,1,18,10.82,526.4932,,0.0,0,,,,18,0,0,0
planning_trap,hard,11752,8,oracle_cause,0,0,10,-5.34,472.4954,,0.0,0,,,,10,0,0,0
planning_trap,hard,11752,9,oracle_cause,0,0,12,-5.36,490.1524,,0.0,0,,,,12,0,0,0
planning_trap,hard,11752,0,particle,0,0,9,-5.34,508.8796,0.000555,1.0,9,1.0,,0.0,9,0,0,0
planning_trap,hard,11752,1,particle,0,0,10,-5.35,517.5288,0.000694,1.0,10,1.0,,0.0,10,0,0,0
planning_trap,hard,11752,2,particle,1,1,18,10.82,527.5524,0.001301,1.0,18,0.9444,,0.0556,18,0,0,0
planning_trap,hard,11752,3,particle,1,1,20,10.8,483.8133,0.001439,1.0,20,0.95,,0.05,20,0,0,0
planning_trap,hard,11752,4,particle,0,0,9,-5.34,506.5437,0.000531,1.0,9,1.0,,0.0,9,0,0,0
planning_trap,hard,11752,5,particle,0,0,13,-5.38,488.4419,0.001342,1.0,13,1.0,,0.0,13,0,0,0
planning_trap,hard,11752,6,particle,1,1,18,10.82,527.5524,0.001488,1.0,18,0.9444,,0.0556,18,0,0,0
planning_trap,hard,11752,7,particle,0,0,13,-5.38,523.0402,0.000797,1.0,13,1.0,,0.0,13,0,0,0
planning_trap,hard,11752,8,particle,0,0,12,-5.36,411.9229,0.001065,1.0,12,1.0,,0.0,12,0,0,0
planning_trap,hard,11752,9,particle,0,0,11,-5.36,519.3133,0.001147,1.0,11,1.0,,0.0,11,0,0,0
planning_trap,hard,12752,0,no_teacher,0,0,13,-5.38,523.0402,,0.0,0,,,,13,0,0,0
planning_trap,hard,12752,1,no_teacher,0,0,10,-5.35,517.5288,,0.0,0,,,,10,0,0,0
planning_trap,hard,12752,2,no_teacher,1,1,18,10.82,523.6473,,0.0,0,,,,18,0,0,0
planning_trap,hard,12752,3,no_teacher,1,1,18,10.82,521.5126,,0.0,0,,,,18,0,0,0
planning_trap,hard,12752,4,no_teacher,0,0,9,-5.34,506.6632,,0.0,0,,,,9,0,0,0
planning_trap,hard,12752,5,no_teacher,0,0,15,-5.4,465.6772,,0.0,0,,,,15,0,0,0
planning_trap,hard,12752,6,no_teacher,0,0,9,-5.34,500.038,,0.0,0,,,,9,0,0,0
planning_trap,hard,12752,7,no_teacher,0,0,11,-5.36,437.6365,,0.0,0,,,,11,0,0,0
planning_trap,hard,12752,8,no_teacher,0,0,13,-5.38,523.0402,,0.0,0,,,,13,0,0,0
planning_trap,hard,12752,9,no_teacher,0,0,9,-5.34,511.0055,,0.0,0,,,,9,0,0,0
planning_trap,hard,12752,0,always_help,0,0,10,-5.35,96.4504,,0.0,0,,,,0,10,0,0
planning_trap,hard,12752,1,always_help,0,0,13,-5.38,82.4597,,0.0,0,,,,0,13,0,0
planning_trap,hard,12752,2,always_help,0,0,9,-5.34,94.4855,,0.0,0,,,,0,9,0,0
planning_trap,hard,12752,3,always_help,0,0,9,-5.34,93.2387,,0.0,0,,,,0,9,0,0
planning_trap,hard,12752,4,always_help,0,0,9,-5.34,94.4855,,0.0,0,,,,0,9,0,0
planning_trap,hard,12752,5,always_help,0,0,9,-5.34,94.1874,,0.0,0,,,,0,9,0,0
planning_trap,hard,12752,6,always_help,0,0,9,-5.34,94.4855,,0.0,0,,,,0,9,0,0
planning_trap,hard,12752,7,always_help,0,0,9,-5.34,96.5929,,0.0,0,,,,0,9,0,0
planning_trap,hard,12752,8,always_help,0,0,10,-5.35,96.8531,,0.0,0,,,,0,10,0,0
planning_trap,hard,12752,9,always_help,0,0,9,-5.34,96.5254,,0.0,0,,,,0,9,0,0
planning_trap,hard,12752,0,oracle,0,0,10,-5.35,86.2555,,0.0,0,,,,0,10,0,0
planning_trap,hard,12752,1,oracle,0,0,11,-5.36,86.9011,,0.0,0,,,,0,11,0,0
planning_trap,hard,12752,2,oracle,0,0,14,-5.39,69.3595,,0.0,0,,,,0,14,0,0
planning_trap,hard,12752,3,oracle,0,0,12,-5.37,75.3888,,0.0,0,,,,0,12,0,0
planning_trap,hard,12752,4,oracle,0,0,12,-5.37,79.7161,,0.0,0,,,,0,12,0,0
planning_trap,hard,12752,5,oracle,1,1,18,10.82,87.9258,,0.0,0,,,,0,18,0,0
planning_trap,hard,12752,6,oracle,0,0,9,-5.34,85.1684,,0.0,0,,,,0,9,0,0
planning_trap,hard,12752,7,oracle,0,0,9,-5.34,69.6783,,0.0,0,,,,0,8,1,0
planning_trap,hard,12752,8,oracle,0,0,9,-5.34,71.5925,,0.0,0,,,,0,8,1,0
planning_trap,hard,12752,9,oracle,0,0,9,-5.34,84.8702,,0.0,0,,,,0,9,0,0
planning_trap,hard,12752,0,oracle_cause,0,0,11,-5.36,520.5009,,0.0,0,,,,11,0,0,0
planning_trap,hard,12752,1,oracle_cause,0,0,27,-5.46,303.2012,,0.0,0,,,,27,0,0,0
planning_trap,hard,12752,2,oracle_cause,0,0,11,-5.36,523.1357,,0.0,0,,,,11,0,0,0
planning_trap,hard,12752,3,oracle_cause,0,0,9,-5.34,511.0055,,0.0,0,,,,9,0,0,0
planning_trap,hard,12752,4,oracle_cause,0,0,9,-5.34,511.0055,,0.0,0,,,,9,0,0,0
planning_trap,hard,12752,5,oracle_cause,0,0,10,-5.35,507.169,,0.0,0,,,,10,0,0,0
planning_trap,hard,12752,6,oracle_cause,0,0,12,-5.37,449.2524,,0.0,0,,,,12,0,0,0
planning_trap,hard,12752,7,oracle_cause,0,0,11,-5.36,439.896,,0.0,0,,,,11,0,0,0
planning_trap,hard,12752,8,oracle_cause,1,1,18,10.82,527.3876,,0.0,0,,,,18,0,0,0
planning_trap,hard,12752,9,oracle_cause,0,0,9,-5.34,511.0055,,0.0,0,,,,9,0,0,0
planning_trap,hard,12752,0,particle,0,0,9,-5.34,511.0055,0.000618,1.0,9,1.0,,0.0,9,0,0,0
planning_trap,hard,12752,1,particle,0,0,10,-5.35,520.427,0.000798,1.0,10,1.0,,0.0,10,0,0,0
planning_trap,hard,12752,2,particle,0,0,11,-5.36,480.6461,0.001499,1.0,11,1.0,,0.0,11,0,0,0
planning_trap,hard,12752,3,particle,0,0,11,-5.36,475.7191,0.000712,1.0,11,1.0,,0.0,11,0,0,0
planning_trap,hard,12752,4,particle,0,0,9,-5.34,511.0055,0.000528,1.0,9,1.0,,0.0,9,0,0,0
planning_trap,hard,12752,5,particle,0,0,9,-5.34,511.0055,0.000698,1.0,9,1.0,,0.0,9,0,0,0
planning_trap,hard,12752,6,particle,0,0,11,-5.36,478.0114,0.000721,1.0,11,1.0,,0.0,11,0,0,0
planning_trap,hard,12752,7,particle,0,0,15,-5.36,363.4186,0.000986,1.0,15,1.0,,0.0,15,0,0,0
planning_trap,hard,12752,8,particle,0,0,12,-5.37,449.3325,0.000735,1.0,12,1.0,,0.0,12,0,0,0
planning_trap,hard,12752,9,particle,0,0,11,-5.36,476.8535,0.000578,1.0,11,1.0,,0.0,11,0,0,0
exploration_useful,easy,6724,0,no_teacher,1,1,30,10.82,459.2405,,0.0,0,,,,30,0,0,0
exploration_useful,easy,6724,1,no_teacher,1,1,31,10.42,499.2242,,0.0,0,,,,31,0,0,0
exploration_useful,easy,6724,2,no_teacher,1,1,19,10.745,680.1717,,0.0,0,,,,19,0,0,0
exploration_useful,easy,6724,3,no_teacher,1,1,20,10.82,649.2539,,0.0,0,,,,20,0,0,0
exploration_useful,easy,6724,4,no_teacher,1,1,19,10.82,672.713,,0.0,0,,,,19,0,0,0
exploration_useful,easy,6724,5,no_teacher,1,1,20,10.82,657.6873,,0.0,0,,,,20,0,0,0
exploration_useful,easy,6724,6,no_teacher,0,0,55,-1.16,258.4848,,0.0,0,,,,55,0,0,0
exploration_useful,easy,6724,7,no_teacher,1,1,22,10.82,603.1912,,0.0,0,,,,22,0,0,0
exploration_useful,easy,6724,8,no_teacher,1,1,19,10.82,680.8232,,0.0,0,,,,19,0,0,0
exploration_useful,easy,6724,9,no_teacher,1,1,26,10.78,527.6077,,0.0,0,,,,26,0,0,0
exploration_useful,easy,6724,0,always_help,1,1,18,10.67,129.1457,,0.0,0,,,,0,18,0,0
exploration_useful,easy,6724,1,always_help,1,1,20,10.8,117.2798,,0.0,0,,,,0,20,0,0
exploration_useful,easy,6724,2,always_help,1,1,34,10.725,75.0289,,0.0,0,,,,0,34,0,0
exploration_useful,easy,6724,3,always_help,1,1,23,10.8,105.5994,,0.0,0,,,,0,23,0,0
exploration_useful,easy,6724,4,always_help,1,1,24,10.8,102.8155,,0.0,0,,,,0,24,0,0
exploration_useful,easy,6724,5,always_help,1,1,18,10.745,128.6896,,0.0,0,,,,0,18,0,0
exploration_useful,easy,6724,6,always_help,1,1,25,10.725,102.8547,,0.0,0,,,,0,25,0,0
exploration_useful,easy,6724,7,always_help,1,1,19,10.82,123.0307,,0.0,0,,,,0,19,0,0
exploration_useful,easy,6724,8,always_help,1,1,23,10.82,106.1053,,0.0,0,,,,0,23,0,0
exploration_useful,easy,6724,9,always_help,1,1,25,10.8,98.8208,,0.0,0,,,,0,25,0,0
exploration_useful,easy,6724,0,oracle,1,1,19,10.82,114.1123,,0.0,0,,,,0,19,0,0
exploration_useful,easy,6724,1,oracle,1,1,19,10.82,112.0093,,0.0,0,,,,0,19,0,0
exploration_useful,easy,6724,2,oracle,1,1,21,10.725,108.403,,0.0,0,,,,0,21,0,0
exploration_useful,easy,6724,3,oracle,1,1,20,10.82,109.157,,0.0,0,,,,0,20,0,0
exploration_useful,easy,6724,4,oracle,1,1,23,10.82,94.5317,,0.0,0,,,,0,23,0,0
exploration_useful,easy,6724,5,oracle,1,1,22,10.705,104.1745,,0.0,0,,,,0,22,0,0
exploration_useful,easy,6724,6,oracle,1,1,20,10.745,110.1009,,0.0,0,,,,0,20,0,0
exploration_useful,easy,6724,7,oracle,1,1,28,10.8,84.4656,,0.0,0,,,,0,28,0,0
exploration_useful,easy,6724,8,oracle,1,1,19,10.745,112.87,,0.0,0,,,,0,19,0,0
exploration_useful,easy,6724,9,oracle,1,1,20,10.82,106.9733,,0.0,0,,,,0,20,0,0
exploration_useful,easy,6724,0,oracle_cause,1,1,28,10.82,497.763,,0.0,0,,,,28,0,0,0
exploration_useful,easy,6724,1,oracle_cause,1,1,25,10.8,541.42,,0.0,0,,,,25,0,0,0
exploration_useful,easy,6724,2,oracle_cause,1,1,20,10.82,660.4718,,0.0,0,,,,20,0,0,0
exploration_useful,easy,6724,3,oracle_cause,1,1,22,10.705,637.2483,,0.0,0,,,,22,0,0,0
exploration_useful,easy,6724,4,oracle_cause,1,1,21,10.8,661.9859,,0.0,0,,,,21,0,0,0
exploration_useful,easy,6724,5,oracle_cause,1,1,28,10.78,500.1172,,0.0,0,,,,28,0,0,0
exploration_useful,easy,6724,6,oracle_cause,1,1,18,10.745,713.4106,,0.0,0,,,,18,0,0,0
exploration_useful,easy,6724,7,oracle_cause,1,1,25,10.76,641.8494,,0.0,0,,,,25,0,0,0
exploration_useful,easy,6724,8,oracle_cause,1,1,20,10.82,647.5387,,0.0,0,,,,20,0,0,0
exploration_useful,easy,6724,9,oracle_cause,1,1,35,10.82,401.8996,,0.0,0,,,,35,0,0,0
exploration_useful,easy,6724,0,particle,1,1,31,10.82,313.2532,0.004747,0.9032,31,0.9032,0.0,0.0357,28,3,0,0
exploration_useful,easy,6724,1,particle,1,1,18,10.745,722.9548,0.00745,1.0,18,1.0,,0.0556,18,0,0,0
exploration_useful,easy,6724,2,particle,1,1,20,10.82,657.976,0.005135,1.0,20,1.0,,0.05,20,0,0,0
exploration_useful,easy,6724,3,particle,1,1,31,10.78,497.9459,0.005929,1.0,31,1.0,,0.0323,31,0,0,0
exploration_useful,easy,6724,4,particle,1,1,23,10.8,550.2983,0.00376,1.0,23,0.9565,,0.0435,23,0,0,0
exploration_useful,easy,6724,5,particle,1,1,36,10.78,378.336,0.007789,1.0,36,0.9444,,0.0278,36,0,0,0
exploration_useful,easy,6724,6,particle,1,1,26,10.82,517.3256,0.005296,1.0,26,1.0,,0.0385,26,0,0,0
exploration_useful,easy,6724,7,particle,1,1,20,10.8,654.8741,0.006362,1.0,20,0.95,,0.05,20,0,0,0
exploration_useful,easy,6724,8,particle,1,1,19,10.82,680.4285,0.003454,1.0,19,1.0,,0.0526,19,0,0,0
exploration_useful,easy,6724,9,particle,1,1,27,10.76,469.1119,0.003173,1.0,27,0.963,,0.037,27,0,0,0
exploration_useful,easy,7724,0,no_teacher,1,1,24,10.705,601.7509,,0.0,0,,,,24,0,0,0
exploration_useful,easy,7724,1,no_teacher,1,1,22,10.82,590.949,,0.0,0,,,,22,0,0,0
exploration_useful,easy,7724,2,no_teacher,1,1,22,10.82,591.1328,,0.0,0,,,,22,0,0,0
exploration_useful,easy,7724,3,no_teacher,1,1,19,10.82,681.1349,,0.0,0,,,,19,0,0,0
exploration_useful,easy,7724,4,no_teacher,1,1,18,10.82,714.0206,,0.0,0,,,,18,0,0,0
exploration_useful,easy,7724,5,no_teacher,1,1,18,10.82,709.5871,,0.0,0,,,,18,0,0,0
exploration_useful,easy,7724,6,no_teacher,1,1,30,10.61,474.1174,,0.0,0,,,,30,0,0,0
exploration_useful,easy,7724,7,no_teacher,1,1,19,10.745,682.7108,,0.0,0,,,,19,0,0,0
exploration_useful,easy,7724,8,no_teacher,1,1,23,10.725,576.6878,,0.0,0,,,,23,0,0,0
exploration_useful,easy,7724,9,no_teacher,1,1,19,10.82,682.5788,,0.0,0,,,,19,0,0,0
exploration_useful,easy,7724,0,always_help,1,1,22,10.82,109.0524,,0.0,0,,,,0,22,0,0
exploration_useful,easy,7724,1,always_help,1,1,43,10.76,65.2289,,0.0,0,,,,0,43,0,0
exploration_useful,easy,7724,2,always_help,1,1,18,10.82,132.8816,,0.0,0,,,,0,18,0,0
exploration_useful,easy,7724,3,always_help,1,1,19,10.82,126.6678,,0.0,0,,,,0,19,0,0
exploration_useful,easy,7724,4,always_help,1,1,24,10.82,102.9551,,0.0,0,,,,0,24,0,0
exploration_useful,easy,7724,5,always_help,1,1,22,10.745,110.3682,,0.0,0,,,,0,22,0,0
exploration_useful,easy,7724,6,always_help,1,1,22,10.82,110.2808,,0.0,0,,,,0,22,0,0
exploration_useful,easy,7724,7,always_help,1,1,20,10.745,118.8952,,0.0,0,,,,0,20,0,0
exploration_useful,easy,7724,8,always_help,1,1,19,10.82,123.2086,,0.0,0,,,,0,19,0,0
exploration_useful,easy,7724,9,always_help,1,1,42,10.8,68.0707,,0.0,0,,,,0,42,0,0
exploration_useful,easy,7724,0,oracle,1,1,41,10.76,61.0723,,0.0,0,,,,0,41,0,0
exploration_useful,easy,7724,1,oracle,1,1,18,10.82,116.2654,,0.0,0,,,,0,18,0,0
exploration_useful,easy,7724,2,oracle,1,1,19,10.82,114.2799,,0.0,0,,,,0,19,0,0
exploration_useful,easy,7724,3,oracle,1,1,26,10.745,88.9767,,0.0,0,,,,0,26,0,0
exploration_useful,easy,7724,4,oracle,1,1,21,10.8,106.0363,,0.0,0,,,,0,21,0,0
exploration_useful,easy,7724,5,oracle,1,1,29,10.65,83.1887,,0.0,0,,,,0,29,0,0
exploration_useful,easy,7724,6,oracle,1,1,30,10.705,82.0762,,0.0,0,,,,0,30,0,0
exploration_useful,easy,7724,7,oracle,1,1,29,10.725,78.2773,,0.0,0,,,,0,29,0,0
exploration_useful,easy,7724,8,oracle,1,1,23,10.8,96.041,,0.0,0,,,,0,23,0,0
exploration_useful,easy,7724,9,oracle,1,1,29,10.8,82.6302,,0.0,0,,,,0,29,0,0
exploration_useful,easy,7724,0,oracle_cause,1,1,20,10.82,658.8952,,0.0,0,,,,20,0,0,0
exploration_useful,easy,7724,1,oracle_cause,1,1,22,10.82,600.3257,,0.0,0,,,,22,0,0,0
exploration_useful,easy,7724,2,oracle_cause,1,1,22,10.78,645.6053,,0.0,0,,,,22,0,0,0
exploration_useful,easy,7724,3,oracle_cause,1,1,21,10.8,663.9095,,0.0,0,,,,21,0,0,0
exploration_useful,easy,7724,4,oracle_cause,1,1,29,10.8,505.4592,,0.0,0,,,,29,0,0,0
exploration_useful,easy,7724,5,oracle_cause,1,1,20,10.8,685.846,,0.0,0,,,,20,0,0,0
exploration_useful,easy,7724,6,oracle_cause,1,1,24,10.78,582.223,,0.0,0,,,,24,0,0,0
exploration_useful,easy,7724,7,oracle_cause,1,1,20,10.8,650.6038,,0.0,0,,,,20,0,0,0
exploration_useful,easy,7724,8,oracle_cause,1,1,21,10.8,614.5806,,0.0,0,,,,21,0,0,0
exploration_useful,easy,7724,9,oracle_cause,1,1,21,10.82,623.6271,,0.0,0,,,,21,0,0,0
exploration_useful,easy,7724,0,particle,1,1,19,10.82,685.1184,0.005555,1.0,19,1.0,,0.0526,19,0,0,0
exploration_useful,easy,7724,1,particle,1,1,25,10.745,545.637,0.004907,1.0,25,1.0,,0.04,25,0,0,0
exploration_useful,easy,7724,2,particle,1,1,25,10.82,551.7629,0.004158,1.0,25,0.96,,0.04,25,0,0,0
exploration_useful,easy,7724,3,particle,1,1,26,10.78,521.3684,0.00432,1.0,26,0.9615,,0.0385,26,0,0,0
exploration_useful,easy,7724,4,particle,1,1,23,10.82,580.7891,0.006173,1.0,23,0.9565,,0.0435,23,0,0,0
exploration_useful,easy,7724,5,particle,1,1,18,10.745,710.5504,0.006324,1.0,18,1.0,,0.0556,18,0,0,0
exploration_useful,easy,7724,6,particle,1,1,23,10.705,619.0389,0.006443,1.0,23,0.913,,0.0435,23,0,0,0
exploration_useful,easy,7724,7,particle,1,1,33,10.82,365.744,0.006969,0.9697,33,1.0,0.0,0.0312,32,1,0,0
exploration_useful,easy,7724,8,particle,1,1,19,10.82,694.3103,0.004893,1.0,19,1.0,,0.0526,19,0,0,0
exploration_useful,easy,7724,9,particle,1,1,23,10.82,569.7337,0.005537,1.0,23,1.0,,0.0435,23,0,0,0
exploration_useful,easy,8724,0,no_teacher,1,1,22,10.82,595.4104,,0.0,0,,,,22,0,0,0
exploration_useful,easy,8724,1,no_teacher,1,1,40,10.705,380.918,,0.0,0,,,,40,0,0,0
exploration_useful,easy,8724,2,no_teacher,1,1,22,10.65,648.1178,,0.0,0,,,,22,0,0,0
exploration_useful,easy,8724,3,no_teacher,1,1,18,10.82,694.1886,,0.0,0,,,,18,0,0,0
exploration_useful,easy,8724,4,no_teacher,1,1,19,10.67,674.0592,,0.0,0,,,,19,0,0,0
exploration_useful,easy,8724,5,no_teacher,1,1,21,10.82,612.5521,,0.0,0,,,,21,0,0,0
exploration_useful,easy,8724,6,no_teacher,1,1,18,10.82,711.757,,0.0,0,,,,18,0,0,0
exploration_useful,easy,8724,7,no_teacher,1,1,28,10.82,483.3237,,0.0,0,,,,28,0,0,0
exploration_useful,easy,8724,8,no_teacher,1,1,34,10.78,399.0078,,0.0,0,,,,34,0,0,0
exploration_useful,easy,8724,9,no_teacher,1,1,22,10.8,627.4398,,0.0,0,,,,22,0,0,0
exploration_useful,easy,8724,0,always_help,1,1,41,10.685,65.6767,,0.0,0,,,,0,41,0,0
exploration_useful,easy,8724,1,always_help,1,1,22,10.82,108.9138,,0.0,0,,,,0,22,0,0
exploration_useful,easy,8724,2,always_help,1,1,30,10.63,85.5301,,0.0,0,,,,0,30,0,0
exploration_useful,easy,8724,3,always_help,1,1,18,10.82,129.6319,,0.0,0,,,,0,18,0,0
exploration_useful,easy,8724,4,always_help,1,1,27,10.8,95.404,,0.0,0,,,,0,27,0,0
exploration_useful,easy,8724,5,always_help,1,1,20,10.82,118.7822,,0.0,0,,,,0,20,0,0
exploration_useful,easy,8724,6,always_help,1,1,32,10.78,86.7725,,0.0,0,,,,0,32,0,0
exploration_useful,easy,8724,7,always_help,1,1,21,10.82,112.6205,,0.0,0,,,,0,21,0,0
exploration_useful,easy,8724,8,always_help,1,1,22,10.8,111.4359,,0.0,0,,,,0,22,0,0
exploration_useful,easy,8724,9,always_help,1,1,22,10.82,109.9073,,0.0,0,,,,0,22,0,0
exploration_useful,easy,8724,0,oracle,1,1,23,10.82,96.4284,,0.0,0,,,,0,23,0,0
exploration_useful,easy,8724,1,oracle,1,1,22,10.82,102.5518,,0.0,0,,,,0,22,0,0
exploration_useful,easy,8724,2,oracle,1,1,24,10.82,90.7059,,0.0,0,,,,0,24,0,0
exploration_useful,easy,8724,3,oracle,1,1,18,10.82,116.2498,,0.0,0,,,,0,18,0,0
exploration_useful,easy,8724,4,oracle,1,1,49,10.78,49.4213,,0.0,0,,,,0,49,0,0
exploration_useful,easy,8724,5,oracle,1,1,20,10.8,114.5343,,0.0,0,,,,0,20,0,0
exploration_useful,easy,8724,6,oracle,1,1,22,10.8,100.2664,,0.0,0,,,,0,22,0,0
exploration_useful,easy,8724,7,oracle,1,1,18,10.745,118.6212,,0.0,0,,,,0,18,0,0
exploration_useful,easy,8724,8,oracle,1,1,25,10.76,97.4331,,0.0,0,,,,0,25,0,0
exploration_useful,easy,8724,9,oracle,1,1,27,10.8,82.4104,,0.0,0,,,,0,27,0,0
exploration_useful,easy,8724,0,oracle_cause,1,1,21,10.8,646.4076,,0.0,0,,,,21,0,0,0
exploration_useful,easy,8724,1,oracle_cause,1,1,23,10.705,651.0921,,0.0,0,,,,23,0,0,0
exploration_useful,easy,8724,2,oracle_cause,1,1,26,10.82,522.8767,,0.0,0,,,,26,0,0,0
exploration_useful,easy,8724,3,oracle_cause,1,1,22,10.82,590.6336,,0.0,0,,,,22,0,0,0
exploration_useful,easy,8724,4,oracle_cause,1,1,24,10.63,591.8414,,0.0,0,,,,24,0,0,0
exploration_useful,easy,8724,5,oracle_cause,1,1,22,10.67,498.0481,,0.0,0,,,,21,1,0,0
exploration_useful,easy,8724,6,oracle_cause,1,1,21,10.82,636.6399,,0.0,0,,,,21,0,0,0
exploration_useful,easy,8724,7,oracle_cause,1,1,50,10.76,328.8929,,0.0,0,,,,50,0,0,0
exploration_useful,easy,8724,8,oracle_cause,1,1,27,10.745,509.174,,0.0,0,,,,27,0,0,0
exploration_useful,easy,8724,9,oracle_cause,1,1,33,10.76,442.8176,,0.0,0,,,,33,0,0,0
exploration_useful,easy,8724,0,particle,1,1,19,10.82,661.9626,0.005852,1.0,19,0.9474,,0.0526,19,0,0,0
exploration_useful,easy,8724,1,particle,1,1,39,10.8,396.3683,0.004988,1.0,39,0.9487,,0.0256,39,0,0,0
exploration_useful,easy,8724,2,particle,1,1,27,10.76,515.9759,0.002559,1.0,27,1.0,,0.037,27,0,0,0
exploration_useful,easy,8724,3,particle,1,1,20,10.82,655.5654,0.00342,0.95,20,1.0,,0.05,20,0,0,0
exploration_useful,easy,8724,4,particle,1,1,22,10.745,603.2479,0.007556,1.0,22,0.9545,,0.0455,22,0,0,0
exploration_useful,easy,8724,5,particle,1,1,18,10.82,692.4521,0.003532,1.0,18,1.0,,0.0556,18,0,0,0
exploration_useful,easy,8724,6,particle,1,1,18,10.745,711.9604,0.005033,1.0,18,1.0,,0.0556,18,0,0,0
exploration_useful,easy,8724,7,particle,1,1,23,10.8,587.0563,0.004203,1.0,23,0.9565,,0.0435,23,0,0,0
exploration_useful,easy,8724,8,particle,1,1,23,10.725,590.5581,0.003503,1.0,23,0.9565,,0.0435,23,0,0,0
exploration_useful,easy,8724,9,particle,1,1,21,10.745,622.5679,0.006964,1.0,21,1.0,,0.0476,21,0,0,0
exploration_useful,easy,9724,0,no_teacher,1,1,19,10.745,679.2384,,0.0,0,,,,19,0,0,0
exploration_useful,easy,9724,1,no_teacher,1,1,30,10.8,476.6915,,0.0,0,,,,30,0,0,0
exploration_useful,easy,9724,2,no_teacher,1,1,19,10.82,680.9597,,0.0,0,,,,19,0,0,0
exploration_useful,easy,9724,3,no_teacher,1,1,19,10.745,683.2888,,0.0,0,,,,19,0,0,0
exploration_useful,easy,9724,4,no_teacher,1,1,40,10.78,381.3428,,0.0,0,,,,40,0,0,0
exploration_useful,easy,9724,5,no_teacher,1,1,26,10.78,539.4046,,0.0,0,,,,26,0,0,0
exploration_useful,easy,9724,6,no_teacher,1,1,21,10.8,654.4698,,0.0,0,,,,21,0,0,0
exploration_useful,easy,9724,7,no_teacher,1,1,25,10.705,548.954,,0.0,0,,,,25,0,0,0
exploration_useful,easy,9724,8,no_teacher,1,1,22,10.8,627.2479,,0.0,0,,,,22,0,0,0
exploration_useful,easy,9724,9,no_teacher,1,1,23,10.725,570.9756,,0.0,0,,,,23,0,0,0
exploration_useful,easy,9724,0,always_help,1,1,22,10.725,113.5886,,0.0,0,,,,0,22,0,0
exploration_useful,easy,9724,1,always_help,1,1,21,10.67,113.2829,,0.0,0,,,,0,21,0,0
exploration_useful,easy,9724,2,always_help,1,1,28,10.705,93.6172,,0.0,0,,,,0,28,0,0
exploration_useful,easy,9724,3,always_help,1,1,18,10.82,129.1608,,0.0,0,,,,0,18,0,0
exploration_useful,easy,9724,4,always_help,1,1,23,10.8,114.7769,,0.0,0,,,,0,23,0,0
exploration_useful,easy,9724,5,always_help,1,1,19,10.745,123.9218,,0.0,0,,,,0,19,0,0
exploration_useful,easy,9724,6,always_help,1,1,21,10.8,113.2986,,0.0,0,,,,0,21,0,0
exploration_useful,easy,9724,7,always_help,1,1,22,10.8,109.9641,,0.0,0,,,,0,22,0,0
exploration_useful,easy,9724,8,always_help,1,1,26,10.82,95.6172,,0.0,0,,,,0,26,0,0
exploration_useful,easy,9724,9,always_help,1,1,24,10.8,110.0389,,0.0,0,,,,0,24,0,0
exploration_useful,easy,9724,0,oracle,1,1,21,10.8,104.9479,,0.0,0,,,,0,21,0,0
exploration_useful,easy,9724,1,oracle,1,1,19,10.745,114.1896,,0.0,0,,,,0,19,0,0
exploration_useful,easy,9724,2,oracle,1,1,21,10.8,102.3324,,0.0,0,,,,0,21,0,0
exploration_useful,easy,9724,3,oracle,1,1,24,10.76,97.2484,,0.0,0,,,,0,24,0,0
exploration_useful,easy,9724,4,oracle,1,1,20,10.8,109.3242,,0.0,0,,,,0,20,0,0
exploration_useful,easy,9724,5,oracle,1,1,18,10.82,116.3515,,0.0,0,,,,0,18,0,0
exploration_useful,easy,9724,6,oracle,1,1,24,10.8,94.3314,,0.0,0,,,,0,24,0,0
exploration_useful,easy,9724,7,oracle,1,1,26,10.65,91.9568,,0.0,0,,,,0,26,0,0
exploration_useful,easy,9724,8,oracle,1,1,22,10.78,105.6661,,0.0,0,,,,0,22,0,0
exploration_useful,easy,9724,9,oracle,1,1,20,10.745,106.6078,,0.0,0,,,,0,20,0,0
exploration_useful,easy,9724,0,oracle_cause,1,1,20,10.82,661.3449,,0.0,0,,,,20,0,0,0
exploration_useful,easy,9724,1,oracle_cause,1,1,20,10.8,640.5159,,0.0,0,,,,20,0,0,0
exploration_useful,easy,9724,2,oracle_cause,1,1,25,10.8,547.7262,,0.0,0,,,,25,0,0,0
exploration_useful,easy,9724,3,oracle_cause,1,1,18,10.82,716.0475,,0.0,0,,,,18,0,0,0
exploration_useful,easy,9724,4,oracle_cause,1,1,19,10.595,679.7481,,0.0,0,,,,19,0,0,0
exploration_useful,easy,9724,5,oracle_cause,1,1,21,10.725,624.3691,,0.0,0,,,,21,0,0,0
exploration_useful,easy,9724,6,oracle_cause,1,1,20,10.82,659.1048,,0.0,0,,,,20,0,0,0
exploration_useful,easy,9724,7,oracle_cause,1,1,26,10.725,532.18,,0.0,0,,,,26,0,0,0
exploration_useful,easy,9724,8,oracle_cause,1,1,24,10.78,583.2292,,0.0,0,,,,24,0,0,0
exploration_useful,easy,9724,9,oracle_cause,1,1,23,10.8,612.8334,,0.0,0,,,,23,0,0,0
exploration_useful,easy,9724,0,particle,1,1,27,10.82,512.567,0.004277,0.963,27,0.963,,0.037,27,0,0,0
exploration_useful,easy,9724,1,particle,1,1,18,10.82,696.9325,0.004127,1.0,18,0.9444,,0.0556,18,0,0,0
exploration_useful,easy,9724,2,particle,1,1,23,10.63,628.5629,0.004779,1.0,23,1.0,,0.0435,23,0,0,0
exploration_useful,easy,9724,3,particle,1,1,24,10.8,576.4371,0.005951,1.0,24,1.0,,0.0417,24,0,0,0
exploration_useful,easy,9724,4,particle,1,1,22,10.8,615.5948,0.00558,1.0,22,1.0,,0.0455,22,0,0,0
exploration_useful,easy,9724,5,particle,1,1,22,10.705,628.9648,0.004859,1.0,22,0.8636,,0.0455,22,0,0,0
exploration_useful,easy,9724,6,particle,1,1,26,10.78,541.2711,0.00411,1.0,26,0.9615,,0.0385,26,0,0,0
exploration_useful,easy,9724,7,particle,1,1,28,10.78,545.8255,0.005798,1.0,28,0.9286,,0.0357,28,0,0,0
exploration_useful,easy,9724,8,particle,1,1,18,10.82,716.8475,0.003781,1.0,18,1.0,,0.0556,18,0,0,0
exploration_useful,easy,9724,9,particle,1,1,18,10.745,716.8475,0.003611,1.0,18,0.9444,,0.0556,18,0,0,0
exploration_useful,easy,10724,0,no_teacher,1,1,21,10.745,630.4575,,0.0,0,,,,21,0,0,0
exploration_useful,easy,10724,1,no_teacher,1,1,20,10.82,660.9288,,0.0,0,,,,20,0,0,0
exploration_useful,easy,10724,2,no_teacher,1,1,23,10.725,631.4385,,0.0,0,,,,23,0,0,0
exploration_useful,easy,10724,3,no_teacher,1,1,27,10.8,520.4513,,0.0,0,,,,27,0,0,0
exploration_useful,easy,10724,4,no_teacher,1,1,31,10.78,468.2804,,0.0,0,,,,31,0,0,0
exploration_useful,easy,10724,5,no_teacher,1,1,19,10.82,663.0457,,0.0,0,,,,19,0,0,0
exploration_useful,easy,10724,6,no_teacher,1,1,24,10.745,564.597,,0.0,0,,,,24,0,0,0
exploration_useful,easy,10724,7,no_teacher,1,1,18,10.745,707.6767,,0.0,0,,,,18,0,0,0
exploration_useful,easy,10724,8,no_teacher,1,1,18,10.745,708.6934,,0.0,0,,,,18,0,0,0
exploration_useful,easy,10724,9,no_teacher,1,1,28,10.78,533.5615,,0.0,0,,,,28,0,0,0
exploration_useful,easy,10724,0,always_help,1,1,25,10.745,98.9908,,0.0,0,,,,0,25,0,0
exploration_useful,easy,10724,1,always_help,1,1,34,10.61,78.3693,,0.0,0,,,,0,34,0,0
exploration_useful,easy,10724,2,always_help,1,1,42,10.76,66.701,,0.0,0,,,,0,42,0,0
exploration_useful,easy,10724,3,always_help,1,1,22,10.745,110.4752,,0.0,0,,,,0,22,0,0
exploration_useful,easy,10724,4,always_help,1,1,38,10.8,70.0301,,0.0,0,,,,0,38,0,0
exploration_useful,easy,10724,5,always_help,1,1,23,10.725,106.0908,,0.0,0,,,,0,23,0,0
exploration_useful,easy,10724,6,always_help,1,1,22,10.8,113.8907,,0.0,0,,,,0,22,0,0
exploration_useful,easy,10724,7,always_help,1,1,22,10.705,112.4348,,0.0,0,,,,0,22,0,0
exploration_useful,easy,10724,8,always_help,1,1,32,10.8,82.4144,,0.0,0,,,,0,32,0,0
exploration_useful,easy,10724,9,always_help,1,1,19,10.82,123.3333,,0.0,0,,,,0,19,0,0
exploration_useful,easy,10724,0,oracle,1,1,24,10.8,98.1909,,0.0,0,,,,0,24,0,0
exploration_useful,easy,10724,1,oracle,1,1,21,10.745,105.6355,,0.0,0,,,,0,21,0,0
exploration_useful,easy,10724,2,oracle,1,1,19,10.82,113.3277,,0.0,0,,,,0,19,0,0
exploration_useful,easy,10724,3,oracle,1,1,23,10.8,96.4022,,0.0,0,,,,0,23,0,0
exploration_useful,easy,10724,4,oracle,1,1,20,10.8,108.4981,,0.0,0,,,,0,20,0,0
exploration_useful,easy,10724,5,oracle,1,1,21,10.725,108.9551,,0.0,0,,,,0,21,0,0
exploration_useful,easy,10724,6,oracle,1,1,21,10.8,109.1607,,0.0,0,,,,0,21,0,0
exploration_useful,easy,10724,7,oracle,1,1,20,10.82,102.6166,,0.0,0,,,,0,20,0,0
exploration_useful,easy,10724,8,oracle,1,1,22,10.82,100.6874,,0.0,0,,,,0,22,0,0
exploration_useful,easy,10724,9,oracle,1,1,28,10.78,84.7132,,0.0,0,,,,0,28,0,0
exploration_useful,easy,10724,0,oracle_cause,1,1,45,10.685,328.1222,,0.0,0,,,,44,1,0,0
exploration_useful,easy,10724,1,oracle_cause,1,1,23,10.82,550.4116,,0.0,0,,,,23,0,0,0
exploration_useful,easy,10724,2,oracle_cause,1,1,32,10.74,373.3729,,0.0,0,,,,31,1,0,0
exploration_useful,easy,10724,3,oracle_cause,1,1,28,10.78,519.1197,,0.0,0,,,,28,0,0,0
exploration_useful,easy,10724,4,oracle_cause,1,1,18,10.745,709.8257,,0.0,0,,,,18,0,0,0
exploration_useful,easy,10724,5,oracle_cause,1,1,22,10.82,594.6809,,0.0,0,,,,22,0,0,0
exploration_useful,easy,10724,6,oracle_cause,1,1,26,10.705,537.7626,,0.0,0,,,,26,0,0,0
exploration_useful,easy,10724,7,oracle_cause,1,1,22,10.8,611.0242,,0.0,0,,,,22,0,0,0
exploration_useful,easy,10724,8,oracle_cause,1,1,22,10.82,603.2593,,0.0,0,,,,22,0,0,0
exploration_useful,easy,10724,9,oracle_cause,1,1,24,10.78,559.3897,,0.0,0,,,,24,0,0,0
exploration_useful,easy,10724,0,particle,1,1,21,10.725,640.3377,0.002421,1.0,21,0.9524,,0.0476,21,0,0,0
exploration_useful,easy,10724,1,particle,1,1,18,10.82,711.8039,0.004254,1.0,18,0.9444,,0.0556,18,0,0,0
exploration_useful,easy,10724,2,particle,1,1,21,10.725,655.2785,0.005009,1.0,21,1.0,,0.0476,21,0,0,0
exploration_useful,easy,10724,3,particle,1,1,20,10.8,682.8547,0.00526,1.0,20,1.0,,0.05,20,0,0,0
exploration_useful,easy,10724,4,particle,1,1,21,10.8,634.99,0.003555,1.0,21,0.9048,,0.0476,21,0,0,0
exploration_useful,easy,10724,5,particle,1,1,20,10.725,682.4788,0.007397,1.0,20,0.95,,0.05,20,0,0,0
exploration_useful,easy,10724,6,particle,1,1,18,10.82,716.0475,0.005008,1.0,18,1.0,,0.0556,18,0,0,0
exploration_useful,easy,10724,7,particle,1,1,19,10.82,692.5079,0.003974,1.0,19,1.0,,0.0526,19,0,0,0
exploration_useful,easy,10724,8,particle,1,1,21,10.82,613.2173,0.003745,0.9524,21,1.0,,0.0476,21,0,0,0
exploration_useful,easy,10724,9,particle,1,1,25,10.705,571.9936,0.005592,1.0,25,1.0,,0.04,25,0,0,0
exploration_useful,medium,6724,0,no_teacher,1,1,37,10.8,470.9117,,0.0,0,,,,37,0,0,0
exploration_useful,medium,6724,1,no_teacher,1,1,23,10.82,699.1604,,0.0,0,,,,23,0,0,0
exploration_useful,medium,6724,2,no_teacher,1,1,22,10.8,647.6839,,0.0,0,,,,22,0,0,0
exploration_useful,medium,6724,3,no_teacher,1,1,30,10.68,607.8668,,0.0,0,,,,30,0,0,0
exploration_useful,medium,6724,4,no_teacher,1,1,19,10.82,802.1033,,0.0,0,,,,19,0,0,0
exploration_useful,medium,6724,5,no_teacher,1,1,25,10.6,647.2791,,0.0,0,,,,25,0,0,0
exploration_useful,medium,6724,6,no_teacher,1,1,18,10.82,838.7801,,0.0,0,,,,18,0,0,0
exploration_useful,medium,6724,7,no_teacher,1,1,20,10.72,770.5438,,0.0,0,,,,20,0,0,0
exploration_useful,medium,6724,8,no_teacher,1,1,25,10.7,659.3419,,0.0,0,,,,25,0,0,0
exploration_useful,medium,6724,9,no_teacher,1,1,27,10.82,591.6365,,0.0,0,,,,27,0,0,0
exploration_useful,medium,6724,0,always_help,1,1,30,10.72,107.2751,,0.0,0,,,,0,30,0,0
exploration_useful,medium,6724,1,always_help,1,1,23,10.72,131.6893,,0.0,0,,,,0,23,0,0
exploration_useful,medium,6724,2,always_help,1,1,25,10.7,121.9834,,0.0,0,,,,0,25,0,0
exploration_useful,medium,6724,3,always_help,1,1,20,10.82,142.9539,,0.0,0,,,,0,20,0,0
exploration_useful,medium,6724,4,always_help,1,1,20,10.72,142.7302,,0.0,0,,,,0,20,0,0
exploration_useful,medium,6724,5,always_help,1,1,19,10.82,155.5864,,0.0,0,,,,0,19,0,0
exploration_useful,medium,6724,6,always_help,1,1,38,10.74,94.8416,,0.0,0,,,,0,38,0,0
exploration_useful,medium,6724,7,always_help,1,1,21,10.82,136.6959,,0.0,0,,,,0,21,0,0
exploration_useful,medium,6724,8,always_help,1,1,30,10.68,111.8124,,0.0,0,,,,0,30,0,0
exploration_useful,medium,6724,9,always_help,1,1,22,10.72,138.2703,,0.0,0,,,,0,22,0,0
exploration_useful,medium,6724,0,oracle,1,1,21,10.72,123.0741,,0.0,0,,,,0,21,0,0
exploration_useful,medium,6724,1,oracle,1,1,33,10.68,88.1717,,0.0,0,,,,0,33,0,0
exploration_useful,medium,6724,2,oracle,1,1,38,10.6,74.8362,,0.0,0,,,,0,38,0,0
exploration_useful,medium,6724,3,oracle,1,1,41,10.58,68.1685,,0.0,0,,,,0,41,0,0
exploration_useful,medium,6724,4,oracle,1,1,20,10.82,128.731,,0.0,0,,,,0,20,0,0
exploration_useful,medium,6724,5,oracle,1,1,26,10.68,108.4499,,0.0,0,,,,0,26,0,0
exploration_useful,medium,6724,6,oracle,1,1,21,10.8,126.0655,,0.0,0,,,,0,21,0,0
exploration_useful,medium,6724,7,oracle,1,1,38,10.72,80.1661,,0.0,0,,,,0,38,0,0
exploration_useful,medium,6724,8,oracle,1,1,38,10.76,76.7918,,0.0,0,,,,0,38,0,0
exploration_useful,medium,6724,9,oracle,1,1,27,10.82,101.2223,,0.0,0,,,,0,27,0,0
exploration_useful,medium,6724,0,oracle_cause,1,1,30,10.8,572.4531,,0.0,0,,,,30,0,0,0
exploration_useful,medium,6724,1,oracle_cause,1,1,22,10.82,685.1137,,0.0,0,,,,22,0,0,0
exploration_useful,medium,6724,2,oracle_cause,1,1,24,10.76,613.8821,,0.0,0,,,,24,0,0,0
exploration_useful,medium,6724,3,oracle_cause,1,1,23,10.78,652.0301,,0.0,0,,,,23,0,0,0
exploration_useful,medium,6724,4,oracle_cause,1,1,35,10.72,465.3503,,0.0,0,,,,35,0,0,0
exploration_useful,medium,6724,5,oracle_cause,1,1,21,10.72,755.0964,,0.0,0,,,,21,0,0,0
exploration_useful,medium,6724,6,oracle_cause,1,1,24,10.8,667.7826,,0.0,0,,,,24,0,0,0
exploration_useful,medium,6724,7,oracle_cause,1,1,28,10.7,622.995,,0.0,0,,,,28,0,0,0
exploration_useful,medium,6724,8,oracle_cause,1,1,27,10.7,632.9886,,0.0,0,,,,27,0,0,0
exploration_useful,medium,6724,9,oracle_cause,1,1,21,10.6,768.888,,0.0,0,,,,21,0,0,0
exploration_useful,medium,6724,0,particle,1,1,25,10.72,628.9985,0.012067,1.0,25,0.92,,0.04,25,0,0,0
exploration_useful,medium,6724,1,particle,1,1,23,10.52,678.5706,0.009319,1.0,23,0.9565,,0.0435,23,0,0,0
exploration_useful,medium,6724,2,particle,1,1,28,10.76,640.5738,0.010061,1.0,28,0.9643,,0.0357,28,0,0,0
exploration_useful,medium,6724,3,particle,1,1,29,10.8,566.0678,0.008958,1.0,29,1.0,,0.0345,29,0,0,0
exploration_useful,medium,6724,4,particle,1,1,47,10.76,401.5137,0.006651,1.0,47,0.9574,,0.0213,47,0,0,0
exploration_useful,medium,6724,5,particle,1,1,26,10.78,665.5315,0.006756,1.0,26,0.9615,,0.0385,26,0,0,0
exploration_useful,medium,6724,6,particle,1,1,19,10.8,732.293,0.006442,1.0,19,1.0,,0.0526,19,0,0,0
exploration_useful,medium,6724,7,particle,1,1,19,10.82,747.9299,0.003429,1.0,19,0.9474,,0.0526,19,0,0,0
exploration_useful,medium,6724,8,particle,1,1,24,10.66,667.8104,0.008305,1.0,24,1.0,,0.0417,24,0,0,0
exploration_useful,medium,6724,9,particle,1,1,23,10.82,569.2159,0.012273,0.9565,23,0.9565,0.0,0.0455,22,1,0,0
exploration_useful,medium,7724,0,no_teacher,1,1,28,10.8,561.6867,,0.0,0,,,,28,0,0,0
exploration_useful,medium,7724,1,no_teacher,1,1,30,10.76,611.2435,,0.0,0,,,,30,0,0,0
exploration_useful,medium,7724,2,no_teacher,0,0,50,-2.23,226.7274,,0.0,0,,,,50,0,0,0
exploration_useful,medium,7724,3,no_teacher,1,1,19,10.82,806.3347,,0.0,0,,,,19,0,0,0
exploration_useful,medium,7724,4,no_teacher,1,1,40,10.66,470.0669,,0.0,0,,,,40,0,0,0
exploration_useful,medium,7724,5,no_teacher,1,1,24,10.82,622.8196,,0.0,0,,,,24,0,0,0
exploration_useful,medium,7724,6,no_teacher,1,1,44,10.68,406.6531,,0.0,0,,,,44,0,0,0
exploration_useful,medium,7724,7,no_teacher,1,1,22,10.8,669.8782,,0.0,0,,,,22,0,0,0
exploration_useful,medium,7724,8,no_teacher,1,1,32,10.64,563.5294,,0.0,0,,,,32,0,0,0
exploration_useful,medium,7724,9,no_teacher,1,1,23,10.8,686.4452,,0.0,0,,,,23,0,0,0
exploration_useful,medium,7724,0,always_help,0,0,50,-1.29,73.2207,,0.0,0,,,,0,50,0,0
exploration_useful,medium,7724,1,always_help,1,1,21,10.72,143.4738,,0.0,0,,,,0,21,0,0
exploration_useful,medium,7724,2,always_help,0,0,50,-1.18,68.4643,,0.0,0,,,,0,50,0,0
exploration_useful,medium,7724,3,always_help,1,1,20,10.82,149.3124,,0.0,0,,,,0,20,0,0
exploration_useful,medium,7724,4,always_help,1,1,24,10.8,130.3053,,0.0,0,,,,0,24,0,0
exploration_useful,medium,7724,5,always_help,1,1,29,10.58,114.0699,,0.0,0,,,,0,29,0,0
exploration_useful,medium,7724,6,always_help,1,1,42,10.76,87.8767,,0.0,0,,,,0,42,0,0
exploration_useful,medium,7724,7,always_help,1,1,29,10.58,110.4663,,0.0,0,,,,0,29,0,0
exploration_useful,medium,7724,8,always_help,1,1,39,10.78,86.9677,,0.0,0,,,,0,39,0,0
exploration_useful,medium,7724,9,always_help,1,1,33,10.68,91.0886,,0.0,0,,,,0,33,0,0
exploration_useful,medium,7724,0,oracle,1,1,26,10.62,98.7084,,0.0,0,,,,0,26,0,0
exploration_useful,medium,7724,1,oracle,1,1,22,10.7,122.2439,,0.0,0,,,,0,22,0,0
exploration_useful,medium,7724,2,oracle,1,1,21,10.72,123.838,,0.0,0,,,,0,21,0,0
exploration_useful,medium,7724,3,oracle,1,1,23,10.8,116.1767,,0.0,0,,,,0,23,0,0
exploration_useful,medium,7724,4,oracle,1,1,21,10.8,120.5363,,0.0,0,,,,0,21,0,0
exploration_useful,medium,7724,5,oracle,1,1,22,10.7,124.4391,,0.0,0,,,,0,22,0,0
exploration_useful,medium,7724,6,oracle,1,1,24,10.82,109.3877,,0.0,0,,,,0,24,0,0
exploration_useful,medium,7724,7,oracle,1,1,24,10.8,109.9513,,0.0,0,,,,0,24,0,0
exploration_useful,medium,7724,8,oracle,1,1,24,10.82,109.9018,,0.0,0,,,,0,24,0,0
exploration_useful,medium,7724,9,oracle,1,1,22,10.82,110.6452,,0.0,0,,,,0,22,0,0
exploration_useful,medium,7724,0,oracle_cause,1,1,26,10.68,641.8687,,0.0,0,,,,26,0,0,0
exploration_useful,medium,7724,1,oracle_cause,1,1,19,10.82,754.3319,,0.0,0,,,,19,0,0,0
exploration_useful,medium,7724,2,oracle_cause,1,1,36,10.7,546.8977,,0.0,0,,,,36,0,0,0
exploration_useful,medium,7724,3,oracle_cause,1,1,27,10.68,617.6138,,0.0,0,,,,27,0,0,0
exploration_useful,medium,7724,4,oracle_cause,1,1,23,10.8,759.3425,,0.0,0,,,,23,0,0,0
exploration_useful,medium,7724,5,oracle_cause,1,1,26,10.8,593.5617,,0.0,0,,,,26,0,0,0
exploration_useful,medium,7724,6,oracle_cause,1,1,26,10.66,651.3751,,0.0,0,,,,26,0,0,0
exploration_useful,medium,7724,7,oracle_cause,1,1,25,10.7,639.6492,,0.0,0,,,,25,0,0,0
exploration_useful,medium,7724,8,oracle_cause,1,1,22,10.8,702.3569,,0.0,0,,,,22,0,0,0
exploration_useful,medium,7724,9,oracle_cause,1,1,24,10.7,672.964,,0.0,0,,,,24,0,0,0
exploration_useful,medium,7724,0,particle,1,1,22,10.7,612.2533,0.008159,0.9545,22,0.9545,0.0,0.0476,21,1,0,0
exploration_useful,medium,7724,1,particle,1,1,24,10.78,747.6117,0.007598,1.0,24,0.9583,,0.0417,24,0,0,0
exploration_useful,medium,7724,2,particle,1,1,22,10.82,697.4051,0.00586,1.0,22,1.0,,0.0455,22,0,0,0
exploration_useful,medium,7724,3,particle,1,1,27,10.72,608.5057,0.011314,1.0,27,0.963,,0.037,27,0,0,0
exploration_useful,medium,7724,4,particle,0,0,50,-2.18,218.8517,0.006393,1.0,50,1.0,,0.0,50,0,0,0
exploration_useful,medium,7724,5,particle,1,1,34,10.68,411.5381,0.009477,0.9412,34,0.9706,0.0,0.0312,32,2,0,0
exploration_useful,medium,7724,6,particle,1,1,24,10.7,692.6665,0.005676,1.0,24,1.0,,0.0417,24,0,0,0
exploration_useful,medium,7724,7,particle,1,1,29,10.82,561.2795,0.00795,1.0,29,1.0,,0.0345,29,0,0,0
exploration_useful,medium,7724,8,particle,1,1,31,10.76,530.4856,0.009361,1.0,31,0.8387,,0.0323,31,0,0,0
exploration_useful,medium,7724,9,particle,1,1,23,10.68,738.2222,0.011648,1.0,23,1.0,,0.0435,23,0,0,0
exploration_useful,medium,8724,0,no_teacher,1,1,20,10.8,754.715,,0.0,0,,,,20,0,0,0
exploration_useful,medium,8724,1,no_teacher,1,1,21,10.82,709.3164,,0.0,0,,,,21,0,0,0
exploration_useful,medium,8724,2,no_teacher,1,1,21,10.82,736.717,,0.0,0,,,,21,0,0,0
exploration_useful,medium,8724,3,no_teacher,1,1,29,10.6,616.5261,,0.0,0,,,,29,0,0,0
exploration_useful,medium,8724,4,no_teacher,1,1,21,10.7,775.0377,,0.0,0,,,,21,0,0,0
exploration_useful,medium,8724,5,no_teacher,1,1,22,10.6,729.1458,,0.0,0,,,,22,0,0,0
exploration_useful,medium,8724,6,no_teacher,1,1,30,10.64,620.7672,,0.0,0,,,,30,0,0,0
exploration_useful,medium,8724,7,no_teacher,1,1,24,10.58,693.4762,,0.0,0,,,,24,0,0,0
exploration_useful,medium,8724,8,no_teacher,1,1,20,10.8,852.5062,,0.0,0,,,,20,0,0,0
exploration_useful,medium,8724,9,no_teacher,1,1,23,10.68,693.6406,,0.0,0,,,,23,0,0,0
exploration_useful,medium,8724,0,always_help,1,1,27,10.8,115.3926,,0.0,0,,,,0,27,0,0
exploration_useful,medium,8724,1,always_help,1,1,22,10.82,133.3441,,0.0,0,,,,0,22,0,0
exploration_useful,medium,8724,2,always_help,1,1,27,10.68,129.4658,,0.0,0,,,,0,27,0,0
exploration_useful,medium,8724,3,always_help,1,1,22,10.82,136.6509,,0.0,0,,,,0,22,0,0
exploration_useful,medium,8724,4,always_help,1,1,30,10.82,112.3331,,0.0,0,,,,0,30,0,0
exploration_useful,medium,8724,5,always_help,1,1,28,10.72,104.775,,0.0,0,,,,0,28,0,0
exploration_useful,medium,8724,6,always_help,1,1,20,10.72,144.7794,,0.0,0,,,,0,20,0,0
exploration_useful,medium,8724,7,always_help,1,1,36,10.76,90.6753,,0.0,0,,,,0,36,0,0
exploration_useful,medium,8724,8,always_help,1,1,20,10.72,153.2552,,0.0,0,,,,0,20,0,0
exploration_useful,medium,8724,9,always_help,1,1,28,10.82,115.454,,0.0,0,,,,0,28,0,0
exploration_useful,medium,8724,0,oracle,1,1,23,10.7,114.1469,,0.0,0,,,,0,23,0,0
exploration_useful,medium,8724,1,oracle,1,1,22,10.82,114.8266,,0.0,0,,,,0,22,0,0
exploration_useful,medium,8724,2,oracle,1,1,25,10.82,107.2797,,0.0,0,,,,0,25,0,0
exploration_useful,medium,8724,3,oracle,1,1,20,10.72,126.4562,,0.0,0,,,,0,20,0,0
exploration_useful,medium,8724,4,oracle,0,0,50,-2.24,50.0537,,0.0,0,,,,0,50,0,0
exploration_useful,medium,8724,5,oracle,1,1,23,10.82,112.9354,,0.0,0,,,,0,23,0,0
exploration_useful,medium,8724,6,oracle,1,1,23,10.58,124.1536,,0.0,0,,,,0,23,0,0
exploration_useful,medium,8724,7,oracle,1,1,24,10.78,115.2982,,0.0,0,,,,0,24,0,0
exploration_useful,medium,8724,8,oracle,1,1,29,10.78,94.7432,,0.0,0,,,,0,29,0,0
exploration_useful,medium,8724,9,oracle,1,1,29,10.7,103.22,,0.0,0,,,,0,29,0,0
exploration_useful,medium,8724,0,oracle_cause,1,1,23,10.78,752.5827,,0.0,0,,,,23,0,0,0
exploration_useful,medium,8724,1,oracle_cause,1,1,38,10.64,466.3789,,0.0,0,,,,38,0,0,0
exploration_useful,medium,8724,2,oracle_cause,1,1,29,10.78,546.1157,,0.0,0,,,,29,0,0,0
exploration_useful,medium,8724,3,oracle_cause,1,1,21,10.72,751.2619,,0.0,0,,,,21,0,0,0
exploration_useful,medium,8724,4,oracle_cause,1,1,29,10.76,592.9605,,0.0,0,,,,29,0,0,0
exploration_useful,medium,8724,5,oracle_cause,1,1,23,10.58,756.1766,,0.0,0,,,,23,0,0,0
exploration_useful,medium,8724,6,oracle_cause,1,1,30,10.66,579.2899,,0.0,0,,,,30,0,0,0
exploration_useful,medium,8724,7,oracle_cause,1,1,31,10.82,459.7073,,0.0,0,,,,30,1,0,0
exploration_useful,medium,8724,8,oracle_cause,0,0,50,-1.18,353.2442,,0.0,0,,,,50,0,0,0
exploration_useful,medium,8724,9,oracle_cause,1,1,25,10.82,630.286,,0.0,0,,,,25,0,0,0
exploration_useful,medium,8724,0,particle,1,1,23,10.72,687.6,0.009225,1.0,23,0.8696,,0.0435,23,0,0,0
exploration_useful,medium,8724,1,particle,1,1,22,10.78,726.0567,0.003679,1.0,22,0.9545,,0.0455,22,0,0,0
exploration_useful,medium,8724,2,particle,1,1,30,10.8,475.797,0.01241,0.9667,30,1.0,0.0,0.0345,29,1,0,0
exploration_useful,medium,8724,3,particle,1,1,25,10.72,638.9593,0.005428,1.0,25,0.96,,0.04,25,0,0,0
exploration_useful,medium,8724,4,particle,1,1,24,10.78,698.8989,0.007395,1.0,24,0.9583,,0.0417,24,0,0,0
exploration_useful,medium,8724,5,particle,1,1,30,10.66,566.918,0.009522,1.0,30,0.7667,,0.0333,30,0,0,0
exploration_useful,medium,8724,6,particle,1,1,42,10.5,503.4386,0.01281,1.0,42,0.9048,,0.0238,42,0,0,0
exploration_useful,medium,8724,7,particle,0,0,50,-2.13,228.2032,0.004662,1.0,50,1.0,,0.0,50,0,0,0
exploration_useful,medium,8724,8,particle,1,1,29,10.58,556.5073,0.009875,1.0,29,0.8621,,0.0345,29,0,0,0
exploration_useful,medium,8724,9,particle,1,1,26,10.82,614.2194,0.012008,1.0,26,0.9615,,0.0385,26,0,0,0
exploration_useful,medium,9724,0,no_teacher,1,1,34,10.68,511.787,,0.0,0,,,,34,0,0,0
exploration_useful,medium,9724,1,no_teacher,1,1,36,10.76,429.5814,,0.0,0,,,,36,0,0,0
exploration_useful,medium,9724,2,no_teacher,1,1,37,10.82,451.9774,,0.0,0,,,,37,0,0,0
exploration_useful,medium,9724,3,no_teacher,1,1,25,10.8,693.6561,,0.0,0,,,,25,0,0,0
exploration_useful,medium,9724,4,no_teacher,1,1,37,10.82,457.3255,,0.0,0,,,,37,0,0,0
exploration_useful,medium,9724,5,no_teacher,1,1,23,10.72,674.1371,,0.0,0,,,,23,0,0,0
exploration_useful,medium,9724,6,no_teacher,1,1,20,10.82,770.3811,,0.0,0,,,,20,0,0,0
exploration_useful,medium,9724,7,no_teacher,1,1,27,10.5,655.9316,,0.0,0,,,,27,0,0,0
exploration_useful,medium,9724,8,no_teacher,1,1,43,10.8,384.0096,,0.0,0,,,,43,0,0,0
exploration_useful,medium,9724,9,no_teacher,1,1,43,10.78,375.2086,,0.0,0,,,,43,0,0,0
exploration_useful,medium,9724,0,always_help,1,1,24,10.72,122.6471,,0.0,0,,,,0,24,0,0
exploration_useful,medium,9724,1,always_help,1,1,22,10.72,130.0817,,0.0,0,,,,0,22,0,0
exploration_useful,medium,9724,2,always_help,1,1,35,10.78,94.4555,,0.0,0,,,,0,35,0,0
exploration_useful,medium,9724,3,always_help,1,1,34,10.64,102.6577,,0.0,0,,,,0,34,0,0
exploration_useful,medium,9724,4,always_help,1,1,22,10.82,132.5022,,0.0,0,,,,0,22,0,0
exploration_useful,medium,9724,5,always_help,1,1,20,10.82,143.6903,,0.0,0,,,,0,20,0,0
exploration_useful,medium,9724,6,always_help,1,1,26,10.58,126.3759,,0.0,0,,,,0,26,0,0
exploration_useful,medium,9724,7,always_help,1,1,35,10.48,92.547,,0.0,0,,,,0,35,0,0
exploration_useful,medium,9724,8,always_help,1,1,27,10.78,125.8646,,0.0,0,,,,0,27,0,0
exploration_useful,medium,9724,9,always_help,1,1,23,10.72,126.5102,,0.0,0,,,,0,23,0,0
exploration_useful,medium,9724,0,oracle,1,1,37,10.82,72.142,,0.0,0,,,,0,37,0,0
exploration_useful,medium,9724,1,oracle,1,1,25,10.6,107.4676,,0.0,0,,,,0,25,0,0
exploration_useful,medium,9724,2,oracle,1,1,22,10.8,110.0143,,0.0,0,,,,0,22,0,0
exploration_useful,medium,9724,3,oracle,1,1,24,10.7,110.5186,,0.0,0,,,,0,24,0,0
exploration_useful,medium,9724,4,oracle,1,1,21,10.82,116.2173,,0.0,0,,,,0,21,0,0
exploration_useful,medium,9724,5,oracle,1,1,36,10.68,85.4408,,0.0,0,,,,0,36,0,0
exploration_useful,medium,9724,6,oracle,1,1,23,10.78,124.8949,,0.0,0,,,,0,23,0,0
exploration_useful,medium,9724,7,oracle,1,1,26,10.7,103.1176,,0.0,0,,,,0,26,0,0
exploration_useful,medium,9724,8,oracle,1,1,31,10.7,95.7421,,0.0,0,,,,0,31,0,0
exploration_useful,medium,9724,9,oracle,1,1,23,10.7,119.1576,,0.0,0,,,,0,23,0,0
exploration_useful,medium,9724,0,oracle_cause,1,1,23,10.8,667.5205,,0.0,0,,,,23,0,0,0
exploration_useful,medium,9724,1,oracle_cause,1,1,24,10.72,670.6427,,0.0,0,,,,24,0,0,0
exploration_useful,medium,9724,2,oracle_cause,1,1,26,10.82,602.1825,,0.0,0,,,,26,0,0,0
exploration_useful,medium,9724,3,oracle_cause,1,1,21,10.72,724.5397,,0.0,0,,,,21,0,0,0
exploration_useful,medium,9724,4,oracle_cause,1,1,25,10.78,626.7371,,0.0,0,,,,25,0,0,0
exploration_useful,medium,9724,5,oracle_cause,1,1,24,10.62,670.5135,,0.0,0,,,,24,0,0,0
exploration_useful,medium,9724,6,oracle_cause,1,1,26,10.76,653.252,,0.0,0,,,,26,0,0,0
exploration_useful,medium,9724,7,oracle_cause,1,1,20,10.6,778.0865,,0.0,0,,,,20,0,0,0
exploration_useful,medium,9724,8,oracle_cause,1,1,21,10.8,777.5025,,0.0,0,,,,21,0,0,0
exploration_useful,medium,9724,9,oracle_cause,1,1,21,10.7,740.5857,,0.0,0,,,,21,0,0,0
exploration_useful,medium,9724,0,particle,1,1,26,10.8,641.0709,0.008704,1.0,26,1.0,,0.0385,26,0,0,0
exploration_useful,medium,9724,1,particle,1,1,18,10.72,847.1766,0.007729,1.0,18,1.0,,0.0556,18,0,0,0
exploration_useful,medium,9724,2,particle,1,1,25,10.8,667.4773,0.012776,1.0,25,0.92,,0.04,25,0,0,0
exploration_useful,medium,9724,3,particle,1,1,26,10.82,575.8583,0.006628,1.0,26,1.0,,0.0385,26,0,0,0
exploration_useful,medium,9724,4,particle,1,1,21,10.72,745.0105,0.009876,1.0,21,1.0,,0.0476,21,0,0,0
exploration_useful,medium,9724,5,particle,1,1,20,10.72,777.7849,0.006824,1.0,20,0.95,,0.05,20,0,0,0
exploration_useful,medium,9724,6,particle,0,0,50,-1.25,359.0716,0.007978,1.0,50,0.96,,0.0,50,0,0,0
exploration_useful,medium,9724,7,particle,1,1,20,10.72,749.3324,0.009125,1.0,20,0.95,,0.05,20,0,0,0
exploration_useful,medium,9724,8,particle,1,1,24,10.72,646.5591,0.007608,1.0,24,1.0,,0.0417,24,0,0,0
exploration_useful,medium,9724,9,particle,1,1,22,10.6,747.4526,0.00863,1.0,22,1.0,,0.0455,22,0,0,0
exploration_useful,medium,10724,0,no_teacher,1,1,29,10.5,594.9251,,0.0,0,,,,29,0,0,0
exploration_useful,medium,10724,1,no_teacher,1,1,35,10.78,517.9923,,0.0,0,,,,35,0,0,0
exploration_useful,medium,10724,2,no_teacher,1,1,24,10.78,690.3509,,0.0,0,,,,24,0,0,0
exploration_useful,medium,10724,3,no_teacher,1,1,20,10.52,768.4612,,0.0,0,,,,20,0,0,0
exploration_useful,medium,10724,4,no_teacher,1,1,19,10.82,779.9133,,0.0,0,,,,19,0,0,0
exploration_useful,medium,10724,5,no_teacher,1,1,27,10.8,643.443,,0.0,0,,,,27,0,0,0
exploration_useful,medium,10724,6,no_teacher,1,1,25,10.82,627.8354,,0.0,0,,,,25,0,0,0
exploration_useful,medium,10724,7,no_teacher,1,1,44,10.58,398.589,,0.0,0,,,,44,0,0,0
exploration_useful,medium,10724,8,no_teacher,1,1,23,10.78,765.1216,,0.0,0,,,,23,0,0,0
exploration_useful,medium,10724,9,no_teacher,1,1,35,10.7,473.0397,,0.0,0,,,,35,0,0,0
exploration_useful,medium,10724,0,always_help,1,1,25,10.7,123.8974,,0.0,0,,,,0,25,0,0
exploration_useful,medium,10724,1,always_help,1,1,26,10.8,114.5363,,0.0,0,,,,0,26,0,0
exploration_useful,medium,10724,2,always_help,1,1,26,10.8,116.8474,,0.0,0,,,,0,26,0,0
exploration_useful,medium,10724,3,always_help,1,1,21,10.72,144.2711,,0.0,0,,,,0,21,0,0
exploration_useful,medium,10724,4,always_help,1,1,46,10.72,70.7142,,0.0,0,,,,0,46,0,0
exploration_useful,medium,10724,5,always_help,0,0,50,-1.39,71.9993,,0.0,0,,,,0,50,0,0
exploration_useful,medium,10724,6,always_help,1,1,21,10.82,136.7463,,0.0,0,,,,0,21,0,0
exploration_useful,medium,10724,7,always_help,1,1,31,10.82,100.4415,,0.0,0,,,,0,31,0,0
exploration_useful,medium,10724,8,always_help,1,1,25,10.68,128.9574,,0.0,0,,,,0,25,0,0
exploration_useful,medium,10724,9,always_help,1,1,19,10.82,157.7149,,0.0,0,,,,0,19,0,0
exploration_useful,medium,10724,0,oracle,1,1,25,10.82,103.8022,,0.0,0,,,,0,25,0,0
exploration_useful,medium,10724,1,oracle,1,1,46,10.8,66.4409,,0.0,0,,,,0,46,0,0
exploration_useful,medium,10724,2,oracle,0,0,50,-1.3,61.3249,,0.0,0,,,,0,50,0,0
exploration_useful,medium,10724,3,oracle,1,1,24,10.58,119.1446,,0.0,0,,,,0,24,0,0
exploration_useful,medium,10724,4,oracle,1,1,28,10.78,97.8836,,0.0,0,,,,0,28,0,0
exploration_useful,medium,10724,5,oracle,1,1,25,10.8,107.7681,,0.0,0,,,,0,25,0,0
exploration_useful,medium,10724,6,oracle,1,1,31,10.82,87.6335,,0.0,0,,,,0,31,0,0
exploration_useful,medium,10724,7,oracle,1,1,20,10.8,139.7876,,0.0,0,,,,0,20,0,0
exploration_useful,medium,10724,8,oracle,1,1,30,10.82,90.6805,,0.0,0,,,,0,30,0,0
exploration_useful,medium,10724,9,oracle,1,1,28,10.66,109.4855,,0.0,0,,,,0,28,0,0
exploration_useful,medium,10724,0,oracle_cause,1,1,36,10.76,496.6153,,0.0,0,,,,36,0,0,0
exploration_useful,medium,10724,1,oracle_cause,1,1,21,10.82,741.3742,,0.0,0,,,,21,0,0,0
exploration_useful,medium,10724,2,oracle_cause,1,1,31,10.8,521.6501,,0.0,0,,,,31,0,0,0
exploration_useful,medium,10724,3,oracle_cause,1,1,23,10.7,752.3898,,0.0,0,,,,23,0,0,0
exploration_useful,medium,10724,4,oracle_cause,1,1,26,10.7,638.0799,,0.0,0,,,,26,0,0,0
exploration_useful,medium,10724,5,oracle_cause,1,1,24,10.6,671.8247,,0.0,0,,,,24,0,0,0
exploration_useful,medium,10724,6,oracle_cause,1,1,21,10.7,776.0045,,0.0,0,,,,21,0,0,0
exploration_useful,medium,10724,7,oracle_cause,1,1,21,10.82,738.606,,0.0,0,,,,21,0,0,0
exploration_useful,medium,10724,8,oracle_cause,1,1,21,10.7,748.8437,,0.0,0,,,,21,0,0,0
exploration_useful,medium,10724,9,oracle_cause,1,1,30,10.68,599.874,,0.0,0,,,,30,0,0,0
exploration_useful,medium,10724,0,particle,1,1,23,10.6,686.4386,0.006884,1.0,23,1.0,,0.0435,23,0,0,0
exploration_useful,medium,10724,1,particle,1,1,29,10.8,596.6195,0.007793,1.0,29,0.9655,,0.0345,29,0,0,0
exploration_useful,medium,10724,2,particle,1,1,23,10.7,719.3429,0.010993,0.9565,23,0.8261,,0.0435,23,0,0,0
exploration_useful,medium,10724,3,particle,1,1,38,10.78,442.6663,0.009912,1.0,38,0.9474,,0.0263,38,0,0,0
exploration_useful,medium,10724,4,particle,1,1,40,10.72,427.9026,0.008952,1.0,40,0.925,,0.025,40,0,0,0
exploration_useful,medium,10724,5,particle,1,1,36,10.76,493.2912,0.009368,1.0,36,1.0,,0.0278,36,0,0,0
exploration_useful,medium,10724,6,particle,1,1,30,10.8,511.284,0.014501,0.9667,30,0.9,,0.0333,30,0,0,0
exploration_useful,medium,10724,7,particle,1,1,22,10.7,698.5146,0.008545,1.0,22,0.9091,,0.0455,22,0,0,0
exploration_useful,medium,10724,8,particle,1,1,20,10.8,760.1975,0.011679,1.0,20,1.0,,0.05,20,0,0,0
exploration_useful,medium,10724,9,particle,1,1,20,10.8,767.7328,0.00604,1.0,20,0.95,,0.05,20,0,0,0
exploration_useful,hard,6724,0,no_teacher,1,1,20,10.675,887.2166,,0.0,0,,,,20,0,0,0
exploration_useful,hard,6724,1,no_teacher,1,1,32,10.78,676.4003,,0.0,0,,,,32,0,0,0
exploration_useful,hard,6724,2,no_teacher,1,1,30,10.76,717.9868,,0.0,0,,,,30,0,0,0
exploration_useful,hard,6724,3,no_teacher,0,0,45,-1.23,422.4195,,0.0,0,,,,45,0,0,0
exploration_useful,hard,6724,4,no_teacher,1,1,26,10.675,728.3969,,0.0,0,,,,26,0,0,0
exploration_useful,hard,6724,5,no_teacher,1,1,39,10.675,487.7801,,0.0,0,,,,39,0,0,0
exploration_useful,hard,6724,6,no_teacher,0,0,8,-5.455,937.7143,,0.0,0,,,,8,0,0,0
exploration_useful,hard,6724,7,no_teacher,1,1,27,10.76,725.3918,,0.0,0,,,,27,0,0,0
exploration_useful,hard,6724,8,no_teacher,0,0,45,-1.325,431.7513,,0.0,0,,,,45,0,0,0
exploration_useful,hard,6724,9,no_teacher,1,1,43,10.655,464.7378,,0.0,0,,,,43,0,0,0
exploration_useful,hard,6724,0,always_help,1,1,33,10.695,122.6327,,0.0,0,,,,0,33,0,0
exploration_useful,hard,6724,1,always_help,1,1,24,10.695,157.1922,,0.0,0,,,,0,24,0,0
exploration_useful,hard,6724,2,always_help,1,1,35,10.8,112.0275,,0.0,0,,,,0,35,0,0
exploration_useful,hard,6724,3,always_help,1,1,45,10.78,105.9438,,0.0,0,,,,0,45,0,0
exploration_useful,hard,6724,4,always_help,1,1,25,10.675,158.6027,,0.0,0,,,,0,25,0,0
exploration_useful,hard,6724,5,always_help,0,0,45,-1.295,99.7869,,0.0,0,,,,0,45,0,0
exploration_useful,hard,6724,6,always_help,1,1,40,10.695,103.0054,,0.0,0,,,,0,40,0,0
exploration_useful,hard,6724,7,always_help,1,1,29,10.55,133.4901,,0.0,0,,,,0,29,0,0
exploration_useful,hard,6724,8,always_help,1,1,20,10.8,194.5608,,0.0,0,,,,0,20,0,0
exploration_useful,hard,6724,9,always_help,1,1,24,10.82,154.8999,,0.0,0,,,,0,24,0,0
exploration_useful,hard,6724,0,oracle,1,1,29,10.76,117.0541,,0.0,0,,,,0,29,0,0
exploration_useful,hard,6724,1,oracle,1,1,27,10.675,117.8445,,0.0,0,,,,0,27,0,0
exploration_useful,hard,6724,2,oracle,0,0,45,-1.315,69.0691,,0.0,0,,,,0,45,0,0
exploration_useful,hard,6724,3,oracle,0,0,45,-1.2,74.4951,,0.0,0,,,,0,45,0,0
exploration_useful,hard,6724,4,oracle,1,1,22,10.82,140.4018,,0.0,0,,,,0,22,0,0
exploration_useful,hard,6724,5,oracle,0,0,45,-2.09,36.5438,,0.0,0,,,,0,45,0,0
exploration_useful,hard,6724,6,oracle,1,1,28,10.55,114.2726,,0.0,0,,,,0,28,0,0
exploration_useful,hard,6724,7,oracle,0,0,45,-2.18,63.6417,,0.0,0,,,,0,45,0,0
exploration_useful,hard,6724,8,oracle,0,0,45,-2.255,42.9671,,0.0,0,,,,0,45,0,0
exploration_useful,hard,6724,9,oracle,1,1,26,10.8,120.7841,,0.0,0,,,,0,26,0,0
exploration_useful,hard,6724,0,oracle_cause,1,1,24,10.695,772.4716,,0.0,0,,,,24,0,0,0
exploration_useful,hard,6724,1,oracle_cause,1,1,34,10.76,617.0118,,0.0,0,,,,34,0,0,0
exploration_useful,hard,6724,2,oracle_cause,1,1,41,10.78,516.4924,,0.0,0,,,,41,0,0,0
exploration_useful,hard,6724,3,oracle_cause,1,1,31,10.675,656.6182,,0.0,0,,,,31,0,0,0
exploration_useful,hard,6724,4,oracle_cause,1,1,26,10.82,731.978,,0.0,0,,,,26,0,0,0
exploration_useful,hard,6724,5,oracle_cause,1,1,24,10.695,770.9246,,0.0,0,,,,24,0,0,0
exploration_useful,hard,6724,6,oracle_cause,1,1,27,10.635,790.1443,,0.0,0,,,,27,0,0,0
exploration_useful,hard,6724,7,oracle_cause,1,1,45,10.655,459.5697,,0.0,0,,,,45,0,0,0
exploration_useful,hard,6724,8,oracle_cause,1,1,31,10.78,618.5436,,0.0,0,,,,31,0,0,0
exploration_useful,hard,6724,9,oracle_cause,1,1,21,10.82,850.8111,,0.0,0,,,,21,0,0,0
exploration_useful,hard,6724,0,particle,1,1,21,10.82,864.3927,0.013163,1.0,21,0.9524,,0.0476,21,0,0,0
exploration_useful,hard,6724,1,particle,1,1,24,10.82,771.8265,0.007669,1.0,24,1.0,,0.0417,24,0,0,0
exploration_useful,hard,6724,2,particle,1,1,35,10.8,570.4931,0.013333,1.0,35,0.9714,,0.0286,35,0,0,0
exploration_useful,hard,6724,3,particle,1,1,36,10.635,591.622,0.013272,1.0,36,1.0,,0.0278,36,0,0,0
exploration_useful,hard,6724,4,particle,1,1,20,10.57,907.1435,0.009662,1.0,20,0.9,,0.05,20,0,0,0
exploration_useful,hard,6724,5,particle,1,1,22,10.695,828.3762,0.009386,1.0,22,0.9091,,0.0455,22,0,0,0
exploration_useful,hard,6724,6,particle,0,0,45,-1.285,395.0522,0.01498,1.0,45,0.9778,,0.0,45,0,0,0
exploration_useful,hard,6724,7,particle,1,1,26,10.82,718.4572,0.013102,1.0,26,0.9615,,0.0385,26,0,0,0
exploration_useful,hard,6724,8,particle,1,1,21,10.675,945.2326,0.01685,1.0,21,0.9524,,0.0476,21,0,0,0
exploration_useful,hard,6724,9,particle,1,1,28,10.655,738.3644,0.015334,1.0,28,0.9286,,0.0357,28,0,0,0
exploration_useful,hard,7724,0,no_teacher,1,1,35,10.78,643.5768,,0.0,0,,,,35,0,0,0
exploration_useful,hard,7724,1,no_teacher,1,1,31,10.675,658.4924,,0.0,0,,,,31,0,0,0
exploration_useful,hard,7724,2,no_teacher,1,1,40,10.8,551.3123,,0.0,0,,,,40,0,0,0
exploration_useful,hard,7724,3,no_teacher,1,1,38,10.53,548.7756,,0.0,0,,,,38,0,0,0
exploration_useful,hard,7724,4,no_teacher,1,1,21,10.8,905.4014,,0.0,0,,,,21,0,0,0
exploration_useful,hard,7724,5,no_teacher,1,1,22,10.82,838.8555,,0.0,0,,,,22,0,0,0
exploration_useful,hard,7724,6,no_teacher,1,1,27,10.675,690.5982,,0.0,0,,,,27,0,0,0
exploration_useful,hard,7724,7,no_teacher,0,0,13,-5.475,716.5157,,0.0,0,,,,13,0,0,0
exploration_useful,hard,7724,8,no_teacher,1,1,19,10.695,936.1353,,0.0,0,,,,19,0,0,0
exploration_useful,hard,7724,9,no_teacher,1,1,30,10.8,648.0609,,0.0,0,,,,30,0,0,0
exploration_useful,hard,7724,0,always_help,1,1,28,10.82,145.8285,,0.0,0,,,,0,28,0,0
exploration_useful,hard,7724,1,always_help,1,1,23,10.675,168.3177,,0.0,0,,,,0,23,0,0
exploration_useful,hard,7724,2,always_help,1,1,26,10.655,148.1718,,0.0,0,,,,0,26,0,0
exploration_useful,hard,7724,3,always_help,1,1,21,10.675,179.0142,,0.0,0,,,,0,21,0,0
exploration_useful,hard,7724,4,always_help,1,1,25,10.82,149.4689,,0.0,0,,,,0,25,0,0
exploration_useful,hard,7724,5,always_help,1,1,38,10.8,111.5856,,0.0,0,,,,0,38,0,0
exploration_useful,hard,7724,6,always_help,1,1,30,10.8,137.9551,,0.0,0,,,,0,30,0,0
exploration_useful,hard,7724,7,always_help,1,1,27,10.655,143.3182,,0.0,0,,,,0,27,0,0
exploration_useful,hard,7724,8,always_help,0,0,11,-5.475,209.3151,,0.0,0,,,,0,11,0,0
exploration_useful,hard,7724,9,always_help,1,1,21,10.82,174.499,,0.0,0,,,,0,21,0,0
exploration_useful,hard,7724,0,oracle,1,1,19,10.82,156.2319,,0.0,0,,,,0,19,0,0
exploration_useful,hard,7724,1,oracle,0,0,45,-2.195,37.1183,,0.0,0,,,,0,45,0,0
exploration_useful,hard,7724,2,oracle,0,0,45,-2.14,63.8782,,0.0,0,,,,0,45,0,0
exploration_useful,hard,7724,3,oracle,1,1,31,10.675,102.5971,,0.0,0,,,,0,31,0,0
exploration_useful,hard,7724,4,oracle,1,1,26,10.8,124.0115,,0.0,0,,,,0,26,0,0
exploration_useful,hard,7724,5,oracle,1,1,27,10.675,116.2254,,0.0,0,,,,0,27,0,0
exploration_useful,hard,7724,6,oracle,1,1,28,10.78,115.5402,,0.0,0,,,,0,28,0,0
exploration_useful,hard,7724,7,oracle,1,1,32,10.655,109.6348,,0.0,0,,,,0,32,0,0
exploration_useful,hard,7724,8,oracle,1,1,28,10.675,115.6382,,0.0,0,,,,0,28,0,0
exploration_useful,hard,7724,9,oracle,1,1,28,10.695,111.1511,,0.0,0,,,,0,28,0,0
exploration_useful,hard,7724,0,oracle_cause,1,1,24,10.8,774.3873,,0.0,0,,,,24,0,0,0
exploration_useful,hard,7724,1,oracle_cause,1,1,30,10.78,724.8111,,0.0,0,,,,30,0,0,0
exploration_useful,hard,7724,2,oracle_cause,1,1,40,10.8,518.2416,,0.0,0,,,,40,0,0,0
exploration_useful,hard,7724,3,oracle_cause,1,1,38,10.74,581.6774,,0.0,0,,,,38,0,0,0
exploration_useful,hard,7724,4,oracle_cause,1,1,33,10.78,636.8944,,0.0,0,,,,33,0,0,0
exploration_useful,hard,7724,5,oracle_cause,1,1,40,10.78,565.5351,,0.0,0,,,,40,0,0,0
exploration_useful,hard,7724,6,oracle_cause,1,1,32,10.675,619.9839,,0.0,0,,,,32,0,0,0
exploration_useful,hard,7724,7,oracle_cause,1,1,25,10.655,775.9248,,0.0,0,,,,25,0,0,0
exploration_useful,hard,7724,8,oracle_cause,1,1,36,10.615,573.8198,,0.0,0,,,,36,0,0,0
exploration_useful,hard,7724,9,oracle_cause,1,1,23,10.655,885.6801,,0.0,0,,,,23,0,0,0
exploration_useful,hard,7724,0,particle,1,1,31,10.615,711.4445,0.013138,1.0,31,0.9355,,0.0323,31,0,0,0
exploration_useful,hard,7724,1,particle,0,0,45,-1.22,448.4033,0.01716,1.0,45,0.9778,,0.0,45,0,0,0
exploration_useful,hard,7724,2,particle,1,1,23,10.675,861.076,0.012949,1.0,23,0.8696,,0.0435,23,0,0,0
exploration_useful,hard,7724,3,particle,0,0,45,-2.16,339.4362,0.013877,1.0,45,0.9556,,0.0,45,0,0,0
exploration_useful,hard,7724,4,particle,1,1,31,10.78,677.8577,0.009953,1.0,31,0.9677,,0.0323,31,0,0,0
exploration_useful,hard,7724,5,particle,1,1,31,10.82,611.1384,0.022023,1.0,31,0.9677,,0.0323,31,0,0,0
exploration_useful,hard,7724,6,particle,1,1,37,10.635,554.9235,0.00783,1.0,37,0.9189,,0.027,37,0,0,0
exploration_useful,hard,7724,7,particle,1,1,40,10.47,665.5121,0.015446,1.0,40,0.9,,0.025,40,0,0,0
exploration_useful,hard,7724,8,particle,1,1,23,10.82,791.1554,0.011654,1.0,23,1.0,,0.0435,23,0,0,0
exploration_useful,hard,7724,9,particle,0,0,45,-1.21,415.2348,0.01186,1.0,45,0.9778,,0.0,45,0,0,0
exploration_useful,hard,8724,0,no_teacher,1,1,32,10.8,636.4032,,0.0,0,,,,32,0,0,0
exploration_useful,hard,8724,1,no_teacher,1,1,32,10.55,626.0508,,0.0,0,,,,32,0,0,0
exploration_useful,hard,8724,2,no_teacher,1,1,26,10.8,673.8312,,0.0,0,,,,26,0,0,0
exploration_useful,hard,8724,3,no_teacher,1,1,34,10.8,583.8652,,0.0,0,,,,34,0,0,0
exploration_useful,hard,8724,4,no_teacher,0,0,45,-1.19,392.1423,,0.0,0,,,,45,0,0,0
exploration_useful,hard,8724,5,no_teacher,1,1,33,10.78,595.6585,,0.0,0,,,,33,0,0,0
exploration_useful,hard,8724,6,no_teacher,1,1,35,10.76,636.8728,,0.0,0,,,,35,0,0,0
exploration_useful,hard,8724,7,no_teacher,1,1,22,10.8,876.96,,0.0,0,,,,22,0,0,0
exploration_useful,hard,8724,8,no_teacher,1,1,37,10.595,644.7984,,0.0,0,,,,37,0,0,0
exploration_useful,hard,8724,9,no_teacher,1,1,21,10.82,877.0387,,0.0,0,,,,21,0,0,0
exploration_useful,hard,8724,0,always_help,1,1,25,10.695,151.8648,,0.0,0,,,,0,25,0,0
exploration_useful,hard,8724,1,always_help,1,1,29,10.8,131.5628,,0.0,0,,,,0,29,0,0
exploration_useful,hard,8724,2,always_help,1,1,25,10.82,149.8035,,0.0,0,,,,0,25,0,0
exploration_useful,hard,8724,3,always_help,1,1,33,10.8,122.3772,,0.0,0,,,,0,33,0,0
exploration_useful,hard,8724,4,always_help,1,1,21,10.695,182.9804,,0.0,0,,,,0,21,0,0
exploration_useful,hard,8724,5,always_help,1,1,23,10.82,171.4969,,0.0,0,,,,0,23,0,0
exploration_useful,hard,8724,6,always_help,1,1,30,10.8,133.0441,,0.0,0,,,,0,30,0,0
exploration_useful,hard,8724,7,always_help,1,1,34,10.78,126.3059,,0.0,0,,,,0,34,0,0
exploration_useful,hard,8724,8,always_help,1,1,39,10.57,104.495,,0.0,0,,,,0,39,0,0
exploration_useful,hard,8724,9,always_help,1,1,27,10.675,141.6591,,0.0,0,,,,0,27,0,0
exploration_useful,hard,8724,0,oracle,1,1,26,10.655,125.3192,,0.0,0,,,,0,26,0,0
exploration_useful,hard,8724,1,oracle,1,1,25,10.82,125.8888,,0.0,0,,,,0,25,0,0
exploration_useful,hard,8724,2,oracle,1,1,30,10.78,103.9752,,0.0,0,,,,0,30,0,0
exploration_useful,hard,8724,3,oracle,1,1,42,10.55,86.2732,,0.0,0,,,,0,42,0,0
exploration_useful,hard,8724,4,oracle,1,1,23,10.8,142.0154,,0.0,0,,,,0,23,0,0
exploration_useful,hard,8724,5,oracle,1,1,30,10.76,117.3238,,0.0,0,,,,0,30,0,0
exploration_useful,hard,8724,6,oracle,1,1,26,10.8,125.0387,,0.0,0,,,,0,26,0,0
exploration_useful,hard,8724,7,oracle,1,1,27,10.76,134.5349,,0.0,0,,,,0,27,0,0
exploration_useful,hard,8724,8,oracle,1,1,31,10.655,116.508,,0.0,0,,,,0,31,0,0
exploration_useful,hard,8724,9,oracle,1,1,22,10.655,141.9923,,0.0,0,,,,0,22,0,0
exploration_useful,hard,8724,0,oracle_cause,1,1,35,10.655,610.9061,,0.0,0,,,,35,0,0,0
exploration_useful,hard,8724,1,oracle_cause,1,1,20,10.8,937.9903,,0.0,0,,,,20,0,0,0
exploration_useful,hard,8724,2,oracle_cause,1,1,31,10.78,632.4623,,0.0,0,,,,31,0,0,0
exploration_useful,hard,8724,3,oracle_cause,1,1,28,10.76,756.6195,,0.0,0,,,,28,0,0,0
exploration_useful,hard,8724,4,oracle_cause,0,0,45,-1.5,466.4022,,0.0,0,,,,45,0,0,0
exploration_useful,hard,8724,5,oracle_cause,1,1,34,10.8,549.3228,,0.0,0,,,,34,0,0,0
exploration_useful,hard,8724,6,oracle_cause,1,1,22,10.8,871.9788,,0.0,0,,,,22,0,0,0
exploration_useful,hard,8724,7,oracle_cause,1,1,21,10.55,901.6023,,0.0,0,,,,21,0,0,0
exploration_useful,hard,8724,8,oracle_cause,1,1,28,10.655,660.6746,,0.0,0,,,,28,0,0,0
exploration_useful,hard,8724,9,oracle_cause,1,1,26,10.78,783.2193,,0.0,0,,,,26,0,0,0
exploration_useful,hard,8724,0,particle,0,0,45,-1.46,409.2225,0.013411,0.9778,45,0.8,,0.0,45,0,0,0
exploration_useful,hard,8724,1,particle,1,1,21,10.82,863.3794,0.014673,1.0,21,1.0,,0.0476,21,0,0,0
exploration_useful,hard,8724,2,particle,1,1,21,10.82,887.332,0.010593,1.0,21,1.0,,0.0476,21,0,0,0
exploration_useful,hard,8724,3,particle,1,1,21,10.8,866.0381,0.011655,1.0,21,0.9524,,0.0476,21,0,0,0
exploration_useful,hard,8724,4,particle,1,1,19,10.82,851.5944,0.00721,0.9474,19,0.9474,,0.0526,19,0,0,0
exploration_useful,hard,8724,5,particle,1,1,20,10.695,877.665,0.013161,1.0,20,0.85,,0.05,20,0,0,0
exploration_useful,hard,8724,6,particle,1,1,29,10.8,619.4508,0.015102,0.9655,29,0.931,0.0,0.0357,28,1,0,0
exploration_useful,hard,8724,7,particle,1,1,20,10.675,884.9361,0.010793,1.0,20,0.95,,0.05,20,0,0,0
exploration_useful,hard,8724,8,particle,1,1,30,10.615,710.2153,0.013567,1.0,30,0.9667,,0.0333,30,0,0,0
exploration_useful,hard,8724,9,particle,1,1,29,10.78,646.6518,0.020407,1.0,29,0.9655,,0.0345,29,0,0,0
exploration_useful,hard,9724,0,no_teacher,1,1,25,10.82,701.6944,,0.0,0,,,,25,0,0,0
exploration_useful,hard,9724,1,no_teacher,1,1,21,10.57,874.6452,,0.0,0,,,,21,0,0,0
exploration_useful,hard,9724,2,no_teacher,1,1,30,10.8,688.4388,,0.0,0,,,,30,0,0,0
exploration_useful,hard,9724,3,no_teacher,1,1,22,10.695,816.3909,,0.0,0,,,,22,0,0,0
exploration_useful,hard,9724,4,no_teacher,0,0,45,-1.415,395.7325,,0.0,0,,,,45,0,0,0
exploration_useful,hard,9724,5,no_teacher,1,1,20,10.695,906.0619,,0.0,0,,,,20,0,0,0
exploration_useful,hard,9724,6,no_teacher,1,1,43,10.76,521.9254,,0.0,0,,,,43,0,0,0
exploration_useful,hard,9724,7,no_teacher,1,1,20,10.82,893.8505,,0.0,0,,,,20,0,0,0
exploration_useful,hard,9724,8,no_teacher,1,1,30,10.635,753.6392,,0.0,0,,,,30,0,0,0
exploration_useful,hard,9724,9,no_teacher,1,1,25,10.53,766.5669,,0.0,0,,,,25,0,0,0
exploration_useful,hard,9724,0,always_help,1,1,22,10.82,168.5097,,0.0,0,,,,0,22,0,0
exploration_useful,hard,9724,1,always_help,1,1,28,10.57,137.2753,,0.0,0,,,,0,28,0,0
exploration_useful,hard,9724,2,always_help,1,1,22,10.695,167.1125,,0.0,0,,,,0,22,0,0
exploration_useful,hard,9724,3,always_help,1,1,29,10.8,135.2621,,0.0,0,,,,0,29,0,0
exploration_useful,hard,9724,4,always_help,1,1,44,10.78,98.4898,,0.0,0,,,,0,44,0,0
exploration_useful,hard,9724,5,always_help,1,1,23,10.55,166.2357,,0.0,0,,,,0,23,0,0
exploration_useful,hard,9724,6,always_help,1,1,21,10.55,175.2876,,0.0,0,,,,0,21,0,0
exploration_useful,hard,9724,7,always_help,1,1,28,10.53,137.2003,,0.0,0,,,,0,28,0,0
exploration_useful,hard,9724,8,always_help,1,1,25,10.8,154.481,,0.0,0,,,,0,25,0,0
exploration_useful,hard,9724,9,always_help,1,1,40,10.8,108.1618,,0.0,0,,,,0,40,0,0
exploration_useful,hard,9724,0,oracle,1,1,32,10.76,116.6824,,0.0,0,,,,0,32,0,0
exploration_useful,hard,9724,1,oracle,1,1,38,10.675,88.4884,,0.0,0,,,,0,38,0,0
exploration_useful,hard,9724,2,oracle,0,0,45,-1.14,64.7605,,0.0,0,,,,0,45,0,0
exploration_useful,hard,9724,3,oracle,1,1,24,10.675,129.3665,,0.0,0,,,,0,24,0,0
exploration_useful,hard,9724,4,oracle,0,0,45,-2.195,36.9309,,0.0,0,,,,0,45,0,0
exploration_useful,hard,9724,5,oracle,1,1,31,10.635,108.557,,0.0,0,,,,0,31,0,0
exploration_useful,hard,9724,6,oracle,1,1,38,10.78,88.8098,,0.0,0,,,,0,38,0,0
exploration_useful,hard,9724,7,oracle,1,1,25,10.78,124.7358,,0.0,0,,,,0,25,0,0
exploration_useful,hard,9724,8,oracle,1,1,23,10.8,128.0414,,0.0,0,,,,0,23,0,0
exploration_useful,hard,9724,9,oracle,1,1,25,10.55,130.0373,,0.0,0,,,,0,25,0,0
exploration_useful,hard,9724,0,oracle_cause,1,1,21,10.82,862.8769,,0.0,0,,,,21,0,0,0
exploration_useful,hard,9724,1,oracle_cause,0,0,8,-5.455,959.965,,0.0,0,,,,8,0,0,0
exploration_useful,hard,9724,2,oracle_cause,1,1,23,10.695,785.1443,,0.0,0,,,,23,0,0,0
exploration_useful,hard,9724,3,oracle_cause,1,1,26,10.82,718.0228,,0.0,0,,,,26,0,0,0
exploration_useful,hard,9724,4,oracle_cause,1,1,27,10.675,711.7938,,0.0,0,,,,27,0,0,0
exploration_useful,hard,9724,5,oracle_cause,1,1,23,10.8,825.0316,,0.0,0,,,,23,0,0,0
exploration_useful,hard,9724,6,oracle_cause,1,1,29,10.695,660.7518,,0.0,0,,,,29,0,0,0
exploration_useful,hard,9724,7,oracle_cause,1,1,32,10.8,656.7826,,0.0,0,,,,32,0,0,0
exploration_useful,hard,9724,8,oracle_cause,1,1,27,10.695,689.6639,,0.0,0,,,,27,0,0,0
exploration_useful,hard,9724,9,oracle_cause,1,1,26,10.53,736.2249,,0.0,0,,,,26,0,0,0
exploration_useful,hard,9724,0,particle,1,1,36,10.78,572.8397,0.011667,1.0,36,0.9444,,0.0278,36,0,0,0
exploration_useful,hard,9724,1,particle,1,1,24,10.8,812.4079,0.019851,1.0,24,0.875,,0.0417,24,0,0,0
exploration_useful,hard,9724,2,particle,1,1,43,10.72,528.2825,0.014131,0.9767,43,0.907,,0.0233,43,0,0,0
exploration_useful,hard,9724,3,particle,1,1,23,10.82,813.0844,0.009406,1.0,23,0.913,,0.0435,23,0,0,0
exploration_useful,hard,9724,4,particle,1,1,18,10.82,950.7565,0.010828,1.0,18,1.0,,0.0556,18,0,0,0
exploration_useful,hard,9724,5,particle,1,1,23,10.8,777.5534,0.010978,1.0,23,1.0,,0.0435,23,0,0,0
exploration_useful,hard,9724,6,particle,1,1,20,10.57,901.4097,0.009581,1.0,20,0.95,,0.05,20,0,0,0
exploration_useful,hard,9724,7,particle,1,1,27,10.635,721.7863,0.01683,1.0,27,1.0,,0.037,27,0,0,0
exploration_useful,hard,9724,8,particle,0,0,17,-5.505,482.5661,0.005739,1.0,17,1.0,,0.0,17,0,0,0
exploration_useful,hard,9724,9,particle,1,1,27,10.55,703.9156,0.012502,1.0,27,0.8889,,0.037,27,0,0,0
exploration_useful,hard,10724,0,no_teacher,1,1,30,10.82,638.9312,,0.0,0,,,,30,0,0,0
exploration_useful,hard,10724,1,no_teacher,0,0,45,-1.2,429.6199,,0.0,0,,,,45,0,0,0
exploration_useful,hard,10724,2,no_teacher,1,1,18,10.82,951.984,,0.0,0,,,,18,0,0,0
exploration_useful,hard,10724,3,no_teacher,1,1,25,10.53,775.258,,0.0,0,,,,25,0,0,0
exploration_useful,hard,10724,4,no_teacher,1,1,31,10.695,630.7644,,0.0,0,,,,31,0,0,0
exploration_useful,hard,10724,5,no_teacher,1,1,27,10.655,744.7797,,0.0,0,,,,27,0,0,0
exploration_useful,hard,10724,6,no_teacher,1,1,28,10.76,697.9384,,0.0,0,,,,28,0,0,0
exploration_useful,hard,10724,7,no_teacher,1,1,24,10.82,784.1623,,0.0,0,,,,24,0,0,0
exploration_useful,hard,10724,8,no_teacher,1,1,22,10.8,794.6718,,0.0,0,,,,22,0,0,0
exploration_useful,hard,10724,9,no_teacher,1,1,22,10.82,749.2359,,0.0,0,,,,22,0,0,0
exploration_useful,hard,10724,0,always_help,1,1,32,10.82,127.4559,,0.0,0,,,,0,32,0,0
exploration_useful,hard,10724,1,always_help,0,0,45,-1.15,90.9828,,0.0,0,,,,0,45,0,0
exploration_useful,hard,10724,2,always_help,1,1,25,10.82,152.5275,,0.0,0,,,,0,25,0,0
exploration_useful,hard,10724,3,always_help,1,1,27,10.695,141.2291,,0.0,0,,,,0,27,0,0
exploration_useful,hard,10724,4,always_help,0,0,45,-1.17,95.8645,,0.0,0,,,,0,45,0,0
exploration_useful,hard,10724,5,always_help,1,1,26,10.82,144.839,,0.0,0,,,,0,26,0,0
exploration_useful,hard,10724,6,always_help,1,1,28,10.55,135.4855,,0.0,0,,,,0,28,0,0
exploration_useful,hard,10724,7,always_help,1,1,23,10.82,169.3239,,0.0,0,,,,0,23,0,0
exploration_useful,hard,10724,8,always_help,1,1,24,10.82,157.3227,,0.0,0,,,,0,24,0,0
exploration_useful,hard,10724,9,always_help,1,1,35,10.655,111.0141,,0.0,0,,,,0,35,0,0
exploration_useful,hard,10724,0,oracle,1,1,42,10.45,89.9121,,0.0,0,,,,0,42,0,0
exploration_useful,hard,10724,1,oracle,1,1,22,10.675,142.7556,,0.0,0,,,,0,22,0,0
exploration_useful,hard,10724,2,oracle,1,1,28,10.675,113.9672,,0.0,0,,,,0,28,0,0
exploration_useful,hard,10724,3,oracle,1,1,42,10.76,84.7933,,0.0,0,,,,0,42,0,0
exploration_useful,hard,10724,4,oracle,1,1,45,10.78,70.0887,,0.0,0,,,,0,45,0,0
exploration_useful,hard,10724,5,oracle,1,1,37,10.53,86.0681,,0.0,0,,,,0,37,0,0
exploration_useful,hard,10724,6,oracle,1,1,19,10.695,151.1965,,0.0,0,,,,0,19,0,0
exploration_useful,hard,10724,7,oracle,1,1,44,10.8,77.572,,0.0,0,,,,0,44,0,0
exploration_useful,hard,10724,8,oracle,0,0,45,-1.21,64.9439,,0.0,0,,,,0,45,0,0
exploration_useful,hard,10724,9,oracle,1,1,20,10.675,152.0663,,0.0,0,,,,0,20,0,0
exploration_useful,hard,10724,0,oracle_cause,1,1,25,10.82,733.9812,,0.0,0,,,,25,0,0,0
exploration_useful,hard,10724,1,oracle_cause,0,0,45,-1.17,394.8194,,0.0,0,,,,45,0,0,0
exploration_useful,hard,10724,2,oracle_cause,1,1,39,10.78,576.3105,,0.0,0,,,,39,0,0,0
exploration_useful,hard,10724,3,oracle_cause,1,1,41,10.695,497.6,,0.0,0,,,,41,0,0,0
exploration_useful,hard,10724,4,oracle_cause,1,1,25,10.82,758.6589,,0.0,0,,,,25,0,0,0
exploration_useful,hard,10724,5,oracle_cause,1,1,36,10.78,534.9909,,0.0,0,,,,36,0,0,0
exploration_useful,hard,10724,6,oracle_cause,1,1,33,10.72,564.5429,,0.0,0,,,,32,1,0,0
exploration_useful,hard,10724,7,oracle_cause,0,0,45,-2.17,267.0648,,0.0,0,,,,45,0,0,0
exploration_useful,hard,10724,8,oracle_cause,0,0,45,-1.22,444.5648,,0.0,0,,,,44,1,0,0
exploration_useful,hard,10724,9,oracle_cause,1,1,44,10.78,482.2034,,0.0,0,,,,43,1,0,0
exploration_useful,hard,10724,0,particle,0,0,45,-1.44,429.309,0.010856,1.0,45,0.9333,,0.0,45,0,0,0
exploration_useful,hard,10724,1,particle,1,1,26,10.78,759.1444,0.007992,1.0,26,0.8462,,0.0385,26,0,0,0
exploration_useful,hard,10724,2,particle,1,1,36,10.82,526.4066,0.010197,1.0,36,0.9722,,0.0278,36,0,0,0
exploration_useful,hard,10724,3,particle,1,1,23,10.695,811.5152,0.009906,1.0,23,0.913,,0.0435,23,0,0,0
exploration_useful,hard,10724,4,particle,1,1,32,10.78,647.1789,0.015703,0.9688,32,0.9688,,0.0312,32,0,0,0
exploration_useful,hard,10724,5,particle,1,1,27,10.675,726.643,0.010971,1.0,27,0.9259,,0.037,27,0,0,0
exploration_useful,hard,10724,6,particle,1,1,25,10.82,724.4848,0.012085,1.0,25,0.88,,0.04,25,0,0,0
exploration_useful,hard,10724,7,particle,1,1,33,10.51,639.3797,0.014545,1.0,33,0.8182,,0.0303,33,0,0,0
exploration_useful,hard,10724,8,particle,0,0,45,-1.27,494.689,0.013844,1.0,45,0.7778,,0.0,45,0,0,0
exploration_useful,hard,10724,9,particle,1,1,24,10.82,768.9439,0.00969,1.0,24,0.9583,,0.0417,24,0,0,0
