family,difficulty,seed,episode,baseline,constrained_success,success,steps,reward,ece,tom_mse,policy_match,policy_total,n_wait,n_warn,n_unlock,n_shield
semantic_trap,easy,826,0,no_teacher,0,0,50,-2.2789,129.1508,,0.0,0,50,0,0,0
semantic_trap,easy,826,1,no_teacher,0,0,50,-2.2059,133.0235,,0.0,0,50,0,0,0
semantic_trap,easy,826,2,no_teacher,0,0,50,-2.1989,118.4299,,0.0,0,50,0,0,0
semantic_trap,easy,826,3,no_teacher,0,0,50,-2.2189,120.1505,,0.0,0,50,0,0,0
semantic_trap,easy,826,4,no_teacher,0,0,50,-2.2059,128.7445,,0.0,0,50,0,0,0
semantic_trap,easy,826,5,no_teacher,0,0,50,-2.2518,116.9452,,0.0,0,50,0,0,0
semantic_trap,easy,826,6,no_teacher,0,0,50,-2.2718,128.9533,,0.0,0,50,0,0,0
semantic_trap,easy,826,7,no_teacher,0,0,50,-2.1659,121.5434,,0.0,0,50,0,0,0
semantic_trap,easy,826,8,no_teacher,0,0,50,-2.2059,128.6793,,0.0,0,50,0,0,0
semantic_trap,easy,826,9,no_teacher,0,0,50,-2.2589,123.3806,,0.0,0,50,0,0,0
semantic_trap,easy,826,0,always_help,0,0,50,-2.2589,47.3876,,0.0,0,0,50,0,0
semantic_trap,easy,826,1,always_help,0,0,50,-2.2718,46.237,,0.0,0,0,50,0,0
semantic_trap,easy,826,2,always_help,0,0,50,-2.2189,46.2012,,0.0,0,0,50,0,0
semantic_trap,easy,826,3,always_help,0,0,50,-2.2718,46.7459,,0.0,0,0,50,0,0
semantic_trap,easy,826,4,always_help,0,0,50,-2.1459,45.5704,,0.0,0,0,50,0,0
semantic_trap,easy,826,5,always_help,0,0,50,-2.1989,45.9009,,0.0,0,0,50,0,0
semantic_trap,easy,826,6,always_help,0,0,50,-2.1859,48.8698,,0.0,0,0,50,0,0
semantic_trap,easy,826,7,always_help,0,0,50,-2.1859,47.4892,,0.0,0,0,50,0,0
semantic_trap,easy,826,8,always_help,0,0,50,-2.1989,46.7714,,0.0,0,0,50,0,0
semantic_trap,easy,826,9,always_help,0,0,50,-2.2289,46.7457,,0.0,0,0,50,0,0
semantic_trap,easy,826,0,oracle,0,0,50,-2.2159,25.5344,,0.0,0,0,50,0,0
semantic_trap,easy,826,1,oracle,0,0,50,-2.1459,22.1018,,0.0,0,0,50,0,0
semantic_trap,easy,826,2,oracle,0,0,50,-2.3248,23.7953,,0.0,0,0,50,0,0
semantic_trap,easy,826,3,oracle,0,0,50,-2.2318,23.3321,,0.0,0,0,50,0,0
semantic_trap,easy,826,4,oracle,0,0,50,-2.2518,23.5935,,0.0,0,0,50,0,0
semantic_trap,easy,826,5,oracle,0,0,50,-2.1989,22.0251,,0.0,0,0,50,0,0
semantic_trap,easy,826,6,oracle,0,0,50,-2.2159,23.8672,,0.0,0,0,50,0,0
semantic_trap,easy,826,7,oracle,0,0,50,-2.2059,23.7522,,0.0,0,0,50,0,0
semantic_trap,easy,826,8,oracle,0,0,50,-2.2518,23.5935,,0.0,0,0,50,0,0
semantic_trap,easy,826,9,oracle,0,0,50,-2.1659,23.31,,0.0,0,0,50,0,0
semantic_trap,easy,826,0,particle,0,0,50,-2.2189,120.1813,0.000988,0.0,50,50,0,0,0
semantic_trap,easy,826,1,particle,0,0,50,-2.1659,125.6611,0.001802,0.0,50,50,0,0,0
semantic_trap,easy,826,2,particle,0,0,50,-2.1859,122.7601,0.001678,0.0,50,50,0,0,0
semantic_trap,easy,826,3,particle,0,0,50,-2.2059,134.0785,0.00149,0.0,50,50,0,0,0
semantic_trap,easy,826,4,particle,0,0,50,-2.2189,121.0731,0.00247,0.0,50,50,0,0,0
semantic_trap,easy,826,5,particle,0,0,50,-2.1659,124.8261,0.00127,0.0,50,50,0,0,0
semantic_trap,easy,826,6,particle,0,0,50,-2.1989,118.4299,0.001523,0.0,50,50,0,0,0
semantic_trap,easy,826,7,particle,0,0,50,-2.2189,119.8985,0.001767,0.0,50,50,0,0,0
semantic_trap,easy,826,8,particle,0,0,50,-2.1989,118.308,0.001472,0.0,50,50,0,0,0
semantic_trap,easy,826,9,particle,0,0,50,-2.1459,119.447,0.001298,0.0,50,50,0,0,0
semantic_trap,easy,1826,0,no_teacher,0,0,50,-2.1825,128.9098,,0.0,0,50,0,0,0
semantic_trap,easy,1826,1,no_teacher,1,1,20,10.625,573.8186,,0.0,0,20,0,0,0
semantic_trap,easy,1826,2,no_teacher,0,0,50,-2.2025,134.8936,,0.0,0,50,0,0,0
semantic_trap,easy,1826,3,no_teacher,0,0,50,-2.1825,131.9719,,0.0,0,50,0,0,0
semantic_trap,easy,1826,4,no_teacher,0,0,50,-2.265,119.0545,,0.0,0,50,0,0,0
semantic_trap,easy,1826,5,no_teacher,1,1,18,10.82,597.2269,,0.0,0,18,0,0,0
semantic_trap,easy,1826,6,no_teacher,0,0,50,-2.1625,130.9016,,0.0,0,50,0,0,0
semantic_trap,easy,1826,7,no_teacher,0,0,50,-2.245,119.1316,,0.0,0,50,0,0,0
semantic_trap,easy,1826,8,no_teacher,0,0,50,-2.2138,120.9343,,0.0,0,50,0,0,0
semantic_trap,easy,1826,9,no_teacher,0,0,50,-2.2138,125.7587,,0.0,0,50,0,0,0
semantic_trap,easy,1826,0,always_help,1,1,18,10.645,133.9892,,0.0,0,0,18,0,0
semantic_trap,easy,1826,1,always_help,0,0,13,-5.655,137.0354,,0.0,0,0,13,0,0
semantic_trap,easy,1826,2,always_help,1,1,18,10.82,134.5957,,0.0,0,0,18,0,0
semantic_trap,easy,1826,3,always_help,1,1,18,10.645,132.969,,0.0,0,0,18,0,0
semantic_trap,easy,1826,4,always_help,0,0,50,-2.265,41.9964,,0.0,0,0,50,0,0
semantic_trap,easy,1826,5,always_help,0,0,50,-2.245,40.9542,,0.0,0,0,50,0,0
semantic_trap,easy,1826,6,always_help,0,0,50,-2.2538,41.7731,,0.0,0,0,50,0,0
semantic_trap,easy,1826,7,always_help,0,0,11,-5.635,135.0969,,0.0,0,0,11,0,0
semantic_trap,easy,1826,8,always_help,1,1,24,10.76,112.6177,,0.0,0,0,24,0,0
semantic_trap,easy,1826,9,always_help,1,1,20,10.625,124.0594,,0.0,0,0,20,0,0
semantic_trap,easy,1826,0,oracle,0,0,50,-2.225,23.3832,,0.0,0,0,50,0,0
semantic_trap,easy,1826,1,oracle,0,0,50,-2.2038,22.9255,,0.0,0,0,50,0,0
semantic_trap,easy,1826,2,oracle,0,0,50,-2.1938,22.188,,0.0,0,0,50,0,0
semantic_trap,easy,1826,3,oracle,1,1,20,10.45,91.1172,,0.0,0,0,20,0,0
semantic_trap,easy,1826,4,oracle,1,1,18,10.82,98.0893,,0.0,0,0,18,0,0
semantic_trap,easy,1826,5,oracle,1,1,18,10.645,99.0729,,0.0,0,0,18,0,0
semantic_trap,easy,1826,6,oracle,1,1,20,10.8,93.4768,,0.0,0,0,20,0,0
semantic_trap,easy,1826,7,oracle,1,1,20,10.8,90.632,,0.0,0,0,20,0,0
semantic_trap,easy,1826,8,oracle,0,0,50,-2.245,23.7437,,0.0,0,0,50,0,0
semantic_trap,easy,1826,9,oracle,0,0,50,-2.1938,22.9573,,0.0,0,0,50,0,0
semantic_trap,easy,1826,0,particle,1,1,19,10.645,563.5632,0.002657,0.0,19,19,0,0,0
semantic_trap,easy,1826,1,particle,1,1,20,10.8,568.7741,0.001989,0.0,20,20,0,0,0
semantic_trap,easy,1826,2,particle,0,0,50,-2.2138,127.3128,0.001646,0.0,50,50,0,0,0
semantic_trap,easy,1826,3,particle,1,1,18,10.82,465.9212,0.002397,0.0556,18,17,1,0,0
semantic_trap,easy,1826,4,particle,1,1,18,10.82,590.8055,0.001785,0.0,18,18,0,0,0
semantic_trap,easy,1826,5,particle,0,0,50,-2.1825,128.8659,0.001017,0.0,50,50,0,0,0
semantic_trap,easy,1826,6,particle,0,0,50,-2.265,124.7094,0.001676,0.0,50,50,0,0,0
semantic_trap,easy,1826,7,particle,1,1,18,10.82,470.5396,0.002273,0.0556,18,17,1,0,0
semantic_trap,easy,1826,8,particle,1,1,24,10.78,466.0268,0.002615,0.0,24,24,0,0,0
semantic_trap,easy,1826,9,particle,0,0,50,-2.3075,112.1471,0.001625,0.0,50,50,0,0,0
semantic_trap,easy,2826,0,no_teacher,0,0,50,-2.1696,121.103,,0.0,0,50,0,0,0
semantic_trap,easy,2826,1,no_teacher,0,0,50,-2.2128,125.2954,,0.0,0,50,0,0,0
semantic_trap,easy,2826,2,no_teacher,1,1,19,10.645,557.6112,,0.0,0,19,0,0,0
semantic_trap,easy,2826,3,no_teacher,1,1,20,10.8,567.0742,,0.0,0,20,0,0,0
semantic_trap,easy,2826,4,no_teacher,0,0,50,-2.1496,118.6637,,0.0,0,50,0,0,0
semantic_trap,easy,2826,5,no_teacher,1,1,18,10.645,593.9145,,0.0,0,18,0,0,0
semantic_trap,easy,2826,6,no_teacher,0,0,50,-2.08,141.0163,,0.0,0,50,0,0,0
semantic_trap,easy,2826,7,no_teacher,1,1,20,10.625,564.8951,,0.0,0,20,0,0,0
semantic_trap,easy,2826,8,no_teacher,1,1,24,10.76,460.6499,,0.0,0,24,0,0,0
semantic_trap,easy,2826,9,no_teacher,1,1,20,10.625,566.1591,,0.0,0,20,0,0,0
semantic_trap,easy,2826,0,always_help,0,0,50,-2.1896,41.6963,,0.0,0,0,50,0,0
semantic_trap,easy,2826,1,always_help,1,1,23,10.43,128.0693,,0.0,0,0,23,0,0
semantic_trap,easy,2826,2,always_help,0,0,50,-2.2064,41.8754,,0.0,0,0,50,0,0
semantic_trap,easy,2826,3,always_help,0,0,50,-2.356,43.9348,,0.0,0,0,50,0,0
semantic_trap,easy,2826,4,always_help,1,1,19,10.82,127.2291,,0.0,0,0,19,0,0
semantic_trap,easy,2826,5,always_help,0,0,50,-2.1664,42.1568,,0.0,0,0,50,0,0
semantic_trap,easy,2826,6,always_help,0,0,50,-2.1996,43.4327,,0.0,0,0,50,0,0
semantic_trap,easy,2826,7,always_help,1,1,18,10.645,133.8905,,0.0,0,0,18,0,0
semantic_trap,easy,2826,8,always_help,0,0,50,-2.2096,43.1902,,0.0,0,0,50,0,0
semantic_trap,easy,2826,9,always_help,0,0,50,-2.2328,45.9876,,0.0,0,0,50,0,0
semantic_trap,easy,2826,0,oracle,1,1,18,10.47,99.4709,,0.0,0,0,18,0,0
semantic_trap,easy,2826,1,oracle,0,0,12,-5.645,97.3774,,0.0,0,0,12,0,0
semantic_trap,easy,2826,2,oracle,1,1,18,10.645,98.3183,,0.0,0,0,18,0,0
semantic_trap,easy,2826,3,oracle,0,0,50,-2.2096,24.6738,,0.0,0,0,50,0,0
semantic_trap,easy,2826,4,oracle,0,0,50,-2.14,25.4865,,0.0,0,0,50,0,0
semantic_trap,easy,2826,5,oracle,1,1,20,10.625,90.9942,,0.0,0,0,20,0,0
semantic_trap,easy,2826,6,oracle,0,0,50,-2.1264,22.1893,,0.0,0,0,50,0,0
semantic_trap,easy,2826,7,oracle,0,0,50,-2.14,25.4174,,0.0,0,0,50,0,0
semantic_trap,easy,2826,8,oracle,1,1,18,10.47,98.5019,,0.0,0,0,18,0,0
semantic_trap,easy,2826,9,oracle,1,1,22,10.43,87.481,,0.0,0,0,22,0,0
semantic_trap,easy,2826,0,particle,0,0,15,-5.675,553.5688,0.00182,0.0,15,15,0,0,0
semantic_trap,easy,2826,1,particle,0,0,50,-2.1,148.4672,0.003297,0.0,50,50,0,0,0
semantic_trap,easy,2826,2,particle,1,1,18,10.645,594.9545,0.00223,0.0,18,18,0,0,0
semantic_trap,easy,2826,3,particle,1,1,20,10.625,547.3064,0.001879,0.0,20,20,0,0,0
semantic_trap,easy,2826,4,particle,0,0,50,-2.1664,136.8594,0.001503,0.0,50,50,0,0,0
semantic_trap,easy,2826,5,particle,0,0,50,-2.1264,127.9351,0.001404,0.0,50,50,0,0,0
semantic_trap,easy,2826,6,particle,0,0,13,-5.655,445.9733,0.002159,0.0769,13,12,1,0,0
semantic_trap,easy,2826,7,particle,1,1,22,10.78,504.1701,0.001797,0.0,22,22,0,0,0
semantic_trap,easy,2826,8,particle,1,1,18,10.645,596.8228,0.002127,0.0,18,18,0,0,0
semantic_trap,easy,2826,9,particle,1,1,20,10.47,548.0218,0.003952,0.0,20,20,0,0,0
semantic_trap,easy,3826,0,no_teacher,1,1,18,10.82,575.6722,,0.0,0,18,0,0,0
semantic_trap,easy,3826,1,no_teacher,1,1,18,10.82,585.1951,,0.0,0,18,0,0,0
semantic_trap,easy,3826,2,no_teacher,0,0,50,-2.1731,119.59,,0.0,0,50,0,0,0
semantic_trap,easy,3826,3,no_teacher,0,0,50,-2.2474,123.9293,,0.0,0,50,0,0,0
semantic_trap,easy,3826,4,no_teacher,0,0,50,-2.1731,124.0252,,0.0,0,50,0,0,0
semantic_trap,easy,3826,5,no_teacher,1,1,23,10.8,499.4229,,0.0,0,23,0,0,0
semantic_trap,easy,3826,6,no_teacher,0,0,50,-2.14,152.3282,,0.0,0,50,0,0,0
semantic_trap,easy,3826,7,no_teacher,0,0,50,-2.1931,125.5921,,0.0,0,50,0,0,0
semantic_trap,easy,3826,8,no_teacher,0,0,50,-2.1287,127.3984,,0.0,0,50,0,0,0
semantic_trap,easy,3826,9,no_teacher,0,0,50,-2.2131,128.1082,,0.0,0,50,0,0,0
semantic_trap,easy,3826,0,always_help,0,0,50,-2.3218,44.502,,0.0,0,0,50,0,0
semantic_trap,easy,3826,1,always_help,0,0,50,-2.2762,42.9226,,0.0,0,0,50,0,0
semantic_trap,easy,3826,2,always_help,1,1,18,10.82,132.3742,,0.0,0,0,18,0,0
semantic_trap,easy,3826,3,always_help,0,0,50,-2.2087,46.1749,,0.0,0,0,50,0,0
semantic_trap,easy,3826,4,always_help,1,1,20,10.45,127.2544,,0.0,0,0,20,0,0
semantic_trap,easy,3826,5,always_help,0,0,50,-2.2174,40.9451,,0.0,0,0,50,0,0
semantic_trap,easy,3826,6,always_help,1,1,21,10.8,122.2881,,0.0,0,0,21,0,0
semantic_trap,easy,3826,7,always_help,1,1,20,10.625,124.499,,0.0,0,0,20,0,0
semantic_trap,easy,3826,8,always_help,0,0,50,-2.18,45.266,,0.0,0,0,50,0,0
semantic_trap,easy,3826,9,always_help,0,0,50,-2.1731,39.9984,,0.0,0,0,50,0,0
semantic_trap,easy,3826,0,oracle,0,0,50,-2.1787,24.6409,,0.0,0,0,50,0,0
semantic_trap,easy,3826,1,oracle,1,1,18,10.645,98.6414,,0.0,0,0,18,0,0
semantic_trap,easy,3826,2,oracle,1,1,20,10.7513,96.077,,0.0,0,0,20,0,0
semantic_trap,easy,3826,3,oracle,1,1,18,10.82,98.9189,,0.0,0,0,18,0,0
semantic_trap,easy,3826,4,oracle,0,0,50,-2.2231,23.7068,,0.0,0,0,50,0,0
semantic_trap,easy,3826,5,oracle,0,0,50,-2.2374,24.219,,0.0,0,0,50,0,0
semantic_trap,easy,3826,6,oracle,1,1,18,10.47,99.4709,,0.0,0,0,18,0,0
semantic_trap,easy,3826,7,oracle,0,0,50,-2.2174,23.8556,,0.0,0,0,50,0,0
semantic_trap,easy,3826,8,oracle,1,1,18,10.82,95.9458,,0.0,0,0,18,0,0
semantic_trap,easy,3826,9,oracle,1,1,18,10.645,98.6414,,0.0,0,0,18,0,0
semantic_trap,easy,3826,0,particle,1,1,23,10.78,491.7658,0.001207,0.0,23,23,0,0,0
semantic_trap,easy,3826,1,particle,0,0,14,-5.665,597.3549,0.002388,0.0,14,14,0,0,0
semantic_trap,easy,3826,2,particle,0,0,50,-2.1287,127.3984,0.001876,0.0,50,50,0,0,0
semantic_trap,easy,3826,3,particle,1,1,22,10.605,513.7475,0.002748,0.0,22,22,0,0,0
semantic_trap,easy,3826,4,particle,0,0,50,-2.1887,153.7768,0.001702,0.0,50,50,0,0,0
semantic_trap,easy,3826,5,particle,1,1,20,10.8,530.0845,0.001145,0.0,20,20,0,0,0
semantic_trap,easy,3826,6,particle,0,0,50,-2.16,159.8642,0.001772,0.0,50,50,0,0,0
semantic_trap,easy,3826,7,particle,0,0,50,-2.1887,142.6706,0.001534,0.0,50,50,0,0,0
semantic_trap,easy,3826,8,particle,0,0,50,-2.1687,140.7368,0.001234,0.0,50,50,0,0,0
semantic_trap,easy,3826,9,particle,0,0,13,-5.655,589.4455,0.002012,0.0,13,13,0,0,0
semantic_trap,easy,4826,0,no_teacher,1,1,22,10.78,516.461,,0.0,0,22,0,0,0
semantic_trap,easy,4826,1,no_teacher,1,1,24,10.585,514.199,,0.0,0,24,0,0,0
semantic_trap,easy,4826,2,no_teacher,1,1,24,10.605,472.9692,,0.0,0,24,0,0,0
semantic_trap,easy,4826,3,no_teacher,0,0,50,-2.1798,115.3391,,0.0,0,50,0,0,0
semantic_trap,easy,4826,4,no_teacher,1,1,20,10.45,551.1194,,0.0,0,20,0,0,0
semantic_trap,easy,4826,5,no_teacher,0,0,50,-2.1949,129.8911,,0.0,0,50,0,0,0
semantic_trap,easy,4826,6,no_teacher,0,0,50,-2.18,160.988,,0.0,0,50,0,0,0
semantic_trap,easy,4826,7,no_teacher,0,0,50,-2.2498,124.0537,,0.0,0,50,0,0,0
semantic_trap,easy,4826,8,no_teacher,1,1,20,10.645,548.6066,,0.0,0,20,0,0,0
semantic_trap,easy,4826,9,no_teacher,1,1,18,10.47,591.3255,,0.0,0,18,0,0,0
semantic_trap,easy,4826,0,always_help,0,0,50,-2.2198,43.2883,,0.0,0,0,50,0,0
semantic_trap,easy,4826,1,always_help,0,0,50,-2.2349,42.0811,,0.0,0,0,50,0,0
semantic_trap,easy,4826,2,always_help,1,1,20,10.625,124.2915,,0.0,0,0,20,0,0
semantic_trap,easy,4826,3,always_help,1,1,18,10.47,133.2812,,0.0,0,0,18,0,0
semantic_trap,easy,4826,4,always_help,0,0,50,-2.2398,41.9237,,0.0,0,0,50,0,0
semantic_trap,easy,4826,5,always_help,1,1,18,10.645,133.6387,,0.0,0,0,18,0,0
semantic_trap,easy,4826,6,always_help,0,0,50,-2.1998,41.2015,,0.0,0,0,50,0,0
semantic_trap,easy,4826,7,always_help,1,1,18,10.645,133.5594,,0.0,0,0,18,0,0
semantic_trap,easy,4826,8,always_help,0,0,50,-2.1998,41.9198,,0.0,0,0,50,0,0
semantic_trap,easy,4826,9,always_help,0,0,50,-2.2398,41.1801,,0.0,0,0,50,0,0
semantic_trap,easy,4826,0,oracle,1,1,20,10.45,91.3059,,0.0,0,0,20,0,0
semantic_trap,easy,4826,1,oracle,1,1,22,10.605,87.4747,,0.0,0,0,22,0,0
semantic_trap,easy,4826,2,oracle,0,0,50,-2.2149,24.5696,,0.0,0,0,50,0,0
semantic_trap,easy,4826,3,oracle,0,0,50,-2.1949,23.5135,,0.0,0,0,50,0,0
semantic_trap,easy,4826,4,oracle,0,0,50,-2.2099,25.0272,,0.0,0,0,50,0,0
semantic_trap,easy,4826,5,oracle,1,1,19,10.645,94.7071,,0.0,0,0,19,0,0
semantic_trap,easy,4826,6,oracle,0,0,50,-2.1998,22.6862,,0.0,0,0,50,0,0
semantic_trap,easy,4826,7,oracle,1,1,20,10.625,90.8847,,0.0,0,0,20,0,0
semantic_trap,easy,4826,8,oracle,1,1,18,10.645,98.3183,,0.0,0,0,18,0,0
semantic_trap,easy,4826,9,oracle,0,0,50,-2.2198,24.7745,,0.0,0,0,50,0,0
semantic_trap,easy,4826,0,particle,1,1,20,10.8,551.3025,0.001643,0.0,20,20,0,0,0
semantic_trap,easy,4826,1,particle,1,1,18,10.47,587.9,0.001713,0.0,18,18,0,0,0
semantic_trap,easy,4826,2,particle,0,0,50,-2.2549,134.0086,0.001667,0.0,50,50,0,0,0
semantic_trap,easy,4826,3,particle,1,1,18,10.82,591.1221,0.002663,0.0,18,18,0,0,0
semantic_trap,easy,4826,4,particle,0,0,50,-2.1798,112.3786,0.001344,0.0,50,50,0,0,0
semantic_trap,easy,4826,5,particle,0,0,50,-2.16,159.8642,0.001917,0.0,50,50,0,0,0
semantic_trap,easy,4826,6,particle,0,0,50,-2.2897,116.4928,0.001632,0.0,50,50,0,0,0
semantic_trap,easy,4826,7,particle,1,1,18,10.645,594.522,0.002127,0.0,18,18,0,0,0
semantic_trap,easy,4826,8,particle,0,0,50,-2.1699,135.5901,0.001467,0.0,50,50,0,0,0
semantic_trap,easy,4826,9,particle,0,0,50,-2.1299,122.9253,0.001114,0.0,50,50,0,0,0
semantic_trap,medium,826,0,no_teacher,0,0,40,-2.1859,158.0025,,0.0,0,40,0,0,0
semantic_trap,medium,826,1,no_teacher,0,0,40,-2.1659,154.0004,,0.0,0,40,0,0,0
semantic_trap,medium,826,2,no_teacher,0,0,40,-2.1989,133.2106,,0.0,0,40,0,0,0
semantic_trap,medium,826,3,no_teacher,0,0,40,-2.1989,139.4079,,0.0,0,40,0,0,0
semantic_trap,medium,826,4,no_teacher,0,0,40,-2.2518,141.4957,,0.0,0,40,0,0,0
semantic_trap,medium,826,5,no_teacher,0,0,40,-2.1789,131.5621,,0.0,0,40,0,0,0
semantic_trap,medium,826,6,no_teacher,0,0,40,-2.1659,150.1195,,0.0,0,40,0,0,0
semantic_trap,medium,826,7,no_teacher,0,0,40,-2.2259,162.9989,,0.0,0,40,0,0,0
semantic_trap,medium,826,8,no_teacher,0,0,40,-2.1789,131.5621,,0.0,0,40,0,0,0
semantic_trap,medium,826,9,no_teacher,0,0,40,-2.1459,141.7172,,0.0,0,40,0,0,0
semantic_trap,medium,826,0,always_help,0,0,40,-2.1459,52.8557,,0.0,0,0,40,0,0
semantic_trap,medium,826,1,always_help,0,0,40,-2.1659,55.0716,,0.0,0,0,40,0,0
semantic_trap,medium,826,2,always_help,0,0,40,-2.1659,55.6701,,0.0,0,0,40,0,0
semantic_trap,medium,826,3,always_help,0,0,40,-2.1659,54.4999,,0.0,0,0,40,0,0
semantic_trap,medium,826,4,always_help,0,0,40,-2.1789,51.9474,,0.0,0,0,40,0,0
semantic_trap,medium,826,5,always_help,0,0,40,-2.1989,53.1551,,0.0,0,0,40,0,0
semantic_trap,medium,826,6,always_help,0,0,40,-2.1859,55.3612,,0.0,0,0,40,0,0
semantic_trap,medium,826,7,always_help,0,0,40,-2.1659,54.0737,,0.0,0,0,40,0,0
semantic_trap,medium,826,8,always_help,0,0,40,-2.1659,55.3697,,0.0,0,0,40,0,0
semantic_trap,medium,826,9,always_help,0,0,40,-2.1659,55.0716,,0.0,0,0,40,0,0
semantic_trap,medium,826,0,oracle,0,0,40,-2.2318,28.1669,,0.0,0,0,40,0,0
semantic_trap,medium,826,1,oracle,0,0,40,-2.1759,28.3165,,0.0,0,0,40,0,0
semantic_trap,medium,826,2,oracle,0,0,40,-2.2389,29.7749,,0.0,0,0,40,0,0
semantic_trap,medium,826,3,oracle,0,0,40,-2.1659,28.2143,,0.0,0,0,40,0,0
semantic_trap,medium,826,4,oracle,0,0,40,-2.2518,28.4815,,0.0,0,0,40,0,0
semantic_trap,medium,826,5,oracle,0,0,40,-2.1659,29.0975,,0.0,0,0,40,0,0
semantic_trap,medium,826,6,oracle,0,0,40,-2.2518,30.9532,,0.0,0,0,40,0,0
semantic_trap,medium,826,7,oracle,0,0,40,-2.2118,26.6314,,0.0,0,0,40,0,0
semantic_trap,medium,826,8,oracle,0,0,40,-2.1789,26.3562,,0.0,0,0,40,0,0
semantic_trap,medium,826,9,oracle,0,0,40,-2.2718,29.1117,,0.0,0,0,40,0,0
semantic_trap,medium,826,0,particle,0,0,40,-2.1859,152.5506,0.001635,0.0,40,40,0,0,0
semantic_trap,medium,826,1,particle,0,0,40,-2.2118,126.7786,0.001298,0.0,40,40,0,0,0
semantic_trap,medium,826,2,particle,0,0,40,-2.2318,134.0884,0.000949,0.0,40,40,0,0,0
semantic_trap,medium,826,3,particle,0,0,40,-2.2618,135.586,0.001427,0.0,40,40,0,0,0
semantic_trap,medium,826,4,particle,0,0,40,-2.1989,134.166,0.00071,0.0,40,40,0,0,0
semantic_trap,medium,826,5,particle,0,0,40,-2.2318,134.0884,0.001006,0.0,40,40,0,0,0
semantic_trap,medium,826,6,particle,0,0,40,-2.1989,134.0785,0.001414,0.0,40,40,0,0,0
semantic_trap,medium,826,7,particle,0,0,40,-2.2648,122.3584,0.001116,0.0,40,40,0,0,0
semantic_trap,medium,826,8,particle,0,0,40,-2.2318,134.0884,0.001182,0.0,40,40,0,0,0
semantic_trap,medium,826,9,particle,0,0,40,-2.2389,144.6057,0.001931,0.0,40,40,0,0,0
semantic_trap,medium,1826,0,no_teacher,1,1,18,10.82,585.6277,,0.0,0,18,0,0,0
semantic_trap,medium,1826,1,no_teacher,1,1,18,10.82,591.0089,,0.0,0,18,0,0,0
semantic_trap,medium,1826,2,no_teacher,0,0,40,-2.1938,140.3788,,0.0,0,40,0,0,0
semantic_trap,medium,1826,3,no_teacher,1,1,20,10.82,545.1748,,0.0,0,20,0,0,0
semantic_trap,medium,1826,4,no_teacher,0,0,40,-2.205,128.4302,,0.0,0,40,0,0,0
semantic_trap,medium,1826,5,no_teacher,0,0,40,-2.1825,152.5887,,0.0,0,40,0,0,0
semantic_trap,medium,1826,6,no_teacher,0,0,40,-2.1825,159.0034,,0.0,0,40,0,0,0
semantic_trap,medium,1826,7,no_teacher,0,0,40,-2.1625,148.471,,0.0,0,40,0,0,0
semantic_trap,medium,1826,8,no_teacher,0,0,40,-2.225,135.8352,,0.0,0,40,0,0,0
semantic_trap,medium,1826,9,no_teacher,1,1,20,10.82,545.8041,,0.0,0,20,0,0,0
semantic_trap,medium,1826,0,always_help,1,1,18,10.82,133.1495,,0.0,0,0,18,0,0
semantic_trap,medium,1826,1,always_help,1,1,22,10.78,116.601,,0.0,0,0,22,0,0
semantic_trap,medium,1826,2,always_help,0,0,10,-5.35,137.4107,,0.0,0,0,10,0,0
semantic_trap,medium,1826,3,always_help,1,1,18,10.82,133.2023,,0.0,0,0,18,0,0
semantic_trap,medium,1826,4,always_help,0,0,40,-2.1825,49.6769,,0.0,0,0,40,0,0
semantic_trap,medium,1826,5,always_help,1,1,20,10.8,127.917,,0.0,0,0,20,0,0
semantic_trap,medium,1826,6,always_help,0,0,40,-2.1825,49.0868,,0.0,0,0,40,0,0
semantic_trap,medium,1826,7,always_help,0,0,40,-2.1938,49.2283,,0.0,0,0,40,0,0
semantic_trap,medium,1826,8,always_help,0,0,40,-2.2938,51.3494,,0.0,0,0,40,0,0
semantic_trap,medium,1826,9,always_help,1,1,23,10.78,112.8177,,0.0,0,0,23,0,0
semantic_trap,medium,1826,0,oracle,1,1,18,10.82,99.0201,,0.0,0,0,18,0,0
semantic_trap,medium,1826,1,oracle,0,0,40,-2.1625,28.2535,,0.0,0,0,40,0,0
semantic_trap,medium,1826,2,oracle,0,0,40,-2.205,26.7035,,0.0,0,0,40,0,0
semantic_trap,medium,1826,3,oracle,1,1,23,10.8,82.3681,,0.0,0,0,23,0,0
semantic_trap,medium,1826,4,oracle,0,0,8,-5.33,92.8106,,0.0,0,0,8,0,0
semantic_trap,medium,1826,5,oracle,0,0,9,-5.34,95.7759,,0.0,0,0,9,0,0
semantic_trap,medium,1826,6,oracle,0,0,9,-5.34,94.2549,,0.0,0,0,9,0,0
semantic_trap,medium,1826,7,oracle,0,0,13,-5.38,97.904,,0.0,0,0,13,0,0
semantic_trap,medium,1826,8,oracle,0,0,40,-2.1625,27.8856,,0.0,0,0,40,0,0
semantic_trap,medium,1826,9,oracle,1,1,20,10.82,91.2071,,0.0,0,0,20,0,0
semantic_trap,medium,1826,0,particle,1,1,22,10.78,527.5777,0.002506,0.0,22,22,0,0,0
semantic_trap,medium,1826,1,particle,1,1,18,10.82,588.3041,0.002705,0.0,18,18,0,0,0
semantic_trap,medium,1826,2,particle,0,0,40,-2.1938,141.423,0.002658,0.0,40,40,0,0,0
semantic_trap,medium,1826,3,particle,1,1,18,10.82,590.893,0.002112,0.0,18,18,0,0,0
semantic_trap,medium,1826,4,particle,0,0,40,-2.255,143.339,0.001288,0.0,40,40,0,0,0
semantic_trap,medium,1826,5,particle,0,0,40,-2.2025,172.6823,0.00095,0.0,40,40,0,0,0
semantic_trap,medium,1826,6,particle,0,0,40,-2.305,143.2842,0.001867,0.0,40,40,0,0,0
semantic_trap,medium,1826,7,particle,1,1,20,10.8,568.7504,0.001809,0.0,20,20,0,0,0
semantic_trap,medium,1826,8,particle,0,0,40,-2.2738,160.5895,0.002325,0.0,40,40,0,0,0
semantic_trap,medium,1826,9,particle,0,0,10,-5.35,470.3373,0.001006,0.0,10,10,0,0,0
semantic_trap,medium,2826,0,no_teacher,0,0,40,-2.2128,147.3257,,0.0,0,40,0,0,0
semantic_trap,medium,2826,1,no_teacher,0,0,9,-5.34,564.5382,,0.0,0,9,0,0,0
semantic_trap,medium,2826,2,no_teacher,0,0,40,-2.1696,147.59,,0.0,0,40,0,0,0
semantic_trap,medium,2826,3,no_teacher,0,0,15,-5.36,406.1902,,0.0,0,15,0,0,0
semantic_trap,medium,2826,4,no_teacher,0,0,40,-2.2096,157.888,,0.0,0,40,0,0,0
semantic_trap,medium,2826,5,no_teacher,0,0,9,-5.34,560.3464,,0.0,0,9,0,0,0
semantic_trap,medium,2826,6,no_teacher,0,0,40,-2.1764,164.7319,,0.0,0,40,0,0,0
semantic_trap,medium,2826,7,no_teacher,0,0,10,-5.34,520.8454,,0.0,0,10,0,0,0
semantic_trap,medium,2826,8,no_teacher,1,1,19,10.82,551.2336,,0.0,0,19,0,0,0
semantic_trap,medium,2826,9,no_teacher,0,0,11,-5.36,473.9579,,0.0,0,11,0,0,0
semantic_trap,medium,2826,0,always_help,0,0,40,-2.1928,49.1014,,0.0,0,0,40,0,0
semantic_trap,medium,2826,1,always_help,0,0,10,-5.34,127.0276,,0.0,0,0,10,0,0
semantic_trap,medium,2826,2,always_help,0,0,10,-5.35,135.3778,,0.0,0,0,10,0,0
semantic_trap,medium,2826,3,always_help,0,0,12,-5.36,113.0254,,0.0,0,0,12,0,0
semantic_trap,medium,2826,4,always_help,0,0,40,-2.1896,49.5604,,0.0,0,0,40,0,0
semantic_trap,medium,2826,5,always_help,0,0,40,-2.1896,49.4696,,0.0,0,0,40,0,0
semantic_trap,medium,2826,6,always_help,0,0,12,-5.36,115.5492,,0.0,0,0,12,0,0
semantic_trap,medium,2826,7,always_help,0,0,9,-5.34,135.3208,,0.0,0,0,9,0,0
semantic_trap,medium,2826,8,always_help,0,0,10,-5.35,135.6059,,0.0,0,0,10,0,0
semantic_trap,medium,2826,9,always_help,0,0,9,-5.34,135.5832,,0.0,0,0,9,0,0
semantic_trap,medium,2826,0,oracle,0,0,40,-2.2128,29.03,,0.0,0,0,40,0,0
semantic_trap,medium,2826,1,oracle,0,0,40,-2.12,32.214,,0.0,0,0,40,0,0
semantic_trap,medium,2826,2,oracle,0,0,40,-2.1928,27.3683,,0.0,0,0,40,0,0
semantic_trap,medium,2826,3,oracle,0,0,10,-5.35,97.2761,,0.0,0,0,10,0,0
semantic_trap,medium,2826,4,oracle,0,0,40,-2.1896,27.1332,,0.0,0,0,40,0,0
semantic_trap,medium,2826,5,oracle,0,0,40,-2.1928,28.9271,,0.0,0,0,40,0,0
semantic_trap,medium,2826,6,oracle,0,0,13,-5.38,98.6238,,0.0,0,0,13,0,0
semantic_trap,medium,2826,7,oracle,0,0,10,-5.35,94.5387,,0.0,0,0,10,0,0
semantic_trap,medium,2826,8,oracle,0,0,40,-2.1728,26.9674,,0.0,0,0,40,0,0
semantic_trap,medium,2826,9,oracle,1,1,18,10.82,98.9528,,0.0,0,0,18,0,0
semantic_trap,medium,2826,0,particle,0,0,40,-2.1764,164.7319,0.002105,0.0,40,40,0,0,0
semantic_trap,medium,2826,1,particle,0,0,40,-2.1896,151.1573,0.002641,0.0,40,40,0,0,0
semantic_trap,medium,2826,2,particle,0,0,40,-2.1728,136.8125,0.001617,0.0,40,40,0,0,0
semantic_trap,medium,2826,3,particle,0,0,40,-2.1596,140.2407,0.002517,0.0,40,40,0,0,0
semantic_trap,medium,2826,4,particle,0,0,40,-2.1728,136.8125,0.000918,0.0,40,40,0,0,0
semantic_trap,medium,2826,5,particle,0,0,10,-5.35,395.287,0.002268,0.1,10,9,1,0,0
semantic_trap,medium,2826,6,particle,0,0,40,-2.2064,174.4185,0.00138,0.0,40,40,0,0,0
semantic_trap,medium,2826,7,particle,0,0,40,-2.1,181.0831,0.001557,0.0,40,40,0,0,0
semantic_trap,medium,2826,8,particle,0,0,8,-5.33,563.3984,0.001162,0.0,8,8,0,0,0
semantic_trap,medium,2826,9,particle,1,1,18,10.82,594.4345,0.001704,0.0,18,18,0,0,0
semantic_trap,medium,3826,0,no_teacher,0,0,10,-5.35,574.5049,,0.0,0,10,0,0,0
semantic_trap,medium,3826,1,no_teacher,1,1,18,10.82,575.6722,,0.0,0,18,0,0,0
semantic_trap,medium,3826,2,no_teacher,0,0,10,-5.35,567.2274,,0.0,0,10,0,0,0
semantic_trap,medium,3826,3,no_teacher,0,0,40,-2.1974,143.3617,,0.0,0,40,0,0,0
semantic_trap,medium,3826,4,no_teacher,0,0,40,-2.1774,135.5463,,0.0,0,40,0,0,0
semantic_trap,medium,3826,5,no_teacher,0,0,10,-5.35,565.1823,,0.0,0,10,0,0,0
semantic_trap,medium,3826,6,no_teacher,0,0,40,-2.1974,128.1748,,0.0,0,40,0,0,0
semantic_trap,medium,3826,7,no_teacher,0,0,40,-2.1931,148.4791,,0.0,0,40,0,0,0
semantic_trap,medium,3826,8,no_teacher,0,0,40,-2.1974,137.1512,,0.0,0,40,0,0,0
semantic_trap,medium,3826,9,no_teacher,0,0,40,-2.1531,139.2172,,0.0,0,40,0,0,0
semantic_trap,medium,3826,0,always_help,1,1,19,10.82,127.0805,,0.0,0,0,19,0,0
semantic_trap,medium,3826,1,always_help,1,1,20,10.8,122.6738,,0.0,0,0,20,0,0
semantic_trap,medium,3826,2,always_help,1,1,20,10.8,123.3802,,0.0,0,0,20,0,0
semantic_trap,medium,3826,3,always_help,0,0,40,-2.2174,54.5029,,0.0,0,0,40,0,0
semantic_trap,medium,3826,4,always_help,0,0,40,-2.1487,47.076,,0.0,0,0,40,0,0
semantic_trap,medium,3826,5,always_help,0,0,9,-5.34,135.3208,,0.0,0,0,9,0,0
semantic_trap,medium,3826,6,always_help,0,0,40,-2.3062,47.6441,,0.0,0,0,40,0,0
semantic_trap,medium,3826,7,always_help,0,0,40,-2.1731,48.4971,,0.0,0,0,40,0,0
semantic_trap,medium,3826,8,always_help,0,0,40,-2.1687,49.9565,,0.0,0,0,40,0,0
semantic_trap,medium,3826,9,always_help,1,1,18,10.82,132.6423,,0.0,0,0,18,0,0
semantic_trap,medium,3826,0,oracle,0,0,40,-2.1974,27.3179,,0.0,0,0,40,0,0
semantic_trap,medium,3826,1,oracle,0,0,10,-5.35,96.6843,,0.0,0,0,10,0,0
semantic_trap,medium,3826,2,oracle,0,0,40,-2.2374,30.5853,,0.0,0,0,40,0,0
semantic_trap,medium,3826,3,oracle,0,0,40,-2.1,28.9051,,0.0,0,0,40,0,0
semantic_trap,medium,3826,4,oracle,0,0,9,-5.34,93.3919,,0.0,0,0,9,0,0
semantic_trap,medium,3826,5,oracle,0,0,40,-2.2418,28.858,,0.0,0,0,40,0,0
semantic_trap,medium,3826,6,oracle,0,0,40,-2.2374,30.4505,,0.0,0,0,40,0,0
semantic_trap,medium,3826,7,oracle,0,0,9,-5.34,95.7759,,0.0,0,0,9,0,0
semantic_trap,medium,3826,8,oracle,0,0,10,-5.35,95.1305,,0.0,0,0,10,0,0
semantic_trap,medium,3826,9,oracle,0,0,40,-2.1731,28.0563,,0.0,0,0,40,0,0
semantic_trap,medium,3826,0,particle,0,0,40,-2.2462,135.0844,0.001729,0.0,40,40,0,0,0
semantic_trap,medium,3826,1,particle,0,0,9,-5.34,560.3464,0.001304,0.0,9,9,0,0,0
semantic_trap,medium,3826,2,particle,0,0,9,-5.34,568.0256,0.00126,0.0,9,9,0,0,0
semantic_trap,medium,3826,3,particle,0,0,40,-2.1531,139.2172,0.002179,0.0,40,40,0,0,0
semantic_trap,medium,3826,4,particle,0,0,40,-2.1974,143.3617,0.000809,0.0,40,40,0,0,0
semantic_trap,medium,3826,5,particle,0,0,40,-2.1731,140.5533,0.000619,0.0,40,40,0,0,0
semantic_trap,medium,3826,6,particle,0,0,40,-2.1774,135.5463,0.001207,0.0,40,40,0,0,0
semantic_trap,medium,3826,7,particle,0,0,40,-2.1774,135.5463,0.001844,0.0,40,40,0,0,0
semantic_trap,medium,3826,8,particle,0,0,40,-2.1287,151.4396,0.001072,0.0,40,40,0,0,0
semantic_trap,medium,3826,9,particle,0,0,40,-2.2131,157.4962,0.001392,0.0,40,40,0,0,0
semantic_trap,medium,4826,0,no_teacher,0,0,40,-2.2448,154.5088,,0.0,0,40,0,0,0
semantic_trap,medium,4826,1,no_teacher,0,0,9,-5.34,559.5354,,0.0,0,9,0,0,0
semantic_trap,medium,4826,2,no_teacher,0,0,40,-2.2149,156.2681,,0.0,0,40,0,0,0
semantic_trap,medium,4826,3,no_teacher,0,0,40,-2.2398,153.2498,,0.0,0,40,0,0,0
semantic_trap,medium,4826,4,no_teacher,0,0,40,-2.1798,134.902,,0.0,0,40,0,0,0
semantic_trap,medium,4826,5,no_teacher,0,0,40,-2.2897,136.3358,,0.0,0,40,0,0,0
semantic_trap,medium,4826,6,no_teacher,0,0,40,-2.1299,146.3834,,0.0,0,40,0,0,0
semantic_trap,medium,4826,7,no_teacher,0,0,40,-2.2198,152.2188,,0.0,0,40,0,0,0
semantic_trap,medium,4826,8,no_teacher,0,0,10,-5.35,574.1387,,0.0,0,10,0,0,0
semantic_trap,medium,4826,9,no_teacher,0,0,12,-5.36,543.9498,,0.0,0,12,0,0,0
semantic_trap,medium,4826,0,always_help,0,0,8,-5.33,136.2212,,0.0,0,0,8,0,0
semantic_trap,medium,4826,1,always_help,0,0,40,-2.1549,47.8652,,0.0,0,0,40,0,0
semantic_trap,medium,4826,2,always_help,0,0,40,-2.1299,50.2376,,0.0,0,0,40,0,0
semantic_trap,medium,4826,3,always_help,0,0,9,-5.34,136.3627,,0.0,0,0,9,0,0
semantic_trap,medium,4826,4,always_help,0,0,40,-2.2198,49.3607,,0.0,0,0,40,0,0
semantic_trap,medium,4826,5,always_help,0,0,40,-2.1998,49.0314,,0.0,0,0,40,0,0
semantic_trap,medium,4826,6,always_help,0,0,9,-5.34,136.5244,,0.0,0,0,9,0,0
semantic_trap,medium,4826,7,always_help,1,1,20,10.8,123.7641,,0.0,0,0,20,0,0
semantic_trap,medium,4826,8,always_help,0,0,40,-2.1949,49.6373,,0.0,0,0,40,0,0
semantic_trap,medium,4826,9,always_help,0,0,40,-2.1699,47.6434,,0.0,0,0,40,0,0
semantic_trap,medium,4826,0,oracle,0,0,8,-5.33,93.9007,,0.0,0,0,8,0,0
semantic_trap,medium,4826,1,oracle,0,0,9,-5.34,95.7759,,0.0,0,0,9,0,0
semantic_trap,medium,4826,2,oracle,0,0,40,-2.1998,27.2919,,0.0,0,0,40,0,0
semantic_trap,medium,4826,3,oracle,0,0,40,-2.1949,29.6383,,0.0,0,0,40,0,0
semantic_trap,medium,4826,4,oracle,0,0,40,-2.1699,30.8966,,0.0,0,0,40,0,0
semantic_trap,medium,4826,5,oracle,0,0,40,-2.1299,26.8823,,0.0,0,0,40,0,0
semantic_trap,medium,4826,6,oracle,0,0,9,-5.34,93.7707,,0.0,0,0,9,0,0
semantic_trap,medium,4826,7,oracle,0,0,40,-2.1699,30.8966,,0.0,0,0,40,0,0
semantic_trap,medium,4826,8,oracle,0,0,40,-2.1998,28.5278,,0.0,0,0,40,0,0
semantic_trap,medium,4826,9,oracle,0,0,40,-2.12,31.8224,,0.0,0,0,40,0,0
semantic_trap,medium,4826,0,particle,1,1,18,10.82,588.2166,0.002913,0.0,18,18,0,0,0
semantic_trap,medium,4826,1,particle,1,1,25,10.8,457.8303,0.001421,0.0,25,25,0,0,0
semantic_trap,medium,4826,2,particle,1,1,20,10.8,546.3099,0.001716,0.0,20,20,0,0,0
semantic_trap,medium,4826,3,particle,0,0,40,-2.1899,163.869,0.001855,0.0,40,40,0,0,0
semantic_trap,medium,4826,4,particle,0,0,9,-5.34,562.6187,0.001313,0.0,9,9,0,0,0
semantic_trap,medium,4826,5,particle,0,0,40,-2.2798,148.7169,0.001414,0.0,40,40,0,0,0
semantic_trap,medium,4826,6,particle,0,0,10,-5.35,407.567,0.001031,0.1,10,9,1,0,0
semantic_trap,medium,4826,7,particle,0,0,40,-2.2498,156.1227,0.001271,0.0,40,40,0,0,0
semantic_trap,medium,4826,8,particle,0,0,40,-2.1549,138.2168,0.001324,0.0,40,40,0,0,0
semantic_trap,medium,4826,9,particle,0,0,8,-5.33,559.8688,0.000748,0.0,8,8,0,0,0
semantic_trap,hard,826,0,no_teacher,0,0,35,-2.2418,138.1715,,0.0,0,35,0,0,0
semantic_trap,hard,826,1,no_teacher,0,0,35,-2.2518,140.9042,,0.0,0,35,0,0,0
semantic_trap,hard,826,2,no_teacher,0,0,35,-2.2718,148.364,,0.0,0,35,0,0,0
semantic_trap,hard,826,3,no_teacher,0,0,35,-2.2589,157.7275,,0.0,0,35,0,0,0
semantic_trap,hard,826,4,no_teacher,0,0,35,-2.2118,137.4524,,0.0,0,35,0,0,0
semantic_trap,hard,826,5,no_teacher,0,0,35,-2.2189,161.4424,,0.0,0,35,0,0,0
semantic_trap,hard,826,6,no_teacher,0,0,35,-2.2518,147.3876,,0.0,0,35,0,0,0
semantic_trap,hard,826,7,no_teacher,0,0,35,-2.1459,156.2155,,0.0,0,35,0,0,0
semantic_trap,hard,826,8,no_teacher,0,0,35,-2.2059,170.7043,,0.0,0,35,0,0,0
semantic_trap,hard,826,9,no_teacher,0,0,35,-2.1989,146.3788,,0.0,0,35,0,0,0
semantic_trap,hard,826,0,always_help,0,0,35,-2.1889,56.5718,,0.0,0,0,35,0,0
semantic_trap,hard,826,1,always_help,0,0,35,-2.2848,57.1056,,0.0,0,0,35,0,0
semantic_trap,hard,826,2,always_help,0,0,35,-2.2259,60.5491,,0.0,0,0,35,0,0
semantic_trap,hard,826,3,always_help,0,0,35,-2.1459,59.48,,0.0,0,0,35,0,0
semantic_trap,hard,826,4,always_help,0,0,35,-2.1989,58.0003,,0.0,0,0,35,0,0
semantic_trap,hard,826,5,always_help,0,0,35,-2.1989,57.0436,,0.0,0,0,35,0,0
semantic_trap,hard,826,6,always_help,0,0,35,-2.1989,58.5659,,0.0,0,0,35,0,0
semantic_trap,hard,826,7,always_help,0,0,35,-2.1859,59.56,,0.0,0,0,35,0,0
semantic_trap,hard,826,8,always_help,0,0,35,-2.2518,57.8632,,0.0,0,0,35,0,0
semantic_trap,hard,826,9,always_help,0,0,35,-2.2118,55.4918,,0.0,0,0,35,0,0
semantic_trap,hard,826,0,oracle,0,0,35,-2.1989,31.3372,,0.0,0,0,35,0,0
semantic_trap,hard,826,1,oracle,0,0,35,-2.2518,33.9656,,0.0,0,0,35,0,0
semantic_trap,hard,826,2,oracle,0,0,35,-2.2259,33.0123,,0.0,0,0,35,0,0
semantic_trap,hard,826,3,oracle,0,0,35,-2.2718,31.8514,,0.0,0,0,35,0,0
semantic_trap,hard,826,4,oracle,0,0,35,-2.2648,29.9393,,0.0,0,0,35,0,0
semantic_trap,hard,826,5,oracle,0,0,35,-2.2589,34.1543,,0.0,0,0,35,0,0
semantic_trap,hard,826,6,oracle,0,0,35,-2.2418,31.4716,,0.0,0,0,35,0,0
semantic_trap,hard,826,7,oracle,0,0,35,-2.1459,29.9981,,0.0,0,0,35,0,0
semantic_trap,hard,826,8,oracle,0,0,35,-2.2059,34.8498,,0.0,0,0,35,0,0
semantic_trap,hard,826,9,oracle,0,0,35,-2.2518,33.3617,,0.0,0,0,35,0,0
semantic_trap,hard,826,0,particle,0,0,35,-2.2118,137.4524,0.001272,0.0,35,35,0,0,0
semantic_trap,hard,826,1,particle,0,0,35,-2.2318,140.7538,0.001767,0.0,35,35,0,0,0
semantic_trap,hard,826,2,particle,0,0,35,-2.1989,152.4738,0.002376,0.0,35,35,0,0,0
semantic_trap,hard,826,3,particle,0,0,35,-2.2189,154.7247,0.001195,0.0,35,35,0,0,0
semantic_trap,hard,826,4,particle,0,0,35,-2.1959,179.9855,0.002361,0.0,35,35,0,0,0
semantic_trap,hard,826,5,particle,0,0,35,-2.1789,143.8561,0.002654,0.0,35,35,0,0,0
semantic_trap,hard,826,6,particle,0,0,35,-2.3178,133.3612,0.001063,0.0,35,35,0,0,0
semantic_trap,hard,826,7,particle,0,0,35,-2.2518,139.3074,0.001643,0.0,35,35,0,0,0
semantic_trap,hard,826,8,particle,0,0,35,-2.2059,170.5597,0.001327,0.0,35,35,0,0,0
semantic_trap,hard,826,9,particle,0,0,35,-2.1989,152.8556,0.000918,0.0,35,35,0,0,0
semantic_trap,hard,1826,0,no_teacher,0,0,35,-2.265,152.0669,,0.0,0,35,0,0,0
semantic_trap,hard,1826,1,no_teacher,0,0,35,-2.205,139.0161,,0.0,0,35,0,0,0
semantic_trap,hard,1826,2,no_teacher,0,0,10,-5.45,580.101,,0.0,0,10,0,0,0
semantic_trap,hard,1826,3,no_teacher,1,1,19,10.82,561.0479,,0.0,0,19,0,0,0
semantic_trap,hard,1826,4,no_teacher,0,0,8,-5.43,556.8579,,0.0,0,8,0,0,0
semantic_trap,hard,1826,5,no_teacher,0,0,10,-5.45,574.5049,,0.0,0,10,0,0,0
semantic_trap,hard,1826,6,no_teacher,0,0,35,-2.1625,166.3787,,0.0,0,35,0,0,0
semantic_trap,hard,1826,7,no_teacher,1,1,19,10.82,561.6494,,0.0,0,19,0,0,0
semantic_trap,hard,1826,8,no_teacher,0,0,35,-2.12,206.4632,,0.0,0,35,0,0,0
semantic_trap,hard,1826,9,no_teacher,1,1,19,10.82,569.3925,,0.0,0,19,0,0,0
semantic_trap,hard,1826,0,always_help,1,1,19,10.82,128.1218,,0.0,0,0,19,0,0
semantic_trap,hard,1826,1,always_help,0,0,9,-5.44,136.3928,,0.0,0,0,9,0,0
semantic_trap,hard,1826,2,always_help,0,0,35,-2.12,59.3531,,0.0,0,0,35,0,0
semantic_trap,hard,1826,3,always_help,0,0,35,-2.1425,52.7291,,0.0,0,0,35,0,0
semantic_trap,hard,1826,4,always_help,0,0,35,-2.1425,54.8559,,0.0,0,0,35,0,0
semantic_trap,hard,1826,5,always_help,0,0,35,-2.245,54.549,,0.0,0,0,35,0,0
semantic_trap,hard,1826,6,always_help,1,1,18,10.82,133.0219,,0.0,0,0,18,0,0
semantic_trap,hard,1826,7,always_help,0,0,9,-5.44,136.8158,,0.0,0,0,9,0,0
semantic_trap,hard,1826,8,always_help,1,1,19,10.82,128.3313,,0.0,0,0,19,0,0
semantic_trap,hard,1826,9,always_help,1,1,19,10.82,128.6488,,0.0,0,0,19,0,0
semantic_trap,hard,1826,0,oracle,0,0,35,-2.265,34.0986,,0.0,0,0,35,0,0
semantic_trap,hard,1826,1,oracle,0,0,35,-2.1425,30.5,,0.0,0,0,35,0,0
semantic_trap,hard,1826,2,oracle,0,0,35,-2.2538,33.3896,,0.0,0,0,35,0,0
semantic_trap,hard,1826,3,oracle,0,0,35,-2.14,36.4513,,0.0,0,0,35,0,0
semantic_trap,hard,1826,4,oracle,0,0,35,-2.08,32.0714,,0.0,0,0,35,0,0
semantic_trap,hard,1826,5,oracle,1,1,18,10.82,95.9458,,0.0,0,0,18,0,0
semantic_trap,hard,1826,6,oracle,0,0,10,-5.45,97.2761,,0.0,0,0,10,0,0
semantic_trap,hard,1826,7,oracle,0,0,35,-2.3063,32.394,,0.0,0,0,35,0,0
semantic_trap,hard,1826,8,oracle,1,1,23,10.6862,84.5274,,0.0,0,0,23,0,0
semantic_trap,hard,1826,9,oracle,1,1,25,10.76,74.9331,,0.0,0,0,25,0,0
semantic_trap,hard,1826,0,particle,0,0,35,-2.2025,179.0991,0.002271,0.0,35,35,0,0,0
semantic_trap,hard,1826,1,particle,0,0,35,-2.1938,147.3329,0.00177,0.0,35,35,0,0,0
semantic_trap,hard,1826,2,particle,0,0,35,-2.225,147.4579,0.001898,0.0,35,35,0,0,0
semantic_trap,hard,1826,3,particle,0,0,35,-2.1625,167.0317,0.001221,0.0,35,35,0,0,0
semantic_trap,hard,1826,4,particle,1,1,22,10.8,526.9921,0.002912,0.0,22,22,0,0,0
semantic_trap,hard,1826,5,particle,0,0,35,-2.205,139.4315,0.001402,0.0,35,35,0,0,0
semantic_trap,hard,1826,6,particle,0,0,35,-2.2338,166.0609,0.001577,0.0,35,35,0,0,0
semantic_trap,hard,1826,7,particle,1,1,18,10.82,575.6722,0.002733,0.0,18,18,0,0,0
semantic_trap,hard,1826,8,particle,0,0,10,-5.45,574.5049,0.001689,0.0,10,10,0,0,0
semantic_trap,hard,1826,9,particle,0,0,8,-5.43,556.8579,0.001112,0.0,8,8,0,0,0
semantic_trap,hard,2826,0,no_teacher,0,0,35,-2.2593,155.084,,0.0,0,35,0,0,0
semantic_trap,hard,2826,1,no_teacher,0,0,9,-5.44,568.0256,,0.0,0,9,0,0,0
semantic_trap,hard,2826,2,no_teacher,0,0,11,-5.46,485.4051,,0.0,0,11,0,0,0
semantic_trap,hard,2826,3,no_teacher,0,0,35,-2.1928,158.6123,,0.0,0,35,0,0,0
semantic_trap,hard,2826,4,no_teacher,0,0,9,-5.44,560.3464,,0.0,0,9,0,0,0
semantic_trap,hard,2826,5,no_teacher,0,0,11,-5.46,480.0978,,0.0,0,11,0,0,0
semantic_trap,hard,2826,6,no_teacher,0,0,35,-2.1264,168.4223,,0.0,0,35,0,0,0
semantic_trap,hard,2826,7,no_teacher,0,0,9,-5.44,568.4325,,0.0,0,9,0,0,0
semantic_trap,hard,2826,8,no_teacher,0,0,35,-2.1928,158.6123,,0.0,0,35,0,0,0
semantic_trap,hard,2826,9,no_teacher,0,0,11,-5.46,522.5539,,0.0,0,11,0,0,0
semantic_trap,hard,2826,0,always_help,0,0,35,-2.1728,50.5969,,0.0,0,0,35,0,0
semantic_trap,hard,2826,1,always_help,0,0,10,-5.45,135.9811,,0.0,0,0,10,0,0
semantic_trap,hard,2826,2,always_help,0,0,35,-2.1664,58.6633,,0.0,0,0,35,0,0
semantic_trap,hard,2826,3,always_help,0,0,35,-2.1496,50.7336,,0.0,0,0,35,0,0
semantic_trap,hard,2826,4,always_help,1,1,18,10.82,132.9408,,0.0,0,0,18,0,0
semantic_trap,hard,2826,5,always_help,0,0,35,-2.1264,53.1589,,0.0,0,0,35,0,0
semantic_trap,hard,2826,6,always_help,0,0,35,-2.2096,54.7883,,0.0,0,0,35,0,0
semantic_trap,hard,2826,7,always_help,0,0,35,-2.2128,55.9494,,0.0,0,0,35,0,0
semantic_trap,hard,2826,8,always_help,0,0,10,-5.45,136.4098,,0.0,0,0,10,0,0
semantic_trap,hard,2826,9,always_help,0,0,9,-5.44,135.3208,,0.0,0,0,9,0,0
semantic_trap,hard,2826,0,oracle,0,0,35,-2.1,33.9804,,0.0,0,0,35,0,0
semantic_trap,hard,2826,1,oracle,0,0,35,-2.1928,30.7372,,0.0,0,0,35,0,0
semantic_trap,hard,2826,2,oracle,0,0,10,-5.45,94.5387,,0.0,0,0,10,0,0
semantic_trap,hard,2826,3,oracle,0,0,35,-2.1796,31.7597,,0.0,0,0,35,0,0
semantic_trap,hard,2826,4,oracle,0,0,9,-5.44,94.6718,,0.0,0,0,9,0,0
semantic_trap,hard,2826,5,oracle,0,0,8,-5.43,92.8106,,0.0,0,0,8,0,0
semantic_trap,hard,2826,6,oracle,0,0,9,-5.44,93.3919,,0.0,0,0,9,0,0
semantic_trap,hard,2826,7,oracle,0,0,9,-5.44,94.0906,,0.0,0,0,9,0,0
semantic_trap,hard,2826,8,oracle,0,0,35,-2.1896,30.6417,,0.0,0,0,35,0,0
semantic_trap,hard,2826,9,oracle,0,0,9,-5.44,94.6718,,0.0,0,0,9,0,0
semantic_trap,hard,2826,0,particle,1,1,18,10.82,594.9545,0.002691,0.0,18,18,0,0,0
semantic_trap,hard,2826,1,particle,0,0,13,-5.48,460.8753,0.001485,0.0,13,13,0,0,0
semantic_trap,hard,2826,2,particle,0,0,35,-2.1464,178.7002,0.001901,0.0,35,35,0,0,0
semantic_trap,hard,2826,3,particle,0,0,35,-2.1496,153.8849,0.002798,0.0,35,35,0,0,0
semantic_trap,hard,2826,4,particle,0,0,35,-2.1728,154.1171,0.001012,0.0,35,35,0,0,0
semantic_trap,hard,2826,5,particle,0,0,35,-2.2296,178.0822,0.001404,0.0,35,35,0,0,0
semantic_trap,hard,2826,6,particle,0,0,35,-2.1,203.882,0.001248,0.0,35,35,0,0,0
semantic_trap,hard,2826,7,particle,0,0,35,-2.1928,158.6123,0.002143,0.0,35,35,0,0,0
semantic_trap,hard,2826,8,particle,0,0,9,-5.44,568.0256,0.001571,0.0,9,9,0,0,0
semantic_trap,hard,2826,9,particle,0,0,8,-5.43,563.3984,0.000661,0.0,8,8,0,0,0
semantic_trap,hard,3826,0,no_teacher,0,0,35,-2.1487,177.6685,,0.0,0,35,0,0,0
semantic_trap,hard,3826,1,no_teacher,0,0,35,-2.1531,152.6291,,0.0,0,35,0,0,0
semantic_trap,hard,3826,2,no_teacher,1,1,18,10.82,575.6722,,0.0,0,18,0,0,0
semantic_trap,hard,3826,3,no_teacher,0,0,35,-2.1974,149.7657,,0.0,0,35,0,0,0
semantic_trap,hard,3826,4,no_teacher,0,0,35,-2.1287,162.5187,,0.0,0,35,0,0,0
semantic_trap,hard,3826,5,no_teacher,0,0,35,-2.1531,152.6291,,0.0,0,35,0,0,0
semantic_trap,hard,3826,6,no_teacher,0,0,11,-5.44,484.417,,0.0,0,11,0,0,0
semantic_trap,hard,3826,7,no_teacher,0,0,35,-2.1974,156.4481,,0.0,0,35,0,0,0
semantic_trap,hard,3826,8,no_teacher,0,0,35,-2.1974,156.4481,,0.0,0,35,0,0,0
semantic_trap,hard,3826,9,no_teacher,0,0,35,-2.1731,162.8687,,0.0,0,35,0,0,0
semantic_trap,hard,3826,0,always_help,1,1,18,10.82,131.7324,,0.0,0,0,18,0,0
semantic_trap,hard,3826,1,always_help,1,1,20,10.8,123.2716,,0.0,0,0,20,0,0
semantic_trap,hard,3826,2,always_help,1,1,18,10.82,132.6423,,0.0,0,0,18,0,0
semantic_trap,hard,3826,3,always_help,0,0,35,-2.1687,53.2741,,0.0,0,0,35,0,0
semantic_trap,hard,3826,4,always_help,0,0,10,-5.45,137.4107,,0.0,0,0,10,0,0
semantic_trap,hard,3826,5,always_help,1,1,18,10.82,132.9408,,0.0,0,0,18,0,0
semantic_trap,hard,3826,6,always_help,0,0,9,-5.44,135.3208,,0.0,0,0,9,0,0
semantic_trap,hard,3826,7,always_help,0,0,35,-2.1774,52.3069,,0.0,0,0,35,0,0
semantic_trap,hard,3826,8,always_help,0,0,35,-2.1387,51.2764,,0.0,0,0,35,0,0
semantic_trap,hard,3826,9,always_help,0,0,8,-5.43,134.6876,,0.0,0,0,8,0,0
semantic_trap,hard,3826,0,oracle,0,0,35,-2.1731,30.103,,0.0,0,0,35,0,0
semantic_trap,hard,3826,1,oracle,0,0,35,-2.1774,30.0501,,0.0,0,0,35,0,0
semantic_trap,hard,3826,2,oracle,0,0,35,-2.2187,34.6455,,0.0,0,0,35,0,0
semantic_trap,hard,3826,3,oracle,0,0,35,-2.12,34.6757,,0.0,0,0,35,0,0
semantic_trap,hard,3826,4,oracle,0,0,35,-2.1487,32.9686,,0.0,0,0,35,0,0
semantic_trap,hard,3826,5,oracle,1,1,20,10.8,91.3726,,0.0,0,0,20,0,0
semantic_trap,hard,3826,6,oracle,1,1,18,10.82,97.4699,,0.0,0,0,18,0,0
semantic_trap,hard,3826,7,oracle,0,0,35,-2.08,32.0714,,0.0,0,0,35,0,0
semantic_trap,hard,3826,8,oracle,0,0,8,-5.43,92.8106,,0.0,0,0,8,0,0
semantic_trap,hard,3826,9,oracle,0,0,8,-5.43,93.9007,,0.0,0,0,8,0,0
semantic_trap,hard,3826,0,particle,0,0,35,-2.12,209.378,0.002668,0.0,35,35,0,0,0
semantic_trap,hard,3826,1,particle,0,0,35,-2.2374,161.0187,0.001477,0.0,35,35,0,0,0
semantic_trap,hard,3826,2,particle,0,0,35,-2.1731,162.8687,0.001309,0.0,35,35,0,0,0
semantic_trap,hard,3826,3,particle,0,0,35,-2.1687,181.3518,0.00199,0.0,35,35,0,0,0
semantic_trap,hard,3826,4,particle,0,0,35,-2.1774,147.5796,0.002159,0.0,35,35,0,0,0
semantic_trap,hard,3826,5,particle,0,0,9,-5.44,568.0256,0.00115,0.0,9,9,0,0,0
semantic_trap,hard,3826,6,particle,0,0,9,-5.44,568.4325,0.001888,0.0,9,9,0,0,0
semantic_trap,hard,3826,7,particle,0,0,35,-2.1,194.7393,0.001908,0.0,35,35,0,0,0
semantic_trap,hard,3826,8,particle,0,0,10,-5.45,578.0559,0.001314,0.0,10,10,0,0,0
semantic_trap,hard,3826,9,particle,1,1,18,10.82,579.8138,0.001923,0.0,18,18,0,0,0
semantic_trap,hard,4826,0,no_teacher,0,0,9,-5.44,568.4325,,0.0,0,9,0,0,0
semantic_trap,hard,4826,1,no_teacher,0,0,11,-5.45,542.8908,,0.0,0,11,0,0,0
semantic_trap,hard,4826,2,no_teacher,0,0,9,-5.44,560.3464,,0.0,0,9,0,0,0
semantic_trap,hard,4826,3,no_teacher,0,0,12,-5.46,490.2918,,0.0,0,12,0,0,0
semantic_trap,hard,4826,4,no_teacher,0,0,9,-5.44,559.5354,,0.0,0,9,0,0,0
semantic_trap,hard,4826,5,no_teacher,0,0,35,-2.1749,161.4973,,0.0,0,35,0,0,0
semantic_trap,hard,4826,6,no_teacher,0,0,9,-5.44,563.0228,,0.0,0,9,0,0,0
semantic_trap,hard,4826,7,no_teacher,0,0,10,-5.44,525.4179,,0.0,0,10,0,0,0
semantic_trap,hard,4826,8,no_teacher,0,0,10,-5.45,577.2773,,0.0,0,10,0,0,0
semantic_trap,hard,4826,9,no_teacher,0,0,35,-2.1699,167.6962,,0.0,0,35,0,0,0
semantic_trap,hard,4826,0,always_help,0,0,9,-5.44,136.1442,,0.0,0,0,9,0,0
semantic_trap,hard,4826,1,always_help,0,0,35,-2.2149,54.4033,,0.0,0,0,35,0,0
semantic_trap,hard,4826,2,always_help,0,0,35,-2.1998,50.587,,0.0,0,0,35,0,0
semantic_trap,hard,4826,3,always_help,0,0,35,-2.2198,55.6311,,0.0,0,0,35,0,0
semantic_trap,hard,4826,4,always_help,0,0,9,-5.44,136.1442,,0.0,0,0,9,0,0
semantic_trap,hard,4826,5,always_help,0,0,35,-2.1699,53.0863,,0.0,0,0,35,0,0
semantic_trap,hard,4826,6,always_help,0,0,35,-2.1898,53.8746,,0.0,0,0,35,0,0
semantic_trap,hard,4826,7,always_help,0,0,9,-5.44,136.5244,,0.0,0,0,9,0,0
semantic_trap,hard,4826,8,always_help,1,1,20,10.8,123.0515,,0.0,0,0,20,0,0
semantic_trap,hard,4826,9,always_help,0,0,35,-2.1899,56.4125,,0.0,0,0,35,0,0
semantic_trap,hard,4826,0,oracle,1,1,18,10.82,96.1707,,0.0,0,0,18,0,0
semantic_trap,hard,4826,1,oracle,0,0,35,-2.1699,33.2887,,0.0,0,0,35,0,0
semantic_trap,hard,4826,2,oracle,0,0,35,-2.1499,31.3793,,0.0,0,0,35,0,0
semantic_trap,hard,4826,3,oracle,0,0,35,-2.1549,29.7975,,0.0,0,0,35,0,0
semantic_trap,hard,4826,4,oracle,0,0,35,-2.1699,33.3538,,0.0,0,0,35,0,0
semantic_trap,hard,4826,5,oracle,0,0,35,-2.1499,31.9231,,0.0,0,0,35,0,0
semantic_trap,hard,4826,6,oracle,0,0,35,-2.2198,30.6774,,0.0,0,0,35,0,0
semantic_trap,hard,4826,7,oracle,0,0,35,-2.1699,33.2887,,0.0,0,0,35,0,0
semantic_trap,hard,4826,8,oracle,0,0,9,-5.44,93.3919,,0.0,0,0,9,0,0
semantic_trap,hard,4826,9,oracle,0,0,35,-2.2697,30.5143,,0.0,0,0,35,0,0
semantic_trap,hard,4826,0,particle,0,0,9,-5.44,562.0368,0.001597,0.0,9,9,0,0,0
semantic_trap,hard,4826,1,particle,0,0,35,-2.1699,175.3744,0.001822,0.0,35,35,0,0,0
semantic_trap,hard,4826,2,particle,0,0,35,-2.1799,175.17,0.002479,0.0,35,35,0,0,0
semantic_trap,hard,4826,3,particle,0,0,9,-5.44,568.0256,0.001119,0.0,9,9,0,0,0
semantic_trap,hard,4826,4,particle,0,0,9,-5.44,568.0256,0.000995,0.0,9,9,0,0,0
semantic_trap,hard,4826,5,particle,0,0,35,-2.1699,174.0692,0.001219,0.0,35,35,0,0,0
semantic_trap,hard,4826,6,particle,0,0,35,-2.1699,187.1924,0.001434,0.0,35,35,0,0,0
semantic_trap,hard,4826,7,particle,0,0,35,-2.1499,176.7532,0.001278,0.0,35,35,0,0,0
semantic_trap,hard,4826,8,particle,0,0,35,-2.1499,172.2917,0.001777,0.0,35,35,0,0,0
semantic_trap,hard,4826,9,particle,0,0,35,-2.1798,147.2387,0.001256,0.0,35,35,0,0,0
planning_trap,easy,2249,0,no_teacher,0,0,50,-2.11,97.5174,,0.0,0,50,0,0,0
planning_trap,easy,2249,1,no_teacher,1,1,18,10.82,388.239,,0.0,0,18,0,0,0
planning_trap,easy,2249,2,no_teacher,0,0,50,-2.3507,87.9737,,0.0,0,50,0,0,0
planning_trap,easy,2249,3,no_teacher,0,0,50,-2.3507,88.0389,,0.0,0,50,0,0,0
planning_trap,easy,2249,4,no_teacher,0,0,50,-2.3707,93.8085,,0.0,0,50,0,0,0
planning_trap,easy,2249,5,no_teacher,0,0,50,-2.3907,90.4249,,0.0,0,50,0,0,0
planning_trap,easy,2249,6,no_teacher,0,0,50,-2.13,90.7437,,0.0,0,50,0,0,0
planning_trap,easy,2249,7,no_teacher,0,0,50,-2.11,92.7629,,0.0,0,50,0,0,0
planning_trap,easy,2249,8,no_teacher,0,0,50,-2.3507,88.0389,,0.0,0,50,0,0,0
planning_trap,easy,2249,9,no_teacher,0,0,50,-2.13,89.9534,,0.0,0,50,0,0,0
planning_trap,easy,2249,0,always_help,0,0,50,-2.09,24.4596,,0.0,0,0,50,0,0
planning_trap,easy,2249,1,always_help,0,0,50,-2.07,23.1548,,0.0,0,0,50,0,0
planning_trap,easy,2249,2,always_help,0,0,50,-2.11,24.7121,,0.0,0,0,50,0,0
planning_trap,easy,2249,3,always_help,0,0,50,-2.09,24.4947,,0.0,0,0,50,0,0
planning_trap,easy,2249,4,always_help,0,0,50,-2.09,24.0425,,0.0,0,0,50,0,0
planning_trap,easy,2249,5,always_help,0,0,50,-2.11,24.6773,,0.0,0,0,50,0,0
planning_trap,easy,2249,6,always_help,0,0,50,-2.09,24.4868,,0.0,0,0,50,0,0
planning_trap,easy,2249,7,always_help,1,1,32,10.5393,53.4643,,0.0,0,0,32,0,0
planning_trap,easy,2249,8,always_help,0,0,50,-2.4507,26.1923,,0.0,0,0,50,0,0
planning_trap,easy,2249,9,always_help,0,0,50,-2.09,24.4299,,0.0,0,0,50,0,0
planning_trap,easy,2249,0,oracle,0,0,50,-2.07,12.8754,,0.0,0,0,49,1,0
planning_trap,easy,2249,1,oracle,0,0,50,-2.3807,14.4019,,0.0,0,0,49,1,0
planning_trap,easy,2249,2,oracle,0,0,50,-2.15,15.9742,,0.0,0,0,49,1,0
planning_trap,easy,2249,3,oracle,0,0,50,-2.09,14.1981,,0.0,0,0,49,1,0
planning_trap,easy,2249,4,oracle,0,0,50,-2.11,14.4324,,0.0,0,0,49,1,0
planning_trap,easy,2249,5,oracle,0,0,50,-2.3907,14.5539,,0.0,0,0,49,1,0
planning_trap,easy,2249,6,oracle,0,0,50,-2.09,14.2165,,0.0,0,0,49,1,0
planning_trap,easy,2249,7,oracle,0,0,50,-2.09,13.5019,,0.0,0,0,49,1,0
planning_trap,easy,2249,8,oracle,0,0,50,-2.07,13.2306,,0.0,0,0,49,1,0
planning_trap,easy,2249,9,oracle,0,0,29,-5.6414,24.4312,,0.0,0,0,28,1,0
planning_trap,easy,2249,0,particle,0,0,50,-2.09,88.1422,0.001184,0.0,50,50,0,0,0
planning_trap,easy,2249,1,particle,0,0,50,-2.11,90.8207,0.00105,0.0,50,50,0,0,0
planning_trap,easy,2249,2,particle,0,0,50,-2.13,95.4174,0.001173,0.0,50,50,0,0,0
planning_trap,easy,2249,3,particle,0,0,50,-2.07,82.169,0.001147,0.0,50,50,0,0,0
planning_trap,easy,2249,4,particle,0,0,50,-2.13,95.0889,0.001231,0.0,50,50,0,0,0
planning_trap,easy,2249,5,particle,0,0,50,-2.12,89.5728,0.00107,0.0,50,50,0,0,0
planning_trap,easy,2249,6,particle,0,0,50,-2.09,87.8609,0.001367,0.0,50,50,0,0,0
planning_trap,easy,2249,7,particle,0,0,50,-2.13,87.4615,0.001202,0.0,50,50,0,0,0
planning_trap,easy,2249,8,particle,0,0,50,-2.11,93.6304,0.001281,0.0,50,50,0,0,0
planning_trap,easy,2249,9,particle,0,0,50,-2.09,87.9787,0.000989,0.0,50,50,0,0,0
planning_trap,easy,3249,0,no_teacher,0,0,50,-2.11,96.9739,,0.0,0,50,0,0,0
planning_trap,easy,3249,1,no_teacher,0,0,50,-2.11,83.782,,0.0,0,50,0,0,0
planning_trap,easy,3249,2,no_teacher,0,0,50,-5.6776,90.6064,,0.0,0,50,0,0,0
planning_trap,easy,3249,3,no_teacher,0,0,50,-2.15,96.4653,,0.0,0,50,0,0,0
planning_trap,easy,3249,4,no_teacher,0,0,50,-2.3638,89.2408,,0.0,0,50,0,0,0
planning_trap,easy,3249,5,no_teacher,0,0,50,-2.3638,89.2408,,0.0,0,50,0,0,0
planning_trap,easy,3249,6,no_teacher,0,0,50,-2.15,95.9761,,0.0,0,50,0,0,0
planning_trap,easy,3249,7,no_teacher,0,0,50,-2.07,80.1499,,0.0,0,50,0,0,0
planning_trap,easy,3249,8,no_teacher,0,0,50,-2.09,81.5983,,0.0,0,50,0,0,0
planning_trap,easy,3249,9,no_teacher,0,0,50,-2.07,82.2075,,0.0,0,50,0,0,0
planning_trap,easy,3249,0,always_help,0,0,50,-2.11,24.6773,,0.0,0,0,50,0,0
planning_trap,easy,3249,1,always_help,0,0,50,-2.15,25.9086,,0.0,0,0,50,0,0
planning_trap,easy,3249,2,always_help,0,0,50,-2.4038,25.91,,0.0,0,0,50,0,0
planning_trap,easy,3249,3,always_help,0,0,50,-2.11,24.7011,,0.0,0,0,50,0,0
planning_trap,easy,3249,4,always_help,0,0,50,-2.3638,24.7274,,0.0,0,0,50,0,0
planning_trap,easy,3249,5,always_help,0,0,50,-2.09,24.4596,,0.0,0,0,50,0,0
planning_trap,easy,3249,6,always_help,0,0,50,-2.13,24.8165,,0.0,0,0,50,0,0
planning_trap,easy,3249,7,always_help,1,1,26,10.78,58.4421,,0.0,0,0,26,0,0
planning_trap,easy,3249,8,always_help,0,0,50,-2.3838,25.639,,0.0,0,0,50,0,0
planning_trap,easy,3249,9,always_help,0,0,50,-2.11,25.4294,,0.0,0,0,50,0,0
planning_trap,easy,3249,0,oracle,0,0,50,-2.11,14.1262,,0.0,0,0,49,1,0
planning_trap,easy,3249,1,oracle,0,0,50,-2.07,13.2593,,0.0,0,0,49,1,0
planning_trap,easy,3249,2,oracle,0,0,50,-2.15,15.5823,,0.0,0,0,49,1,0
planning_trap,easy,3249,3,oracle,0,0,50,-2.11,13.7009,,0.0,0,0,49,1,0
planning_trap,easy,3249,4,oracle,0,0,50,-2.07,13.2836,,0.0,0,0,49,1,0
planning_trap,easy,3249,5,oracle,0,0,50,-2.13,14.6677,,0.0,0,0,49,1,0
planning_trap,easy,3249,6,oracle,0,0,50,-2.12,14.4324,,0.0,0,0,49,1,0
planning_trap,easy,3249,7,oracle,0,0,50,-2.09,14.1614,,0.0,0,0,49,1,0
planning_trap,easy,3249,8,oracle,0,0,50,-2.07,13.2836,,0.0,0,0,49,1,0
planning_trap,easy,3249,9,oracle,0,0,50,-2.4038,15.6146,,0.0,0,0,49,1,0
planning_trap,easy,3249,0,particle,0,0,50,-2.09,83.3795,0.001227,0.0,50,50,0,0,0
planning_trap,easy,3249,1,particle,0,0,50,-2.09,88.0389,0.001134,0.0,50,50,0,0,0
planning_trap,easy,3249,2,particle,0,0,50,-2.4438,102.8037,0.001159,0.0,50,50,0,0,0
planning_trap,easy,3249,3,particle,0,0,50,-2.11,89.4003,0.001037,0.0,50,50,0,0,0
planning_trap,easy,3249,4,particle,0,0,50,-2.13,90.7889,0.001205,0.0,50,50,0,0,0
planning_trap,easy,3249,5,particle,0,0,50,-2.3638,89.6816,0.001199,0.0,50,50,0,0,0
planning_trap,easy,3249,6,particle,0,0,50,-2.4038,96.1658,0.001049,0.0,50,50,0,0,0
planning_trap,easy,3249,7,particle,0,0,31,-5.6276,143.3145,0.001372,0.0,31,31,0,0,0
planning_trap,easy,3249,8,particle,0,0,50,-2.3838,92.5452,0.001074,0.0,50,50,0,0,0
planning_trap,easy,3249,9,particle,0,0,50,-2.09,87.9787,0.001086,0.0,50,50,0,0,0
planning_trap,easy,4249,0,no_teacher,0,0,50,-2.13,90.9524,,0.0,0,50,0,0,0
planning_trap,easy,4249,1,no_teacher,0,0,50,-2.4598,100.9356,,0.0,0,50,0,0,0
planning_trap,easy,4249,2,no_teacher,0,0,50,-2.4198,102.683,,0.0,0,50,0,0,0
planning_trap,easy,4249,3,no_teacher,0,0,50,-2.11,84.3704,,0.0,0,50,0,0,0
planning_trap,easy,4249,4,no_teacher,0,0,50,-2.4198,90.043,,0.0,0,50,0,0,0
planning_trap,easy,4249,5,no_teacher,0,0,50,-2.3798,87.8609,,0.0,0,50,0,0,0
planning_trap,easy,4249,6,no_teacher,0,0,31,-5.6996,135.2289,,0.0,0,31,0,0,0
planning_trap,easy,4249,7,no_teacher,0,0,50,-2.11,88.9986,,0.0,0,50,0,0,0
planning_trap,easy,4249,8,no_teacher,0,0,50,-2.3998,93.7387,,0.0,0,50,0,0,0
planning_trap,easy,4249,9,no_teacher,0,0,50,-2.09,85.7548,,0.0,0,50,0,0,0
planning_trap,easy,4249,0,always_help,0,0,50,-2.4598,26.0406,,0.0,0,0,50,0,0
planning_trap,easy,4249,1,always_help,0,0,50,-2.4398,25.8749,,0.0,0,0,50,0,0
planning_trap,easy,4249,2,always_help,0,0,50,-2.11,24.5988,,0.0,0,0,50,0,0
planning_trap,easy,4249,3,always_help,0,0,50,-2.16,25.8927,,0.0,0,0,50,0,0
planning_trap,easy,4249,4,always_help,0,0,50,-2.4198,25.227,,0.0,0,0,50,0,0
planning_trap,easy,4249,5,always_help,0,0,50,-2.3798,24.0777,,0.0,0,0,50,0,0
planning_trap,easy,4249,6,always_help,0,0,50,-2.11,24.6825,,0.0,0,0,50,0,0
planning_trap,easy,4249,7,always_help,0,0,50,-2.07,23.4977,,0.0,0,0,50,0,0
planning_trap,easy,4249,8,always_help,0,0,50,-2.15,25.211,,0.0,0,0,50,0,0
planning_trap,easy,4249,9,always_help,0,0,50,-2.15,25.1332,,0.0,0,0,50,0,0
planning_trap,easy,4249,0,oracle,0,0,50,-2.11,13.4558,,0.0,0,0,49,1,0
planning_trap,easy,4249,1,oracle,0,0,50,-2.09,13.7322,,0.0,0,0,49,1,0
planning_trap,easy,4249,2,oracle,0,0,50,-2.13,15.6324,,0.0,0,0,49,1,0
planning_trap,easy,4249,3,oracle,0,0,50,-2.07,13.2593,,0.0,0,0,49,1,0
planning_trap,easy,4249,4,oracle,0,0,50,-2.09,13.504,,0.0,0,0,49,1,0
planning_trap,easy,4249,5,oracle,0,0,50,-2.09,14.1711,,0.0,0,0,49,1,0
planning_trap,easy,4249,6,oracle,0,0,50,-2.13,14.1287,,0.0,0,0,49,1,0
planning_trap,easy,4249,7,oracle,0,0,34,-5.6996,19.8031,,0.0,0,0,33,1,0
planning_trap,easy,4249,8,oracle,0,0,50,-2.11,14.4239,,0.0,0,0,49,1,0
planning_trap,easy,4249,9,oracle,0,0,50,-2.07,13.1897,,0.0,0,0,49,1,0
planning_trap,easy,4249,0,particle,0,0,50,-2.09,85.5559,0.001056,0.0,50,50,0,0,0
planning_trap,easy,4249,1,particle,0,0,50,-2.4398,93.5474,0.001117,0.0,50,50,0,0,0
planning_trap,easy,4249,2,particle,0,0,50,-2.11,96.906,0.000964,0.0,50,50,0,0,0
planning_trap,easy,4249,3,particle,0,0,50,-2.4198,102.8637,0.001214,0.0,50,50,0,0,0
planning_trap,easy,4249,4,particle,0,0,50,-2.09,83.561,0.00117,0.0,50,50,0,0,0
planning_trap,easy,4249,5,particle,0,0,50,-2.15,89.2524,0.001113,0.0,50,50,0,0,0
planning_trap,easy,4249,6,particle,0,0,50,-2.13,90.4993,0.001178,0.0,50,50,0,0,0
planning_trap,easy,4249,7,particle,0,0,50,-2.11,89.494,0.001209,0.0,50,50,0,0,0
planning_trap,easy,4249,8,particle,0,0,50,-2.3998,89.5858,0.001169,0.0,50,50,0,0,0
planning_trap,easy,4249,9,particle,0,0,50,-2.17,92.0915,0.001218,0.0,50,50,0,0,0
planning_trap,easy,5249,0,no_teacher,0,0,50,-2.4066,89.5728,,0.0,0,50,0,0,0
planning_trap,easy,5249,1,no_teacher,0,0,50,-2.09,87.9401,,0.0,0,50,0,0,0
planning_trap,easy,5249,2,no_teacher,0,0,32,-5.7332,144.6184,,0.0,0,32,0,0,0
planning_trap,easy,5249,3,no_teacher,1,1,18,10.82,389.5583,,0.0,0,18,0,0,0
planning_trap,easy,5249,4,no_teacher,0,0,50,-2.11,89.4223,,0.0,0,50,0,0,0
planning_trap,easy,5249,5,no_teacher,0,0,50,-2.13,90.9394,,0.0,0,50,0,0,0
planning_trap,easy,5249,6,no_teacher,0,0,15,-5.6932,248.4899,,0.0,0,15,0,0,0
planning_trap,easy,5249,7,no_teacher,0,0,50,-2.4266,95.1209,,0.0,0,50,0,0,0
planning_trap,easy,5249,8,no_teacher,0,0,50,-2.09,88.2024,,0.0,0,50,0,0,0
planning_trap,easy,5249,9,no_teacher,0,0,50,-2.15,95.6263,,0.0,0,50,0,0,0
planning_trap,easy,5249,0,always_help,0,0,50,-2.15,25.5866,,0.0,0,0,50,0,0
planning_trap,easy,5249,1,always_help,0,0,50,-2.09,23.7484,,0.0,0,0,50,0,0
planning_trap,easy,5249,2,always_help,0,0,50,-2.3866,24.4969,,0.0,0,0,50,0,0
planning_trap,easy,5249,3,always_help,1,1,19,10.82,73.4267,,0.0,0,0,19,0,0
planning_trap,easy,5249,4,always_help,0,0,20,-5.6932,46.431,,0.0,0,0,20,0,0
planning_trap,easy,5249,5,always_help,0,0,50,-2.17,26.0667,,0.0,0,0,50,0,0
planning_trap,easy,5249,6,always_help,0,0,50,-2.15,25.9043,,0.0,0,0,50,0,0
planning_trap,easy,5249,7,always_help,0,0,50,-2.13,24.8195,,0.0,0,0,50,0,0
planning_trap,easy,5249,8,always_help,0,0,50,-2.1,23.7209,,0.0,0,0,50,0,0
planning_trap,easy,5249,9,always_help,0,0,50,-2.11,24.6598,,0.0,0,0,50,0,0
planning_trap,easy,5249,0,oracle,0,0,50,-2.13,14.5662,,0.0,0,0,49,1,0
planning_trap,easy,5249,1,oracle,0,0,50,-2.4266,16.3139,,0.0,0,0,49,1,0
planning_trap,easy,5249,2,oracle,0,0,50,-2.4266,15.3796,,0.0,0,0,49,1,0
planning_trap,easy,5249,3,oracle,0,0,50,-2.11,14.4256,,0.0,0,0,49,1,0
planning_trap,easy,5249,4,oracle,0,0,50,-2.13,15.3796,,0.0,0,0,49,1,0
planning_trap,easy,5249,5,oracle,0,0,50,-2.09,13.7692,,0.0,0,0,49,1,0
planning_trap,easy,5249,6,oracle,0,0,21,-5.7332,33.9367,,0.0,0,0,20,1,0
planning_trap,easy,5249,7,oracle,0,0,50,-2.12,14.3556,,0.0,0,0,49,1,0
planning_trap,easy,5249,8,oracle,0,0,50,-2.4066,15.0015,,0.0,0,0,49,1,0
planning_trap,easy,5249,9,oracle,0,0,50,-2.11,14.6268,,0.0,0,0,49,1,0
planning_trap,easy,5249,0,particle,0,0,50,-2.15,94.8367,0.001012,0.0,50,50,0,0,0
planning_trap,easy,5249,1,particle,0,0,50,-2.07,81.7899,0.001251,0.0,50,50,0,0,0
planning_trap,easy,5249,2,particle,0,0,50,-2.11,89.4223,0.001031,0.0,50,50,0,0,0
planning_trap,easy,5249,3,particle,1,1,20,10.8,359.5452,0.00153,0.0,20,20,0,0,0
planning_trap,easy,5249,4,particle,0,0,50,-2.09,87.7339,0.001127,0.0,50,50,0,0,0
planning_trap,easy,5249,5,particle,1,1,19,10.82,372.7855,0.001722,0.0,19,19,0,0,0
planning_trap,easy,5249,6,particle,0,0,50,-2.3866,88.2024,0.00111,0.0,50,50,0,0,0
planning_trap,easy,5249,7,particle,0,0,50,-2.09,83.7245,0.001177,0.0,50,50,0,0,0
planning_trap,easy,5249,8,particle,0,0,50,-2.11,89.2608,0.00129,0.0,50,50,0,0,0
planning_trap,easy,5249,9,particle,0,0,50,-2.4066,89.5201,0.000939,0.0,50,50,0,0,0
planning_trap,easy,6249,0,no_teacher,0,0,50,-2.11,93.8085,,0.0,0,50,0,0,0
planning_trap,easy,6249,1,no_teacher,0,0,50,-2.13,90.9394,,0.0,0,50,0,0,0
planning_trap,easy,6249,2,no_teacher,0,0,50,-5.6613,93.5641,,0.0,0,50,0,0,0
planning_trap,easy,6249,3,no_teacher,0,0,50,-2.13,95.299,,0.0,0,50,0,0,0
planning_trap,easy,6249,4,no_teacher,0,0,50,-2.11,89.1899,,0.0,0,50,0,0,0
planning_trap,easy,6249,5,no_teacher,0,0,50,-2.11,89.481,,0.0,0,50,0,0,0
planning_trap,easy,6249,6,no_teacher,0,0,50,-2.11,89.316,,0.0,0,50,0,0,0
planning_trap,easy,6249,7,no_teacher,0,0,50,-2.11,90.3017,,0.0,0,50,0,0,0
planning_trap,easy,6249,8,no_teacher,0,0,50,-2.11,86.3318,,0.0,0,50,0,0,0
planning_trap,easy,6249,9,no_teacher,0,0,50,-2.07,83.567,,0.0,0,50,0,0,0
planning_trap,easy,6249,0,always_help,0,0,50,-2.4006,24.9762,,0.0,0,0,50,0,0
planning_trap,easy,6249,1,always_help,0,0,50,-2.09,24.4696,,0.0,0,0,50,0,0
planning_trap,easy,6249,2,always_help,0,0,50,-5.7213,27.0442,,0.0,0,0,50,0,0
planning_trap,easy,6249,3,always_help,0,0,50,-2.11,24.7121,,0.0,0,0,50,0,0
planning_trap,easy,6249,4,always_help,0,0,50,-2.13,26.8817,,0.0,0,0,50,0,0
planning_trap,easy,6249,5,always_help,0,0,50,-2.11,24.9529,,0.0,0,0,50,0,0
planning_trap,easy,6249,6,always_help,0,0,50,-2.13,26.1155,,0.0,0,0,50,0,0
planning_trap,easy,6249,7,always_help,0,0,50,-2.3606,24.4696,,0.0,0,0,50,0,0
planning_trap,easy,6249,8,always_help,0,0,50,-2.11,24.6307,,0.0,0,0,50,0,0
planning_trap,easy,6249,9,always_help,0,0,50,-2.11,25.4585,,0.0,0,0,50,0,0
planning_trap,easy,6249,0,oracle,0,0,50,-2.07,13.2593,,0.0,0,0,49,1,0
planning_trap,easy,6249,1,oracle,0,0,50,-2.3906,14.4206,,0.0,0,0,49,1,0
planning_trap,easy,6249,2,oracle,0,0,27,-5.6613,23.9228,,0.0,0,0,26,1,0
planning_trap,easy,6249,3,oracle,0,0,50,-2.13,14.5967,,0.0,0,0,49,1,0
planning_trap,easy,6249,4,oracle,0,0,50,-2.09,13.0515,,0.0,0,0,49,1,0
planning_trap,easy,6249,5,oracle,0,0,50,-2.11,14.3265,,0.0,0,0,49,1,0
planning_trap,easy,6249,6,oracle,0,0,50,-2.07,13.2306,,0.0,0,0,49,1,0
planning_trap,easy,6249,7,oracle,0,0,50,-2.11,14.4009,,0.0,0,0,49,1,0
planning_trap,easy,6249,8,oracle,0,0,50,-2.13,14.251,,0.0,0,0,49,1,0
planning_trap,easy,6249,9,oracle,0,0,50,-2.1,13.129,,0.0,0,0,49,1,0
planning_trap,easy,6249,0,particle,0,0,50,-2.13,85.0959,0.001246,0.0,50,50,0,0,0
planning_trap,easy,6249,1,particle,0,0,21,-5.6413,182.9898,0.00123,0.0,21,21,0,0,0
planning_trap,easy,6249,2,particle,0,0,27,-5.6613,167.3821,0.00124,0.0,27,27,0,0,0
planning_trap,easy,6249,3,particle,0,0,50,-2.11,86.5587,0.001217,0.0,50,50,0,0,0
planning_trap,easy,6249,4,particle,0,0,50,-2.13,100.1574,0.001372,0.0,50,50,0,0,0
planning_trap,easy,6249,5,particle,0,0,50,-2.09,87.8007,0.001155,0.0,50,50,0,0,0
planning_trap,easy,6249,6,particle,0,0,50,-2.3606,87.8609,0.001135,0.0,50,50,0,0,0
planning_trap,easy,6249,7,particle,0,0,50,-2.3806,89.6946,0.001329,0.0,50,50,0,0,0
planning_trap,easy,6249,8,particle,0,0,50,-2.07,81.9673,0.001224,0.0,50,50,0,0,0
planning_trap,easy,6249,9,particle,0,0,50,-2.07,82.371,0.000991,0.0,50,50,0,0,0
planning_trap,medium,2249,0,no_teacher,0,0,40,-2.11,111.084,,0.0,0,40,0,0,0
planning_trap,medium,2249,1,no_teacher,0,0,40,-2.09,100.9977,,0.0,0,40,0,0,0
planning_trap,medium,2249,2,no_teacher,0,0,40,-2.11,108.3272,,0.0,0,40,0,0,0
planning_trap,medium,2249,3,no_teacher,0,0,40,-2.09,106.13,,0.0,0,40,0,0,0
planning_trap,medium,2249,4,no_teacher,0,0,40,-2.13,119.6891,,0.0,0,40,0,0,0
planning_trap,medium,2249,5,no_teacher,0,0,40,-2.08,96.9792,,0.0,0,40,0,0,0
planning_trap,medium,2249,6,no_teacher,0,0,40,-2.09,100.9438,,0.0,0,40,0,0,0
planning_trap,medium,2249,7,no_teacher,0,0,40,-2.13,121.2821,,0.0,0,40,0,0,0
planning_trap,medium,2249,8,no_teacher,0,0,23,-5.3607,172.387,,0.0,0,23,0,0,0
planning_trap,medium,2249,9,no_teacher,0,0,9,-5.3407,342.2764,,0.0,0,9,0,0,0
planning_trap,medium,2249,0,always_help,0,0,40,-2.12,28.3182,,0.0,0,0,40,0,0
planning_trap,medium,2249,1,always_help,0,0,40,-2.13,30.2951,,0.0,0,0,40,0,0
planning_trap,medium,2249,2,always_help,0,0,40,-2.13,28.5223,,0.0,0,0,40,0,0
planning_trap,medium,2249,3,always_help,0,0,40,-2.11,27.261,,0.0,0,0,40,0,0
planning_trap,medium,2249,4,always_help,0,0,40,-2.09,27.1329,,0.0,0,0,40,0,0
planning_trap,medium,2249,5,always_help,0,0,40,-2.09,28.0842,,0.0,0,0,40,0,0
planning_trap,medium,2249,6,always_help,0,0,20,-5.3607,44.8024,,0.0,0,0,20,0,0
planning_trap,medium,2249,7,always_help,0,0,40,-2.07,26.6599,,0.0,0,0,40,0,0
planning_trap,medium,2249,8,always_help,1,1,21,10.8,69.041,,0.0,0,0,21,0,0
planning_trap,medium,2249,9,always_help,0,0,40,-2.11,28.4147,,0.0,0,0,40,0,0
planning_trap,medium,2249,0,oracle,0,0,40,-2.11,17.7797,,0.0,0,0,39,1,0
planning_trap,medium,2249,1,oracle,1,1,18,10.82,32.1647,,0.0,0,0,12,1,5
planning_trap,medium,2249,2,oracle,0,0,40,-2.13,17.4999,,0.0,0,0,39,1,0
planning_trap,medium,2249,3,oracle,1,1,20,10.8,28.6011,,0.0,0,0,13,1,6
planning_trap,medium,2249,4,oracle,0,0,40,-2.11,17.4423,,0.0,0,0,39,1,0
planning_trap,medium,2249,5,oracle,0,0,40,-2.11,17.3233,,0.0,0,0,39,1,0
planning_trap,medium,2249,6,oracle,0,0,40,-2.11,17.3544,,0.0,0,0,39,1,0
planning_trap,medium,2249,7,oracle,0,0,40,-2.1,16.75,,0.0,0,0,39,1,0
planning_trap,medium,2249,8,oracle,0,0,40,-2.13,16.5367,,0.0,0,0,39,1,0
planning_trap,medium,2249,9,oracle,0,0,40,-2.09,16.118,,0.0,0,0,39,1,0
planning_trap,medium,2249,0,particle,0,0,40,-2.07,96.761,0.001108,0.0,40,40,0,0,0
planning_trap,medium,2249,1,particle,1,1,21,10.8,344.6212,0.001352,0.0,21,21,0,0,0
planning_trap,medium,2249,2,particle,0,0,40,-2.09,106.6682,0.001319,0.0,40,40,0,0,0
planning_trap,medium,2249,3,particle,0,0,40,-2.09,102.7371,0.001285,0.0,40,40,0,0,0
planning_trap,medium,2249,4,particle,0,0,40,-2.09,106.7587,0.001161,0.0,40,40,0,0,0
planning_trap,medium,2249,5,particle,0,0,30,-5.3807,139.6657,0.00115,0.0,30,30,0,0,0
planning_trap,medium,2249,6,particle,0,0,39,-5.3807,110.9159,0.001053,0.0,39,39,0,0,0
planning_trap,medium,2249,7,particle,0,0,40,-2.09,104.2205,0.001096,0.0,40,40,0,0,0
planning_trap,medium,2249,8,particle,0,0,40,-2.09,100.9438,0.001119,0.0,40,40,0,0,0
planning_trap,medium,2249,9,particle,0,0,40,-2.07,99.0795,0.001351,0.0,40,40,0,0,0
planning_trap,medium,3249,0,no_teacher,0,0,40,-2.11,108.2707,,0.0,0,40,0,0,0
planning_trap,medium,3249,1,no_teacher,0,0,40,-2.07,99.2977,,0.0,0,40,0,0,0
planning_trap,medium,3249,2,no_teacher,0,0,40,-2.11,114.5347,,0.0,0,40,0,0,0
planning_trap,medium,3249,3,no_teacher,0,0,40,-2.11,111.3908,,0.0,0,40,0,0,0
planning_trap,medium,3249,4,no_teacher,0,0,40,-2.09,106.7587,,0.0,0,40,0,0,0
planning_trap,medium,3249,5,no_teacher,0,0,40,-2.15,111.2721,,0.0,0,40,0,0,0
planning_trap,medium,3249,6,no_teacher,0,0,40,-2.13,106.8003,,0.0,0,40,0,0,0
planning_trap,medium,3249,7,no_teacher,0,0,40,-2.1,100.6991,,0.0,0,40,0,0,0
planning_trap,medium,3249,8,no_teacher,0,0,40,-2.07,99.0451,,0.0,0,40,0,0,0
planning_trap,medium,3249,9,no_teacher,0,0,19,-5.3538,187.264,,0.0,0,19,0,0,0
planning_trap,medium,3249,0,always_help,0,0,40,-2.07,26.8558,,0.0,0,0,40,0,0
planning_trap,medium,3249,1,always_help,0,0,40,-2.07,26.7729,,0.0,0,0,40,0,0
planning_trap,medium,3249,2,always_help,1,1,20,10.82,70.128,,0.0,0,0,20,0,0
planning_trap,medium,3249,3,always_help,0,0,40,-2.09,28.1156,,0.0,0,0,40,0,0
planning_trap,medium,3249,4,always_help,0,0,40,-2.15,29.8896,,0.0,0,0,40,0,0
planning_trap,medium,3249,5,always_help,0,0,31,-5.3738,32.2268,,0.0,0,0,31,0,0
planning_trap,medium,3249,6,always_help,0,0,16,-5.3338,47.4643,,0.0,0,0,16,0,0
planning_trap,medium,3249,7,always_help,0,0,40,-2.09,28.0819,,0.0,0,0,40,0,0
planning_trap,medium,3249,8,always_help,0,0,15,-5.3338,49.6286,,0.0,0,0,15,0,0
planning_trap,medium,3249,9,always_help,0,0,40,-2.11,29.3926,,0.0,0,0,40,0,0
planning_trap,medium,3249,0,oracle,0,0,40,-2.09,17.067,,0.0,0,0,39,1,0
planning_trap,medium,3249,1,oracle,0,0,40,-2.09,16.5688,,0.0,0,0,39,1,0
planning_trap,medium,3249,2,oracle,0,0,40,-2.09,17.0313,,0.0,0,0,39,1,0
planning_trap,medium,3249,3,oracle,0,0,40,-2.09,17.0997,,0.0,0,0,39,1,0
planning_trap,medium,3249,4,oracle,0,0,21,-5.3538,28.7237,,0.0,0,0,20,1,0
planning_trap,medium,3249,5,oracle,0,0,40,-2.09,17.0814,,0.0,0,0,39,1,0
planning_trap,medium,3249,6,oracle,0,0,40,-2.07,15.855,,0.0,0,0,39,1,0
planning_trap,medium,3249,7,oracle,0,0,40,-2.07,15.855,,0.0,0,0,39,1,0
planning_trap,medium,3249,8,oracle,0,0,40,-2.09,17.0814,,0.0,0,0,39,1,0
planning_trap,medium,3249,9,oracle,0,0,40,-2.09,16.1536,,0.0,0,0,39,1,0
planning_trap,medium,3249,0,particle,0,0,40,-2.13,116.3259,0.001171,0.0,40,40,0,0,0
planning_trap,medium,3249,1,particle,0,0,40,-2.11,101.933,0.001239,0.0,40,40,0,0,0
planning_trap,medium,3249,2,particle,0,0,40,-2.13,115.7152,0.001158,0.0,40,40,0,0,0
planning_trap,medium,3249,3,particle,0,0,40,-2.09,101.7064,0.001164,0.0,40,40,0,0,0
planning_trap,medium,3249,4,particle,0,0,40,-2.13,109.6863,0.001322,0.0,40,40,0,0,0
planning_trap,medium,3249,5,particle,0,0,40,-2.07,99.2977,0.001132,0.0,40,40,0,0,0
planning_trap,medium,3249,6,particle,0,0,40,-2.09,104.4933,0.001141,0.0,40,40,0,0,0
planning_trap,medium,3249,7,particle,0,0,40,-2.09,106.9631,0.001269,0.0,40,40,0,0,0
planning_trap,medium,3249,8,particle,0,0,30,-5.3338,126.0961,0.001225,0.0,30,30,0,0,0
planning_trap,medium,3249,9,particle,0,0,40,-2.09,106.7587,0.001135,0.0,40,40,0,0,0
planning_trap,medium,4249,0,no_teacher,0,0,10,-5.3698,318.2088,,0.0,0,10,0,0,0
planning_trap,medium,4249,1,no_teacher,1,1,18,10.82,387.9366,,0.0,0,18,0,0,0
planning_trap,medium,4249,2,no_teacher,0,0,40,-2.1,106.4661,,0.0,0,40,0,0,0
planning_trap,medium,4249,3,no_teacher,0,0,40,-2.11,105.2226,,0.0,0,40,0,0,0
planning_trap,medium,4249,4,no_teacher,0,0,40,-2.07,96.761,,0.0,0,40,0,0,0
planning_trap,medium,4249,5,no_teacher,0,0,12,-5.3698,271.5642,,0.0,0,12,0,0,0
planning_trap,medium,4249,6,no_teacher,0,0,40,-2.09,106.6544,,0.0,0,40,0,0,0
planning_trap,medium,4249,7,no_teacher,0,0,40,-2.09,106.8726,,0.0,0,40,0,0,0
planning_trap,medium,4249,8,no_teacher,0,0,40,-2.09,103.6861,,0.0,0,40,0,0,0
planning_trap,medium,4249,9,no_teacher,0,0,40,-2.09,106.8726,,0.0,0,40,0,0,0
planning_trap,medium,4249,0,always_help,0,0,25,-5.3698,35.758,,0.0,0,0,25,0,0
planning_trap,medium,4249,1,always_help,0,0,40,-2.09,27.0988,,0.0,0,0,40,0,0
planning_trap,medium,4249,2,always_help,0,0,40,-5.3698,26.8218,,0.0,0,0,40,0,0
planning_trap,medium,4249,3,always_help,0,0,40,-2.17,30.7048,,0.0,0,0,40,0,0
planning_trap,medium,4249,4,always_help,0,0,40,-2.11,30.1984,,0.0,0,0,40,0,0
planning_trap,medium,4249,5,always_help,0,0,40,-2.07,26.733,,0.0,0,0,40,0,0
planning_trap,medium,4249,6,always_help,0,0,32,-5.4498,35.7167,,0.0,0,0,32,0,0
planning_trap,medium,4249,7,always_help,0,0,40,-2.11,28.3921,,0.0,0,0,40,0,0
planning_trap,medium,4249,8,always_help,0,0,40,-2.07,26.8558,,0.0,0,0,40,0,0
planning_trap,medium,4249,9,always_help,0,0,40,-2.11,28.6505,,0.0,0,0,40,0,0
planning_trap,medium,4249,0,oracle,0,0,40,-2.11,16.2766,,0.0,0,0,39,1,0
planning_trap,medium,4249,1,oracle,0,0,40,-2.13,17.4505,,0.0,0,0,39,1,0
planning_trap,medium,4249,2,oracle,0,0,40,-2.09,17.5849,,0.0,0,0,39,1,0
planning_trap,medium,4249,3,oracle,0,0,40,-2.11,17.3763,,0.0,0,0,39,1,0
planning_trap,medium,4249,4,oracle,0,0,40,-2.07,15.855,,0.0,0,0,39,1,0
planning_trap,medium,4249,5,oracle,0,0,40,-2.07,15.7736,,0.0,0,0,39,1,0
planning_trap,medium,4249,6,oracle,0,0,40,-2.07,15.7698,,0.0,0,0,39,1,0
planning_trap,medium,4249,7,oracle,0,0,27,-5.4498,24.6463,,0.0,0,0,26,1,0
planning_trap,medium,4249,8,oracle,0,0,40,-2.11,16.5945,,0.0,0,0,39,1,0
planning_trap,medium,4249,9,oracle,0,0,40,-2.09,16.0579,,0.0,0,0,39,1,0
planning_trap,medium,4249,0,particle,0,0,40,-2.09,100.7557,0.001299,0.0,40,40,0,0,0
planning_trap,medium,4249,1,particle,0,0,40,-2.15,114.7358,0.000367,0.0,40,40,0,0,0
planning_trap,medium,4249,2,particle,0,0,40,-2.12,108.3272,0.00117,0.0,40,40,0,0,0
planning_trap,medium,4249,3,particle,0,0,40,-2.11,114.5185,0.001194,0.0,40,40,0,0,0
planning_trap,medium,4249,4,particle,0,0,40,-2.09,99.6843,0.001101,0.0,40,40,0,0,0
planning_trap,medium,4249,5,particle,0,0,13,-5.3698,253.9763,0.00138,0.0,13,13,0,0,0
planning_trap,medium,4249,6,particle,1,1,18,10.82,388.9848,0.001588,0.0,18,18,0,0,0
planning_trap,medium,4249,7,particle,1,1,18,10.82,388.9848,0.00173,0.0,18,18,0,0,0
planning_trap,medium,4249,8,particle,0,0,40,-2.09,109.8553,0.001403,0.0,40,40,0,0,0
planning_trap,medium,4249,9,particle,0,0,31,-5.3898,124.7604,0.000932,0.0,31,31,0,0,0
planning_trap,medium,5249,0,no_teacher,0,0,40,-2.13,116.1215,,0.0,0,40,0,0,0
planning_trap,medium,5249,1,no_teacher,0,0,40,-2.08,99.0795,,0.0,0,40,0,0,0
planning_trap,medium,5249,2,no_teacher,0,0,40,-2.13,115.5758,,0.0,0,40,0,0,0
planning_trap,medium,5249,3,no_teacher,0,0,40,-2.07,99.0933,,0.0,0,40,0,0,0
planning_trap,medium,5249,4,no_teacher,0,0,40,-2.11,114.3165,,0.0,0,40,0,0,0
planning_trap,medium,5249,5,no_teacher,0,0,40,-2.15,117.0463,,0.0,0,40,0,0,0
planning_trap,medium,5249,6,no_teacher,0,0,40,-2.13,110.1002,,0.0,0,40,0,0,0
planning_trap,medium,5249,7,no_teacher,0,0,40,-2.11,108.5878,,0.0,0,40,0,0,0
planning_trap,medium,5249,8,no_teacher,0,0,11,-5.3966,297.0529,,0.0,0,11,0,0,0
planning_trap,medium,5249,9,no_teacher,0,0,40,-5.3766,103.0622,,0.0,0,40,0,0,0
planning_trap,medium,5249,0,always_help,0,0,40,-2.12,28.4147,,0.0,0,0,40,0,0
planning_trap,medium,5249,1,always_help,0,0,40,-2.09,27.9198,,0.0,0,0,40,0,0
planning_trap,medium,5249,2,always_help,0,0,27,-5.3966,35.531,,0.0,0,0,27,0,0
planning_trap,medium,5249,3,always_help,0,0,40,-2.13,30.3645,,0.0,0,0,40,0,0
planning_trap,medium,5249,4,always_help,0,0,40,-2.09,27.0988,,0.0,0,0,40,0,0
planning_trap,medium,5249,5,always_help,0,0,40,-2.11,27.9402,,0.0,0,0,40,0,0
planning_trap,medium,5249,6,always_help,0,0,29,-5.4166,36.8457,,0.0,0,0,29,0,0
planning_trap,medium,5249,7,always_help,0,0,40,-2.2,30.2992,,0.0,0,0,40,0,0
planning_trap,medium,5249,8,always_help,1,1,18,10.82,76.3713,,0.0,0,0,18,0,0
planning_trap,medium,5249,9,always_help,0,0,40,-2.07,26.737,,0.0,0,0,40,0,0
planning_trap,medium,5249,0,oracle,0,0,40,-2.09,15.7485,,0.0,0,0,39,1,0
planning_trap,medium,5249,1,oracle,0,0,38,-5.4166,19.7425,,0.0,0,0,37,1,0
planning_trap,medium,5249,2,oracle,1,1,18,10.82,32.1647,,0.0,0,0,12,1,5
planning_trap,medium,5249,3,oracle,0,0,40,-2.11,16.2731,,0.0,0,0,39,1,0
planning_trap,medium,5249,4,oracle,1,1,20,10.8,25.7527,,0.0,0,0,11,1,8
planning_trap,medium,5249,5,oracle,0,0,40,-2.11,18.2452,,0.0,0,0,39,1,0
planning_trap,medium,5249,6,oracle,0,0,40,-2.07,15.855,,0.0,0,0,39,1,0
planning_trap,medium,5249,7,oracle,0,0,40,-2.11,16.3093,,0.0,0,0,39,1,0
planning_trap,medium,5249,8,oracle,0,0,40,-2.09,17.054,,0.0,0,0,39,1,0
planning_trap,medium,5249,9,oracle,0,0,40,-2.09,17.067,,0.0,0,0,39,1,0
planning_trap,medium,5249,0,particle,0,0,40,-2.09,100.7375,0.001159,0.0,40,40,0,0,0
planning_trap,medium,5249,1,particle,0,0,40,-2.11,107.9195,0.001078,0.0,40,40,0,0,0
planning_trap,medium,5249,2,particle,0,0,40,-2.07,98.8708,0.001014,0.0,40,40,0,0,0
planning_trap,medium,5249,3,particle,0,0,22,-5.3766,163.5374,0.001188,0.0,22,22,0,0,0
planning_trap,medium,5249,4,particle,0,0,30,-5.3766,125.7181,0.001067,0.0,30,30,0,0,0
planning_trap,medium,5249,5,particle,0,0,27,-5.3966,149.7948,0.001167,0.0,27,27,0,0,0
planning_trap,medium,5249,6,particle,0,0,40,-2.07,96.1974,0.001178,0.0,40,40,0,0,0
planning_trap,medium,5249,7,particle,0,0,22,-5.3766,163.0684,0.001217,0.0,22,22,0,0,0
planning_trap,medium,5249,8,particle,0,0,30,-5.3766,128.6661,0.00122,0.0,30,30,0,0,0
planning_trap,medium,5249,9,particle,0,0,40,-2.13,122.1729,0.001376,0.0,40,40,0,0,0
planning_trap,medium,6249,0,no_teacher,0,0,23,-5.4106,178.2493,,0.0,0,23,0,0,0
planning_trap,medium,6249,1,no_teacher,0,0,40,-2.09,110.3891,,0.0,0,40,0,0,0
planning_trap,medium,6249,2,no_teacher,1,1,20,10.8,356.3808,,0.0,0,20,0,0,0
planning_trap,medium,6249,3,no_teacher,0,0,40,-2.07,99.0795,,0.0,0,40,0,0,0
planning_trap,medium,6249,4,no_teacher,0,0,40,-2.11,108.465,,0.0,0,40,0,0,0
planning_trap,medium,6249,5,no_teacher,0,0,40,-2.09,106.5362,,0.0,0,40,0,0,0
planning_trap,medium,6249,6,no_teacher,0,0,40,-2.11,108.5154,,0.0,0,40,0,0,0
planning_trap,medium,6249,7,no_teacher,0,0,40,-2.11,114.3303,,0.0,0,40,0,0,0
planning_trap,medium,6249,8,no_teacher,0,0,19,-5.3706,203.3567,,0.0,0,19,0,0,0
planning_trap,medium,6249,9,no_teacher,0,0,40,-2.07,96.1768,,0.0,0,40,0,0,0
planning_trap,medium,6249,0,always_help,0,0,40,-2.07,26.8531,,0.0,0,0,40,0,0
planning_trap,medium,6249,1,always_help,1,1,19,10.82,72.8227,,0.0,0,0,19,0,0
planning_trap,medium,6249,2,always_help,0,0,40,-2.13,28.6562,,0.0,0,0,40,0,0
planning_trap,medium,6249,3,always_help,0,0,40,-2.07,26.8137,,0.0,0,0,40,0,0
planning_trap,medium,6249,4,always_help,0,0,40,-2.09,28.0819,,0.0,0,0,40,0,0
planning_trap,medium,6249,5,always_help,0,0,40,-2.09,27.0988,,0.0,0,0,40,0,0
planning_trap,medium,6249,6,always_help,0,0,40,-2.11,27.1435,,0.0,0,0,40,0,0
planning_trap,medium,6249,7,always_help,0,0,40,-2.07,26.8558,,0.0,0,0,40,0,0
planning_trap,medium,6249,8,always_help,0,0,12,-5.3506,57.3341,,0.0,0,0,12,0,0
planning_trap,medium,6249,9,always_help,0,0,40,-2.15,31.3471,,0.0,0,0,40,0,0
planning_trap,medium,6249,0,oracle,0,0,40,-2.11,16.1983,,0.0,0,0,39,1,0
planning_trap,medium,6249,1,oracle,0,0,12,-5.3506,39.8411,,0.0,0,0,11,1,0
planning_trap,medium,6249,2,oracle,1,1,18,10.82,35.553,,0.0,0,0,13,1,4
planning_trap,medium,6249,3,oracle,1,1,18,10.82,32.1182,,0.0,0,0,12,1,5
planning_trap,medium,6249,4,oracle,0,0,16,-5.3506,32.2505,,0.0,0,0,15,1,0
planning_trap,medium,6249,5,oracle,0,0,40,-2.07,15.8851,,0.0,0,0,39,1,0
planning_trap,medium,6249,6,oracle,1,1,22,10.78,30.1185,,0.0,0,0,16,1,5
planning_trap,medium,6249,7,oracle,1,1,18,10.82,29.3628,,0.0,0,0,11,1,6
planning_trap,medium,6249,8,oracle,0,0,40,-2.07,15.8473,,0.0,0,0,39,1,0
planning_trap,medium,6249,9,oracle,0,0,24,-5.3706,26.5791,,0.0,0,0,23,1,0
planning_trap,medium,6249,0,particle,0,0,40,-2.07,99.0181,0.00112,0.0,40,40,0,0,0
planning_trap,medium,6249,1,particle,0,0,40,-2.09,100.9438,0.001208,0.0,40,40,0,0,0
planning_trap,medium,6249,2,particle,0,0,40,-2.09,100.7557,0.001193,0.0,40,40,0,0,0
planning_trap,medium,6249,3,particle,0,0,40,-2.11,110.407,0.001159,0.0,40,40,0,0,0
planning_trap,medium,6249,4,particle,0,0,40,-2.09,98.4278,0.000998,0.0,40,40,0,0,0
planning_trap,medium,6249,5,particle,0,0,40,-2.11,101.4672,0.001087,0.0,40,40,0,0,0
planning_trap,medium,6249,6,particle,0,0,40,-2.09,108.2633,0.001369,0.0,40,40,0,0,0
planning_trap,medium,6249,7,particle,0,0,33,-5.3506,116.6448,0.001191,0.0,33,33,0,0,0
planning_trap,medium,6249,8,particle,0,0,34,-5.3706,117.2821,0.001252,0.0,34,34,0,0,0
planning_trap,medium,6249,9,particle,1,1,19,10.82,372.0889,0.001631,0.0,19,19,0,0,0
planning_trap,hard,2249,0,no_teacher,0,0,35,-2.09,112.6701,,0.0,0,35,0,0,0
planning_trap,hard,2249,1,no_teacher,0,0,35,-2.09,119.4518,,0.0,0,35,0,0,0
planning_trap,hard,2249,2,no_teacher,0,0,35,-2.07,110.8176,,0.0,0,35,0,0,0
planning_trap,hard,2249,3,no_teacher,0,0,35,-2.09,119.6904,,0.0,0,35,0,0,0
planning_trap,hard,2249,4,no_teacher,0,0,22,-5.3607,168.4454,,0.0,0,22,0,0,0
planning_trap,hard,2249,5,no_teacher,0,0,35,-2.09,125.3632,,0.0,0,35,0,0,0
planning_trap,hard,2249,6,no_teacher,0,0,35,-2.11,119.228,,0.0,0,35,0,0,0
planning_trap,hard,2249,7,no_teacher,0,0,35,-2.09,112.2459,,0.0,0,35,0,0,0
planning_trap,hard,2249,8,no_teacher,0,0,35,-2.07,110.7367,,0.0,0,35,0,0,0
planning_trap,hard,2249,9,no_teacher,0,0,35,-2.09,123.8891,,0.0,0,35,0,0,0
planning_trap,hard,2249,0,always_help,0,0,35,-2.07,29.0963,,0.0,0,0,35,0,0
planning_trap,hard,2249,1,always_help,0,0,35,-5.3607,30.5778,,0.0,0,0,35,0,0
planning_trap,hard,2249,2,always_help,0,0,35,-2.07,29.0932,,0.0,0,0,35,0,0
planning_trap,hard,2249,3,always_help,0,0,22,-5.3407,38.6842,,0.0,0,0,22,0,0
planning_trap,hard,2249,4,always_help,0,0,35,-2.11,30.9443,,0.0,0,0,35,0,0
planning_trap,hard,2249,5,always_help,0,0,35,-2.13,29.6276,,0.0,0,0,35,0,0
planning_trap,hard,2249,6,always_help,1,1,24,10.8,61.0439,,0.0,0,0,24,0,0
planning_trap,hard,2249,7,always_help,0,0,11,-5.3507,66.2529,,0.0,0,0,11,0,0
planning_trap,hard,2249,8,always_help,0,0,35,-2.09,30.4827,,0.0,0,0,35,0,0
planning_trap,hard,2249,9,always_help,0,0,35,-2.07,29.4054,,0.0,0,0,35,0,0
planning_trap,hard,2249,0,oracle,0,0,35,-2.11,19.3636,,0.0,0,0,34,1,0
planning_trap,hard,2249,1,oracle,0,0,35,-2.11,18.9866,,0.0,0,0,34,1,0
planning_trap,hard,2249,2,oracle,0,0,35,-2.09,19.0417,,0.0,0,0,34,1,0
planning_trap,hard,2249,3,oracle,0,0,34,-5.3607,19.8789,,0.0,0,0,33,1,0
planning_trap,hard,2249,4,oracle,0,0,35,-2.11,20.4758,,0.0,0,0,34,1,0
planning_trap,hard,2249,5,oracle,0,0,35,-2.11,18.9741,,0.0,0,0,34,1,0
planning_trap,hard,2249,6,oracle,0,0,35,-2.09,17.9653,,0.0,0,0,34,1,0
planning_trap,hard,2249,7,oracle,1,1,20,10.8,28.5794,,0.0,0,0,13,1,6
planning_trap,hard,2249,8,oracle,0,0,35,-2.11,18.8384,,0.0,0,0,34,1,0
planning_trap,hard,2249,9,oracle,0,0,35,-2.11,21.7038,,0.0,0,0,34,1,0
planning_trap,hard,2249,0,particle,0,0,14,-5.3407,238.907,0.001397,0.0,14,14,0,0,0
planning_trap,hard,2249,1,particle,0,0,35,-2.13,123.3328,0.001285,0.0,35,35,0,0,0
planning_trap,hard,2249,2,particle,0,0,22,-5.3407,159.753,0.001237,0.0,22,22,0,0,0
planning_trap,hard,2249,3,particle,0,0,35,-2.09,112.2459,0.001234,0.0,35,35,0,0,0
planning_trap,hard,2249,4,particle,0,0,35,-2.13,135.2354,0.001383,0.0,35,35,0,0,0
planning_trap,hard,2249,5,particle,0,0,35,-2.11,118.421,0.001116,0.0,35,35,0,0,0
planning_trap,hard,2249,6,particle,0,0,35,-2.07,110.2141,0.001101,0.0,35,35,0,0,0
planning_trap,hard,2249,7,particle,0,0,35,-2.09,119.5666,0.001089,0.0,35,35,0,0,0
planning_trap,hard,2249,8,particle,0,0,35,-2.13,130.9374,0.001198,0.0,35,35,0,0,0
planning_trap,hard,2249,9,particle,0,0,15,-5.3407,225.5214,0.001389,0.0,15,15,0,0,0
planning_trap,hard,3249,0,no_teacher,0,0,35,-2.09,112.4316,,0.0,0,35,0,0,0
planning_trap,hard,3249,1,no_teacher,0,0,35,-2.11,124.1951,,0.0,0,35,0,0,0
planning_trap,hard,3249,2,no_teacher,0,0,35,-2.09,123.8499,,0.0,0,35,0,0,0
planning_trap,hard,3249,3,no_teacher,0,0,35,-2.09,113.5062,,0.0,0,35,0,0,0
planning_trap,hard,3249,4,no_teacher,0,0,35,-2.13,122.6226,,0.0,0,35,0,0,0
planning_trap,hard,3249,5,no_teacher,0,0,22,-5.3338,163.9046,,0.0,0,22,0,0,0
planning_trap,hard,3249,6,no_teacher,0,0,35,-2.07,108.1268,,0.0,0,35,0,0,0
planning_trap,hard,3249,7,no_teacher,0,0,23,-5.3338,155.3691,,0.0,0,23,0,0,0
planning_trap,hard,3249,8,no_teacher,0,0,35,-2.07,111.0326,,0.0,0,35,0,0,0
planning_trap,hard,3249,9,no_teacher,0,0,35,-2.07,110.7625,,0.0,0,35,0,0,0
planning_trap,hard,3249,0,always_help,0,0,35,-2.09,30.4827,,0.0,0,0,35,0,0
planning_trap,hard,3249,1,always_help,1,1,33,10.8,50.0156,,0.0,0,0,33,0,0
planning_trap,hard,3249,2,always_help,1,1,20,10.8,73.7531,,0.0,0,0,20,0,0
planning_trap,hard,3249,3,always_help,0,0,35,-2.09,29.2835,,0.0,0,0,35,0,0
planning_trap,hard,3249,4,always_help,0,0,35,-2.07,29.0932,,0.0,0,0,35,0,0
planning_trap,hard,3249,5,always_help,0,0,35,-2.07,28.6089,,0.0,0,0,35,0,0
planning_trap,hard,3249,6,always_help,0,0,35,-2.07,28.6089,,0.0,0,0,35,0,0
planning_trap,hard,3249,7,always_help,0,0,26,-5.3338,34.892,,0.0,0,0,26,0,0
planning_trap,hard,3249,8,always_help,0,0,35,-2.07,29.0963,,0.0,0,0,35,0,0
planning_trap,hard,3249,9,always_help,0,0,35,-2.09,29.7688,,0.0,0,0,35,0,0
planning_trap,hard,3249,0,oracle,0,0,35,-2.13,19.5464,,0.0,0,0,34,1,0
planning_trap,hard,3249,1,oracle,0,0,34,-5.3538,18.3446,,0.0,0,0,33,1,0
planning_trap,hard,3249,2,oracle,0,0,35,-2.07,17.6276,,0.0,0,0,34,1,0
planning_trap,hard,3249,3,oracle,1,1,19,10.82,26.7793,,0.0,0,0,11,1,7
planning_trap,hard,3249,4,oracle,0,0,35,-2.07,17.5393,,0.0,0,0,34,1,0
planning_trap,hard,3249,5,oracle,0,0,35,-2.07,17.1455,,0.0,0,0,34,1,0
planning_trap,hard,3249,6,oracle,0,0,34,-5.3538,18.3446,,0.0,0,0,33,1,0
planning_trap,hard,3249,7,oracle,0,0,35,-2.09,19.0442,,0.0,0,0,34,1,0
planning_trap,hard,3249,8,oracle,0,0,35,-2.13,20.7816,,0.0,0,0,34,1,0
planning_trap,hard,3249,9,oracle,0,0,35,-2.07,17.5776,,0.0,0,0,34,1,0
planning_trap,hard,3249,0,particle,1,1,18,10.82,388.9848,0.001736,0.0,18,18,0,0,0
planning_trap,hard,3249,1,particle,0,0,35,-2.09,114.508,0.001096,0.0,35,35,0,0,0
planning_trap,hard,3249,2,particle,0,0,35,-2.07,110.8176,0.001146,0.0,35,35,0,0,0
planning_trap,hard,3249,3,particle,0,0,26,-5.3538,144.3373,0.000992,0.0,26,26,0,0,0
planning_trap,hard,3249,4,particle,0,0,35,-2.07,110.5632,0.001059,0.0,35,35,0,0,0
planning_trap,hard,3249,5,particle,0,0,35,-2.11,121.7019,0.001098,0.0,35,35,0,0,0
planning_trap,hard,3249,6,particle,0,0,35,-2.09,119.4919,0.001296,0.0,35,35,0,0,0
planning_trap,hard,3249,7,particle,0,0,30,-5.3338,126.0777,0.001335,0.0,30,30,0,0,0
planning_trap,hard,3249,8,particle,0,0,35,-2.09,113.8912,0.001,0.0,35,35,0,0,0
planning_trap,hard,3249,9,particle,0,0,35,-2.09,121.7899,0.001015,0.0,35,35,0,0,0
planning_trap,hard,4249,0,no_teacher,0,0,15,-5.3798,249.1664,,0.0,0,15,0,0,0
planning_trap,hard,4249,1,no_teacher,0,0,35,-2.11,121.4752,,0.0,0,35,0,0,0
planning_trap,hard,4249,2,no_teacher,0,0,21,-5.4298,205.4654,,0.0,0,21,0,0,0
planning_trap,hard,4249,3,no_teacher,0,0,35,-2.11,121.7491,,0.0,0,35,0,0,0
planning_trap,hard,4249,4,no_teacher,0,0,35,-2.07,110.8176,,0.0,0,35,0,0,0
planning_trap,hard,4249,5,no_teacher,0,0,35,-2.09,119.9397,,0.0,0,35,0,0,0
planning_trap,hard,4249,6,no_teacher,0,0,12,-5.3698,272.1913,,0.0,0,12,0,0,0
planning_trap,hard,4249,7,no_teacher,0,0,35,-2.09,119.9397,,0.0,0,35,0,0,0
planning_trap,hard,4249,8,no_teacher,0,0,22,-5.3898,182.6176,,0.0,0,22,0,0,0
planning_trap,hard,4249,9,no_teacher,0,0,35,-2.09,111.4765,,0.0,0,35,0,0,0
planning_trap,hard,4249,0,always_help,0,0,23,-5.4098,38.3544,,0.0,0,0,23,0,0
planning_trap,hard,4249,1,always_help,0,0,31,-5.4098,33.4527,,0.0,0,0,31,0,0
planning_trap,hard,4249,2,always_help,0,0,35,-2.1,30.5243,,0.0,0,0,35,0,0
planning_trap,hard,4249,3,always_help,0,0,35,-5.3698,28.7294,,0.0,0,0,35,0,0
planning_trap,hard,4249,4,always_help,0,0,35,-2.09,28.9693,,0.0,0,0,35,0,0
planning_trap,hard,4249,5,always_help,1,1,19,10.82,73.6589,,0.0,0,0,19,0,0
planning_trap,hard,4249,6,always_help,0,0,35,-2.07,29.0439,,0.0,0,0,35,0,0
planning_trap,hard,4249,7,always_help,0,0,35,-2.07,29.0932,,0.0,0,0,35,0,0
planning_trap,hard,4249,8,always_help,0,0,15,-5.4098,54.8576,,0.0,0,0,15,0,0
planning_trap,hard,4249,9,always_help,0,0,35,-2.11,31.2305,,0.0,0,0,35,0,0
planning_trap,hard,4249,0,oracle,0,0,14,-5.4098,39.9887,,0.0,0,0,13,1,0
planning_trap,hard,4249,1,oracle,0,0,35,-2.12,18.267,,0.0,0,0,34,1,0
planning_trap,hard,4249,2,oracle,0,0,35,-2.07,17.6276,,0.0,0,0,34,1,0
planning_trap,hard,4249,3,oracle,0,0,35,-2.07,17.6643,,0.0,0,0,34,1,0
planning_trap,hard,4249,4,oracle,0,0,35,-2.09,17.9653,,0.0,0,0,34,1,0
planning_trap,hard,4249,5,oracle,0,0,35,-2.08,18.0998,,0.0,0,0,34,1,0
planning_trap,hard,4249,6,oracle,0,0,35,-2.07,17.6276,,0.0,0,0,34,1,0
planning_trap,hard,4249,7,oracle,0,0,35,-2.09,17.8869,,0.0,0,0,34,1,0
planning_trap,hard,4249,8,oracle,0,0,24,-5.3898,26.3907,,0.0,0,0,23,1,0
planning_trap,hard,4249,9,oracle,1,1,18,10.82,29.3628,,0.0,0,0,11,1,6
planning_trap,hard,4249,0,particle,0,0,35,-2.11,113.9851,0.001064,0.0,35,35,0,0,0
planning_trap,hard,4249,1,particle,0,0,35,-2.09,119.1227,0.001242,0.0,35,35,0,0,0
planning_trap,hard,4249,2,particle,0,0,35,-2.09,114.6393,0.001022,0.0,35,35,0,0,0
planning_trap,hard,4249,3,particle,0,0,10,-5.3698,315.8877,0.001545,0.0,10,10,0,0,0
planning_trap,hard,4249,4,particle,1,1,20,10.82,359.3421,0.00149,0.0,20,20,0,0,0
planning_trap,hard,4249,5,particle,0,0,35,-2.07,110.8176,0.001211,0.0,35,35,0,0,0
planning_trap,hard,4249,6,particle,0,0,35,-2.11,133.5753,0.000972,0.0,35,35,0,0,0
planning_trap,hard,4249,7,particle,1,1,18,10.82,389.5583,0.001684,0.0,18,18,0,0,0
planning_trap,hard,4249,8,particle,0,0,35,-2.13,120.3656,0.001249,0.0,35,35,0,0,0
planning_trap,hard,4249,9,particle,0,0,35,-2.07,110.8176,0.001376,0.0,35,35,0,0,0
planning_trap,hard,5249,0,no_teacher,0,0,35,-2.11,123.8161,,0.0,0,35,0,0,0
planning_trap,hard,5249,1,no_teacher,0,0,35,-2.09,112.6909,,0.0,0,35,0,0,0
planning_trap,hard,5249,2,no_teacher,0,0,35,-2.12,121.5535,,0.0,0,35,0,0,0
planning_trap,hard,5249,3,no_teacher,0,0,35,-2.09,119.9397,,0.0,0,35,0,0,0
planning_trap,hard,5249,4,no_teacher,0,0,35,-2.09,110.5386,,0.0,0,35,0,0,0
planning_trap,hard,5249,5,no_teacher,0,0,35,-2.13,122.8815,,0.0,0,35,0,0,0
planning_trap,hard,5249,6,no_teacher,0,0,35,-2.07,110.7625,,0.0,0,35,0,0,0
planning_trap,hard,5249,7,no_teacher,1,1,18,10.82,387.9366,,0.0,0,18,0,0,0
planning_trap,hard,5249,8,no_teacher,0,0,35,-2.11,113.7448,,0.0,0,35,0,0,0
planning_trap,hard,5249,9,no_teacher,0,0,35,-2.07,110.5632,,0.0,0,35,0,0,0
planning_trap,hard,5249,0,always_help,0,0,35,-2.07,29.015,,0.0,0,0,35,0,0
planning_trap,hard,5249,1,always_help,0,0,35,-2.07,29.015,,0.0,0,0,35,0,0
planning_trap,hard,5249,2,always_help,0,0,35,-2.09,31.193,,0.0,0,0,35,0,0
planning_trap,hard,5249,3,always_help,0,0,35,-2.13,32.359,,0.0,0,0,35,0,0
planning_trap,hard,5249,4,always_help,0,0,35,-2.14,32.4107,,0.0,0,0,35,0,0
planning_trap,hard,5249,5,always_help,0,0,35,-2.11,30.7749,,0.0,0,0,35,0,0
planning_trap,hard,5249,6,always_help,0,0,35,-2.09,30.5388,,0.0,0,0,35,0,0
planning_trap,hard,5249,7,always_help,0,0,23,-5.4166,42.9384,,0.0,0,0,23,0,0
planning_trap,hard,5249,8,always_help,0,0,35,-2.15,32.6496,,0.0,0,0,35,0,0
planning_trap,hard,5249,9,always_help,0,0,35,-2.09,30.5388,,0.0,0,0,35,0,0
planning_trap,hard,5249,0,oracle,0,0,35,-2.07,17.6213,,0.0,0,0,34,1,0
planning_trap,hard,5249,1,oracle,0,0,20,-5.4166,33.3031,,0.0,0,0,19,1,0
planning_trap,hard,5249,2,oracle,0,0,35,-2.13,19.4702,,0.0,0,0,34,1,0
planning_trap,hard,5249,3,oracle,0,0,35,-2.09,17.819,,0.0,0,0,34,1,0
planning_trap,hard,5249,4,oracle,0,0,35,-2.11,19.4962,,0.0,0,0,34,1,0
planning_trap,hard,5249,5,oracle,0,0,12,-5.3966,44.0769,,0.0,0,0,11,1,0
planning_trap,hard,5249,6,oracle,0,0,35,-2.11,19.3381,,0.0,0,0,34,1,0
planning_trap,hard,5249,7,oracle,0,0,35,-2.07,17.6276,,0.0,0,0,34,1,0
planning_trap,hard,5249,8,oracle,0,0,12,-5.3766,39.2502,,0.0,0,0,11,1,0
planning_trap,hard,5249,9,oracle,0,0,35,-2.13,20.0628,,0.0,0,0,34,1,0
planning_trap,hard,5249,0,particle,0,0,35,-2.11,124.9771,0.00131,0.0,35,35,0,0,0
planning_trap,hard,5249,1,particle,0,0,35,-2.11,123.8561,0.001354,0.0,35,35,0,0,0
planning_trap,hard,5249,2,particle,0,0,35,-2.09,114.1595,0.001194,0.0,35,35,0,0,0
planning_trap,hard,5249,3,particle,0,0,35,-2.09,120.0545,0.000953,0.0,35,35,0,0,0
planning_trap,hard,5249,4,particle,0,0,35,-2.11,121.315,0.001271,0.0,35,35,0,0,0
planning_trap,hard,5249,5,particle,0,0,35,-2.09,119.6904,0.001151,0.0,35,35,0,0,0
planning_trap,hard,5249,6,particle,0,0,25,-5.3766,144.6956,0.001235,0.0,25,25,0,0,0
planning_trap,hard,5249,7,particle,0,0,35,-2.09,119.9397,0.001136,0.0,35,35,0,0,0
planning_trap,hard,5249,8,particle,0,0,35,-2.13,123.6899,0.001266,0.0,35,35,0,0,0
planning_trap,hard,5249,9,particle,0,0,35,-2.09,116.5513,0.001174,0.0,35,35,0,0,0
planning_trap,hard,6249,0,no_teacher,0,0,35,-2.09,112.9245,,0.0,0,35,0,0,0
planning_trap,hard,6249,1,no_teacher,0,0,35,-2.11,128.7044,,0.0,0,35,0,0,0
planning_trap,hard,6249,2,no_teacher,0,0,35,-2.09,112.4316,,0.0,0,35,0,0,0
planning_trap,hard,6249,3,no_teacher,0,0,35,-2.09,112.6909,,0.0,0,35,0,0,0
planning_trap,hard,6249,4,no_teacher,0,0,35,-2.07,108.6602,,0.0,0,35,0,0,0
planning_trap,hard,6249,5,no_teacher,0,0,35,-2.09,112.9245,,0.0,0,35,0,0,0
planning_trap,hard,6249,6,no_teacher,0,0,17,-5.3506,200.6409,,0.0,0,17,0,0,0
planning_trap,hard,6249,7,no_teacher,0,0,35,-2.09,110.8585,,0.0,0,35,0,0,0
planning_trap,hard,6249,8,no_teacher,0,0,35,-2.07,111.0326,,0.0,0,35,0,0,0
planning_trap,hard,6249,9,no_teacher,0,0,33,-5.3806,126.0028,,0.0,0,33,0,0,0
planning_trap,hard,6249,0,always_help,0,0,29,-5.3506,32.5719,,0.0,0,0,29,0,0
planning_trap,hard,6249,1,always_help,0,0,35,-2.07,29.0932,,0.0,0,0,35,0,0
planning_trap,hard,6249,2,always_help,0,0,35,-2.11,31.2903,,0.0,0,0,35,0,0
planning_trap,hard,6249,3,always_help,0,0,35,-2.09,29.3696,,0.0,0,0,35,0,0
planning_trap,hard,6249,4,always_help,0,0,35,-2.09,30.7954,,0.0,0,0,35,0,0
planning_trap,hard,6249,5,always_help,0,0,35,-2.09,30.5388,,0.0,0,0,35,0,0
planning_trap,hard,6249,6,always_help,0,0,27,-5.3906,36.7655,,0.0,0,0,27,0,0
planning_trap,hard,6249,7,always_help,0,0,35,-2.13,31.4077,,0.0,0,0,35,0,0
planning_trap,hard,6249,8,always_help,0,0,12,-5.3506,57.5622,,0.0,0,0,12,0,0
planning_trap,hard,6249,9,always_help,0,0,35,-2.07,29.0963,,0.0,0,0,35,0,0
planning_trap,hard,6249,0,oracle,0,0,35,-2.11,19.3574,,0.0,0,0,34,1,0
planning_trap,hard,6249,1,oracle,0,0,35,-2.09,19.0814,,0.0,0,0,34,1,0
planning_trap,hard,6249,2,oracle,0,0,32,-5.3906,21.0201,,0.0,0,0,31,1,0
planning_trap,hard,6249,3,oracle,0,0,35,-2.09,19.0814,,0.0,0,0,34,1,0
planning_trap,hard,6249,4,oracle,0,0,35,-2.07,17.6172,,0.0,0,0,34,1,0
planning_trap,hard,6249,5,oracle,0,0,35,-5.3806,19.4064,,0.0,0,0,34,1,0
planning_trap,hard,6249,6,oracle,0,0,35,-2.07,17.2774,,0.0,0,0,34,1,0
planning_trap,hard,6249,7,oracle,0,0,24,-5.3706,24.3606,,0.0,0,0,23,1,0
planning_trap,hard,6249,8,oracle,0,0,35,-2.07,17.6643,,0.0,0,0,34,1,0
planning_trap,hard,6249,9,oracle,0,0,35,-2.09,19.3414,,0.0,0,0,34,1,0
planning_trap,hard,6249,0,particle,0,0,15,-5.3506,225.5214,0.001352,0.0,15,15,0,0,0
planning_trap,hard,6249,1,particle,0,0,35,-2.09,119.3694,0.001158,0.0,35,35,0,0,0
planning_trap,hard,6249,2,particle,0,0,35,-2.07,109.7179,0.001178,0.0,35,35,0,0,0
planning_trap,hard,6249,3,particle,0,0,35,-2.11,121.8078,0.001082,0.0,35,35,0,0,0
planning_trap,hard,6249,4,particle,0,0,35,-2.09,119.8052,0.00141,0.0,35,35,0,0,0
planning_trap,hard,6249,5,particle,0,0,35,-2.07,111.0512,0.001208,0.0,35,35,0,0,0
planning_trap,hard,6249,6,particle,0,0,20,-5.3506,177.1847,0.001252,0.0,20,20,0,0,0
planning_trap,hard,6249,7,particle,0,0,14,-5.3506,238.907,0.00125,0.0,14,14,0,0,0
planning_trap,hard,6249,8,particle,0,0,35,-2.07,111.0326,0.001177,0.0,35,35,0,0,0
planning_trap,hard,6249,9,particle,0,0,35,-2.11,121.7893,0.001165,0.0,35,35,0,0,0
exploration_useful,easy,3024,0,no_teacher,1,1,18,10.82,714.4273,,0.0,0,18,0,0,0
exploration_useful,easy,3024,1,no_teacher,1,1,20,10.8,658.22,,0.0,0,20,0,0,0
exploration_useful,easy,3024,2,no_teacher,1,1,21,10.8,691.2909,,0.0,0,21,0,0,0
exploration_useful,easy,3024,3,no_teacher,1,1,22,10.78,625.0883,,0.0,0,22,0,0,0
exploration_useful,easy,3024,4,no_teacher,1,1,26,10.8,530.0868,,0.0,0,26,0,0,0
exploration_useful,easy,3024,5,no_teacher,1,1,19,10.82,686.7677,,0.0,0,19,0,0,0
exploration_useful,easy,3024,6,no_teacher,1,1,19,10.745,681.3031,,0.0,0,19,0,0,0
exploration_useful,easy,3024,7,no_teacher,1,1,28,10.8,502.5449,,0.0,0,28,0,0,0
exploration_useful,easy,3024,8,no_teacher,1,1,23,10.8,585.8058,,0.0,0,23,0,0,0
exploration_useful,easy,3024,9,no_teacher,1,1,21,10.8,649.9231,,0.0,0,21,0,0,0
exploration_useful,easy,3024,0,always_help,0,0,55,-1.17,70.4732,,0.0,0,0,55,0,0
exploration_useful,easy,3024,1,always_help,0,0,55,-1.18,73.9124,,0.0,0,0,55,0,0
exploration_useful,easy,3024,2,always_help,0,0,55,-1.18,71.321,,0.0,0,0,55,0,0
exploration_useful,easy,3024,3,always_help,0,0,55,-1.15,69.99,,0.0,0,0,55,0,0
exploration_useful,easy,3024,4,always_help,1,1,41,10.8,92.0733,,0.0,0,0,41,0,0
exploration_useful,easy,3024,5,always_help,0,0,55,-1.19,70.0308,,0.0,0,0,55,0,0
exploration_useful,easy,3024,6,always_help,0,0,55,-1.23,74.1101,,0.0,0,0,55,0,0
exploration_useful,easy,3024,7,always_help,0,0,55,-1.2,72.1631,,0.0,0,0,55,0,0
exploration_useful,easy,3024,8,always_help,0,0,55,-1.285,73.0277,,0.0,0,0,55,0,0
exploration_useful,easy,3024,9,always_help,0,0,55,-1.15,68.5432,,0.0,0,0,55,0,0
exploration_useful,easy,3024,0,oracle,1,1,18,10.745,118.4256,,0.0,0,0,18,0,0
exploration_useful,easy,3024,1,oracle,1,1,28,10.8,86.2746,,0.0,0,0,28,0,0
exploration_useful,easy,3024,2,oracle,1,1,19,10.82,112.6463,,0.0,0,0,19,0,0
exploration_useful,easy,3024,3,oracle,1,1,26,10.76,91.2812,,0.0,0,0,26,0,0
exploration_useful,easy,3024,4,oracle,1,1,26,10.745,88.7582,,0.0,0,0,26,0,0
exploration_useful,easy,3024,5,oracle,1,1,24,10.8,93.5404,,0.0,0,0,24,0,0
exploration_useful,easy,3024,6,oracle,1,1,27,10.725,88.3703,,0.0,0,0,27,0,0
exploration_useful,easy,3024,7,oracle,1,1,19,10.82,114.5479,,0.0,0,0,19,0,0
exploration_useful,easy,3024,8,oracle,1,1,24,10.8,91.8694,,0.0,0,0,24,0,0
exploration_useful,easy,3024,9,oracle,1,1,28,10.725,82.0881,,0.0,0,0,28,0,0
exploration_useful,easy,3024,0,particle,1,1,21,10.745,622.3276,0.005305,0.0,21,21,0,0,0
exploration_useful,easy,3024,1,particle,1,1,19,10.82,693.3114,0.004981,0.0,19,19,0,0,0
exploration_useful,easy,3024,2,particle,1,1,28,10.76,540.2328,0.005554,0.0,28,28,0,0,0
exploration_useful,easy,3024,3,particle,1,1,24,10.8,569.5081,0.004726,0.0,24,24,0,0,0
exploration_useful,easy,3024,4,particle,1,1,30,10.82,464.1851,0.002648,0.0,30,30,0,0,0
exploration_useful,easy,3024,5,particle,1,1,29,10.8,436.1696,0.005085,0.0345,29,28,1,0,0
exploration_useful,easy,3024,6,particle,1,1,21,10.82,619.1414,0.004682,0.0,21,21,0,0,0
exploration_useful,easy,3024,7,particle,1,1,24,10.745,564.8276,0.007932,0.0,24,24,0,0,0
exploration_useful,easy,3024,8,particle,1,1,25,10.685,594.6125,0.004536,0.0,25,25,0,0,0
exploration_useful,easy,3024,9,particle,1,1,24,10.8,580.1368,0.004268,0.0,24,24,0,0,0
exploration_useful,easy,4024,0,no_teacher,1,1,20,10.745,656.1068,,0.0,0,20,0,0,0
exploration_useful,easy,4024,1,no_teacher,1,1,28,10.76,540.0606,,0.0,0,28,0,0,0
exploration_useful,easy,4024,2,no_teacher,1,1,22,10.82,590.2452,,0.0,0,22,0,0,0
exploration_useful,easy,4024,3,no_teacher,1,1,29,10.67,483.7651,,0.0,0,29,0,0,0
exploration_useful,easy,4024,4,no_teacher,1,1,32,10.665,494.8477,,0.0,0,32,0,0,0
exploration_useful,easy,4024,5,no_teacher,1,1,20,10.745,659.9265,,0.0,0,20,0,0,0
exploration_useful,easy,4024,6,no_teacher,1,1,23,10.725,583.2925,,0.0,0,23,0,0,0
exploration_useful,easy,4024,7,no_teacher,1,1,24,10.78,598.5524,,0.0,0,24,0,0,0
exploration_useful,easy,4024,8,no_teacher,1,1,22,10.78,659.4034,,0.0,0,22,0,0,0
exploration_useful,easy,4024,9,no_teacher,1,1,35,10.82,405.7112,,0.0,0,35,0,0,0
exploration_useful,easy,4024,0,always_help,0,0,55,-1.18,71.2696,,0.0,0,0,55,0,0
exploration_useful,easy,4024,1,always_help,0,0,55,-1.15,71.1867,,0.0,0,0,55,0,0
exploration_useful,easy,4024,2,always_help,0,0,55,-1.21,72.5704,,0.0,0,0,55,0,0
exploration_useful,easy,4024,3,always_help,0,0,55,-1.265,71.7293,,0.0,0,0,55,0,0
exploration_useful,easy,4024,4,always_help,1,1,52,10.8,77.3966,,0.0,0,0,52,0,0
exploration_useful,easy,4024,5,always_help,0,0,55,-1.16,68.3653,,0.0,0,0,55,0,0
exploration_useful,easy,4024,6,always_help,0,0,55,-1.15,66.5114,,0.0,0,0,55,0,0
exploration_useful,easy,4024,7,always_help,0,0,55,-1.34,73.2142,,0.0,0,0,55,0,0
exploration_useful,easy,4024,8,always_help,0,0,55,-1.18,71.7152,,0.0,0,0,55,0,0
exploration_useful,easy,4024,9,always_help,0,0,55,-1.18,71.9999,,0.0,0,0,55,0,0
exploration_useful,easy,4024,0,oracle,1,1,22,10.725,105.1327,,0.0,0,0,22,0,0
exploration_useful,easy,4024,1,oracle,1,1,20,10.725,113.3746,,0.0,0,0,20,0,0
exploration_useful,easy,4024,2,oracle,1,1,24,10.82,96.7848,,0.0,0,0,24,0,0
exploration_useful,easy,4024,3,oracle,1,1,20,10.82,109.3361,,0.0,0,0,20,0,0
exploration_useful,easy,4024,4,oracle,1,1,20,10.8,110.1445,,0.0,0,0,20,0,0
exploration_useful,easy,4024,5,oracle,1,1,19,10.82,114.6152,,0.0,0,0,19,0,0
exploration_useful,easy,4024,6,oracle,1,1,23,10.65,101.4193,,0.0,0,0,23,0,0
exploration_useful,easy,4024,7,oracle,1,1,33,10.82,70.7231,,0.0,0,0,33,0,0
exploration_useful,easy,4024,8,oracle,1,1,29,10.76,84.749,,0.0,0,0,29,0,0
exploration_useful,easy,4024,9,oracle,1,1,20,10.745,108.4043,,0.0,0,0,20,0,0
exploration_useful,easy,4024,0,particle,1,1,19,10.595,680.2176,0.004516,0.0,19,19,0,0,0
exploration_useful,easy,4024,1,particle,1,1,18,10.82,710.7135,0.005879,0.0,18,18,0,0,0
exploration_useful,easy,4024,2,particle,1,1,29,10.705,522.1668,0.004891,0.0,29,29,0,0,0
exploration_useful,easy,4024,3,particle,1,1,18,10.745,580.4336,0.00331,0.0556,18,17,1,0,0
exploration_useful,easy,4024,4,particle,1,1,21,10.725,670.3331,0.005657,0.0,21,21,0,0,0
exploration_useful,easy,4024,5,particle,1,1,32,10.82,388.3451,0.00826,0.0312,32,31,1,0,0
exploration_useful,easy,4024,6,particle,1,1,22,10.82,586.2816,0.007066,0.0,22,22,0,0,0
exploration_useful,easy,4024,7,particle,1,1,20,10.82,544.2201,0.005068,0.05,20,19,1,0,0
exploration_useful,easy,4024,8,particle,1,1,23,10.82,581.4114,0.003027,0.0,23,23,0,0,0
exploration_useful,easy,4024,9,particle,1,1,23,10.8,525.5298,0.005481,0.0435,23,22,1,0,0
exploration_useful,easy,5024,0,no_teacher,1,1,18,10.82,710.5504,,0.0,0,18,0,0,0
exploration_useful,easy,5024,1,no_teacher,1,1,30,10.78,513.1094,,0.0,0,30,0,0,0
exploration_useful,easy,5024,2,no_teacher,1,1,20,10.745,655.7508,,0.0,0,20,0,0,0
exploration_useful,easy,5024,3,no_teacher,1,1,22,10.82,608.9572,,0.0,0,22,0,0,0
exploration_useful,easy,5024,4,no_teacher,1,1,21,10.65,656.4176,,0.0,0,21,0,0,0
exploration_useful,easy,5024,5,no_teacher,1,1,29,10.78,501.2861,,0.0,0,29,0,0,0
exploration_useful,easy,5024,6,no_teacher,1,1,22,10.82,611.1379,,0.0,0,22,0,0,0
exploration_useful,easy,5024,7,no_teacher,1,1,26,10.725,527.309,,0.0,0,26,0,0,0
exploration_useful,easy,5024,8,no_teacher,1,1,21,10.725,652.4825,,0.0,0,21,0,0,0
exploration_useful,easy,5024,9,no_teacher,1,1,23,10.725,609.672,,0.0,0,23,0,0,0
exploration_useful,easy,5024,0,always_help,0,0,55,-1.23,72.5648,,0.0,0,0,55,0,0
exploration_useful,easy,5024,1,always_help,0,0,55,-1.33,72.3423,,0.0,0,0,55,0,0
exploration_useful,easy,5024,2,always_help,1,1,32,10.82,111.6876,,0.0,0,0,32,0,0
exploration_useful,easy,5024,3,always_help,0,0,55,-1.24,73.1112,,0.0,0,0,55,0,0
exploration_useful,easy,5024,4,always_help,1,1,38,10.78,101.8115,,0.0,0,0,38,0,0
exploration_useful,easy,5024,5,always_help,0,0,55,-1.315,72.0137,,0.0,0,0,55,0,0
exploration_useful,easy,5024,6,always_help,0,0,55,-1.2,70.3975,,0.0,0,0,55,0,0
exploration_useful,easy,5024,7,always_help,0,0,55,-1.31,72.5547,,0.0,0,0,55,0,0
exploration_useful,easy,5024,8,always_help,0,0,55,-1.15,71.2529,,0.0,0,0,55,0,0
exploration_useful,easy,5024,9,always_help,0,0,55,-1.22,70.1533,,0.0,0,0,55,0,0
exploration_useful,easy,5024,0,oracle,1,1,21,10.82,103.9089,,0.0,0,0,21,0,0
exploration_useful,easy,5024,1,oracle,1,1,26,10.67,87.3968,,0.0,0,0,26,0,0
exploration_useful,easy,5024,2,oracle,1,1,24,10.8,99.2488,,0.0,0,0,24,0,0
exploration_useful,easy,5024,3,oracle,1,1,27,10.8,85.9227,,0.0,0,0,27,0,0
exploration_useful,easy,5024,4,oracle,1,1,25,10.65,90.4608,,0.0,0,0,25,0,0
exploration_useful,easy,5024,5,oracle,1,1,18,10.82,117.8337,,0.0,0,0,18,0,0
exploration_useful,easy,5024,6,oracle,1,1,30,10.8,81.2379,,0.0,0,0,30,0,0
exploration_useful,easy,5024,7,oracle,1,1,55,10.76,45.9002,,0.0,0,0,55,0,0
exploration_useful,easy,5024,8,oracle,1,1,20,10.67,108.4291,,0.0,0,0,20,0,0
exploration_useful,easy,5024,9,oracle,1,1,49,10.76,50.6867,,0.0,0,0,49,0,0
exploration_useful,easy,5024,0,particle,1,1,21,10.725,660.3394,0.004362,0.0,21,21,0,0,0
exploration_useful,easy,5024,1,particle,1,1,23,10.8,616.6101,0.004977,0.0,23,23,0,0,0
exploration_useful,easy,5024,2,particle,1,1,25,10.82,547.2763,0.003249,0.0,25,25,0,0,0
exploration_useful,easy,5024,3,particle,1,1,27,10.725,515.907,0.007439,0.0,27,27,0,0,0
exploration_useful,easy,5024,4,particle,1,1,22,10.82,603.1552,0.005025,0.0,22,22,0,0,0
exploration_useful,easy,5024,5,particle,1,1,28,10.78,473.7636,0.01171,0.0357,28,27,1,0,0
exploration_useful,easy,5024,6,particle,1,1,22,10.67,597.0349,0.004112,0.0,22,22,0,0,0
exploration_useful,easy,5024,7,particle,1,1,19,10.82,678.7493,0.006882,0.0,19,19,0,0,0
exploration_useful,easy,5024,8,particle,1,1,22,10.745,507.4521,0.008397,0.0455,22,21,1,0,0
exploration_useful,easy,5024,9,particle,1,1,22,10.82,609.0365,0.004285,0.0,22,22,0,0,0
exploration_useful,easy,6024,0,no_teacher,1,1,24,10.685,618.0519,,0.0,0,24,0,0,0
exploration_useful,easy,6024,1,no_teacher,1,1,27,10.725,526.5379,,0.0,0,27,0,0,0
exploration_useful,easy,6024,2,no_teacher,1,1,26,10.8,550.781,,0.0,0,26,0,0,0
exploration_useful,easy,6024,3,no_teacher,1,1,19,10.82,683.3345,,0.0,0,19,0,0,0
exploration_useful,easy,6024,4,no_teacher,1,1,20,10.8,669.8701,,0.0,0,20,0,0,0
exploration_useful,easy,6024,5,no_teacher,1,1,18,10.82,720.2844,,0.0,0,18,0,0,0
exploration_useful,easy,6024,6,no_teacher,1,1,19,10.82,683.1825,,0.0,0,19,0,0,0
exploration_useful,easy,6024,7,no_teacher,1,1,29,10.705,477.6579,,0.0,0,29,0,0,0
exploration_useful,easy,6024,8,no_teacher,1,1,19,10.67,678.7367,,0.0,0,19,0,0,0
exploration_useful,easy,6024,9,no_teacher,1,1,18,10.745,697.5894,,0.0,0,18,0,0,0
exploration_useful,easy,6024,0,always_help,0,0,55,-1.19,73.1093,,0.0,0,0,55,0,0
exploration_useful,easy,6024,1,always_help,0,0,55,-1.275,73.8847,,0.0,0,0,55,0,0
exploration_useful,easy,6024,2,always_help,1,1,55,10.78,73.853,,0.0,0,0,55,0,0
exploration_useful,easy,6024,3,always_help,1,1,49,10.78,82.5619,,0.0,0,0,49,0,0
exploration_useful,easy,6024,4,always_help,0,0,55,-1.2,68.9924,,0.0,0,0,55,0,0
exploration_useful,easy,6024,5,always_help,0,0,55,-1.2,73.6502,,0.0,0,0,55,0,0
exploration_useful,easy,6024,6,always_help,1,1,48,10.8,81.1271,,0.0,0,0,48,0,0
exploration_useful,easy,6024,7,always_help,0,0,55,-1.275,72.3979,,0.0,0,0,55,0,0
exploration_useful,easy,6024,8,always_help,0,0,55,-1.2,72.7169,,0.0,0,0,55,0,0
exploration_useful,easy,6024,9,always_help,0,0,55,-1.16,71.886,,0.0,0,0,55,0,0
exploration_useful,easy,6024,0,oracle,1,1,18,10.82,119.4751,,0.0,0,0,18,0,0
exploration_useful,easy,6024,1,oracle,1,1,27,10.61,89.5935,,0.0,0,0,27,0,0
exploration_useful,easy,6024,2,oracle,1,1,20,10.8,113.8503,,0.0,0,0,20,0,0
exploration_useful,easy,6024,3,oracle,1,1,21,10.8,105.3265,,0.0,0,0,21,0,0
exploration_useful,easy,6024,4,oracle,1,1,31,10.63,77.7193,,0.0,0,0,31,0,0
exploration_useful,easy,6024,5,oracle,1,1,31,10.665,81.7285,,0.0,0,0,31,0,0
exploration_useful,easy,6024,6,oracle,1,1,22,10.82,101.3542,,0.0,0,0,22,0,0
exploration_useful,easy,6024,7,oracle,1,1,27,10.705,90.9143,,0.0,0,0,27,0,0
exploration_useful,easy,6024,8,oracle,1,1,23,10.725,97.4223,,0.0,0,0,23,0,0
exploration_useful,easy,6024,9,oracle,1,1,22,10.82,100.6514,,0.0,0,0,22,0,0
exploration_useful,easy,6024,0,particle,1,1,22,10.82,618.7431,0.004405,0.0,22,22,0,0,0
exploration_useful,easy,6024,1,particle,1,1,28,10.61,522.0487,0.004629,0.0,28,28,0,0,0
exploration_useful,easy,6024,2,particle,1,1,19,10.745,678.6461,0.004708,0.0,19,19,0,0,0
exploration_useful,easy,6024,3,particle,1,1,18,10.82,712.1304,0.004673,0.0,18,18,0,0,0
exploration_useful,easy,6024,4,particle,1,1,31,10.76,430.1652,0.013958,0.0323,31,30,1,0,0
exploration_useful,easy,6024,5,particle,1,1,18,10.8,619.8226,0.004896,0.0,18,18,0,0,0
exploration_useful,easy,6024,6,particle,1,1,24,10.8,495.7867,0.003463,0.0417,24,23,1,0,0
exploration_useful,easy,6024,7,particle,1,1,25,10.82,537.5538,0.006405,0.0,25,25,0,0,0
exploration_useful,easy,6024,8,particle,1,1,21,10.8,533.8427,0.022422,0.0476,21,20,1,0,0
exploration_useful,easy,6024,9,particle,1,1,21,10.82,624.4696,0.004826,0.0,21,21,0,0,0
exploration_useful,easy,7024,0,no_teacher,1,1,29,10.78,524.2193,,0.0,0,29,0,0,0
exploration_useful,easy,7024,1,no_teacher,1,1,23,10.725,588.2082,,0.0,0,23,0,0,0
exploration_useful,easy,7024,2,no_teacher,1,1,21,10.82,620.3203,,0.0,0,21,0,0,0
exploration_useful,easy,7024,3,no_teacher,1,1,55,10.78,258.3252,,0.0,0,55,0,0,0
exploration_useful,easy,7024,4,no_teacher,1,1,18,10.82,709.8257,,0.0,0,18,0,0,0
exploration_useful,easy,7024,5,no_teacher,1,1,35,10.59,436.5103,,0.0,0,35,0,0,0
exploration_useful,easy,7024,6,no_teacher,1,1,19,10.745,680.7496,,0.0,0,19,0,0,0
exploration_useful,easy,7024,7,no_teacher,1,1,27,10.82,525.1457,,0.0,0,27,0,0,0
exploration_useful,easy,7024,8,no_teacher,1,1,24,10.78,605.0338,,0.0,0,24,0,0,0
exploration_useful,easy,7024,9,no_teacher,1,1,22,10.725,630.6788,,0.0,0,22,0,0,0
exploration_useful,easy,7024,0,always_help,0,0,55,-1.295,72.7841,,0.0,0,0,55,0,0
exploration_useful,easy,7024,1,always_help,1,1,50,10.685,80.0047,,0.0,0,0,50,0,0
exploration_useful,easy,7024,2,always_help,0,0,55,-1.23,70.4173,,0.0,0,0,55,0,0
exploration_useful,easy,7024,3,always_help,0,0,55,-1.18,73.0402,,0.0,0,0,55,0,0
exploration_useful,easy,7024,4,always_help,0,0,55,-1.19,70.0853,,0.0,0,0,55,0,0
exploration_useful,easy,7024,5,always_help,0,0,55,-1.215,68.2576,,0.0,0,0,55,0,0
exploration_useful,easy,7024,6,always_help,1,1,50,10.725,78.5921,,0.0,0,0,50,0,0
exploration_useful,easy,7024,7,always_help,0,0,55,-1.295,76.0641,,0.0,0,0,55,0,0
exploration_useful,easy,7024,8,always_help,0,0,55,-1.23,75.1011,,0.0,0,0,55,0,0
exploration_useful,easy,7024,9,always_help,0,0,55,-1.21,75.1685,,0.0,0,0,55,0,0
exploration_useful,easy,7024,0,oracle,1,1,21,10.8,106.7011,,0.0,0,0,21,0,0
exploration_useful,easy,7024,1,oracle,1,1,21,10.745,104.599,,0.0,0,0,21,0,0
exploration_useful,easy,7024,2,oracle,1,1,23,10.78,101.1391,,0.0,0,0,23,0,0
exploration_useful,easy,7024,3,oracle,1,1,18,10.82,119.5768,,0.0,0,0,18,0,0
exploration_useful,easy,7024,4,oracle,1,1,34,10.705,76.4672,,0.0,0,0,34,0,0
exploration_useful,easy,7024,5,oracle,1,1,21,10.8,109.8713,,0.0,0,0,21,0,0
exploration_useful,easy,7024,6,oracle,1,1,21,10.745,104.9814,,0.0,0,0,21,0,0
exploration_useful,easy,7024,7,oracle,1,1,22,10.725,101.6066,,0.0,0,0,22,0,0
exploration_useful,easy,7024,8,oracle,1,1,26,10.8,82.8778,,0.0,0,0,26,0,0
exploration_useful,easy,7024,9,oracle,1,1,24,10.82,92.7936,,0.0,0,0,24,0,0
exploration_useful,easy,7024,0,particle,1,1,23,10.725,613.0223,0.006115,0.0,23,23,0,0,0
exploration_useful,easy,7024,1,particle,1,1,19,10.82,683.3308,0.00487,0.0,19,19,0,0,0
exploration_useful,easy,7024,2,particle,1,1,29,10.67,478.631,0.006321,0.0,29,29,0,0,0
exploration_useful,easy,7024,3,particle,1,1,22,10.8,519.2097,0.025287,0.0455,22,21,1,0,0
exploration_useful,easy,7024,4,particle,1,1,23,10.82,573.7581,0.004192,0.0,23,23,0,0,0
exploration_useful,easy,7024,5,particle,1,1,20,10.8,573.8388,0.007995,0.05,20,19,1,0,0
exploration_useful,easy,7024,6,particle,1,1,19,10.82,563.0026,0.003734,0.0526,19,18,1,0,0
exploration_useful,easy,7024,7,particle,1,1,23,10.78,525.0671,0.007485,0.0435,23,22,1,0,0
exploration_useful,easy,7024,8,particle,1,1,21,10.8,633.3581,0.00782,0.0,21,21,0,0,0
exploration_useful,easy,7024,9,particle,1,1,20,10.725,672.6681,0.004875,0.0,20,20,0,0,0
exploration_useful,medium,3024,0,no_teacher,1,1,29,10.76,580.5016,,0.0,0,29,0,0,0
exploration_useful,medium,3024,1,no_teacher,1,1,37,10.76,506.9415,,0.0,0,37,0,0,0
exploration_useful,medium,3024,2,no_teacher,1,1,21,10.7,770.8528,,0.0,0,21,0,0,0
exploration_useful,medium,3024,3,no_teacher,1,1,25,10.72,636.4518,,0.0,0,25,0,0,0
exploration_useful,medium,3024,4,no_teacher,1,1,21,10.8,759.0028,,0.0,0,21,0,0,0
exploration_useful,medium,3024,5,no_teacher,0,0,50,-1.31,340.8755,,0.0,0,50,0,0,0
exploration_useful,medium,3024,6,no_teacher,1,1,25,10.8,640.2018,,0.0,0,25,0,0,0
exploration_useful,medium,3024,7,no_teacher,1,1,29,10.6,591.2082,,0.0,0,29,0,0,0
exploration_useful,medium,3024,8,no_teacher,1,1,34,10.72,536.4016,,0.0,0,34,0,0,0
exploration_useful,medium,3024,9,no_teacher,1,1,30,10.7,570.5888,,0.0,0,30,0,0,0
exploration_useful,medium,3024,0,always_help,0,0,50,-1.3,94.1641,,0.0,0,0,50,0,0
exploration_useful,medium,3024,1,always_help,0,0,50,-1.18,94.6132,,0.0,0,0,50,0,0
exploration_useful,medium,3024,2,always_help,0,0,50,-1.14,90.6693,,0.0,0,0,50,0,0
exploration_useful,medium,3024,3,always_help,0,0,50,-1.2,92.9003,,0.0,0,0,50,0,0
exploration_useful,medium,3024,4,always_help,0,0,50,-1.17,91.4897,,0.0,0,0,50,0,0
exploration_useful,medium,3024,5,always_help,0,0,50,-1.29,97.092,,0.0,0,0,50,0,0
exploration_useful,medium,3024,6,always_help,0,0,50,-1.37,93.3117,,0.0,0,0,50,0,0
exploration_useful,medium,3024,7,always_help,0,0,50,-1.2,96.9327,,0.0,0,0,50,0,0
exploration_useful,medium,3024,8,always_help,0,0,50,-1.27,92.2837,,0.0,0,0,50,0,0
exploration_useful,medium,3024,9,always_help,0,0,50,-1.18,94.2759,,0.0,0,0,50,0,0
exploration_useful,medium,3024,0,oracle,1,1,34,10.76,91.3895,,0.0,0,0,34,0,0
exploration_useful,medium,3024,1,oracle,1,1,20,10.82,123.7713,,0.0,0,0,20,0,0
exploration_useful,medium,3024,2,oracle,1,1,21,10.82,123.5257,,0.0,0,0,21,0,0
exploration_useful,medium,3024,3,oracle,1,1,26,10.82,101.5792,,0.0,0,0,26,0,0
exploration_useful,medium,3024,4,oracle,1,1,35,10.7,83.0734,,0.0,0,0,35,0,0
exploration_useful,medium,3024,5,oracle,1,1,24,10.82,109.5634,,0.0,0,0,24,0,0
exploration_useful,medium,3024,6,oracle,1,1,28,10.78,110.0091,,0.0,0,0,28,0,0
exploration_useful,medium,3024,7,oracle,1,1,23,10.58,121.5237,,0.0,0,0,23,0,0
exploration_useful,medium,3024,8,oracle,1,1,24,10.82,110.8816,,0.0,0,0,24,0,0
exploration_useful,medium,3024,9,oracle,1,1,18,10.82,141.3541,,0.0,0,0,18,0,0
exploration_useful,medium,3024,0,particle,1,1,33,10.78,495.2956,0.005038,0.0,33,33,0,0,0
exploration_useful,medium,3024,1,particle,1,1,26,10.7,570.646,0.032006,0.0385,26,25,1,0,0
exploration_useful,medium,3024,2,particle,1,1,29,10.8,584.9923,0.008967,0.0,29,29,0,0,0
exploration_useful,medium,3024,3,particle,1,1,26,10.82,617.4279,0.010517,0.0,26,26,0,0,0
exploration_useful,medium,3024,4,particle,1,1,26,10.72,607.7793,0.007692,0.0,26,26,0,0,0
exploration_useful,medium,3024,5,particle,1,1,22,10.82,725.3631,0.004957,0.0,22,22,0,0,0
exploration_useful,medium,3024,6,particle,1,1,31,10.82,547.0258,0.009248,0.0,31,31,0,0,0
exploration_useful,medium,3024,7,particle,1,1,40,10.68,421.7537,0.008473,0.0,40,40,0,0,0
exploration_useful,medium,3024,8,particle,1,1,30,10.82,498.2683,0.027916,0.0333,30,29,1,0,0
exploration_useful,medium,3024,9,particle,1,1,25,10.58,671.1382,0.00992,0.0,25,25,0,0,0
exploration_useful,medium,4024,0,no_teacher,1,1,39,10.58,445.6099,,0.0,0,39,0,0,0
exploration_useful,medium,4024,1,no_teacher,1,1,29,10.78,585.5648,,0.0,0,29,0,0,0
exploration_useful,medium,4024,2,no_teacher,1,1,19,10.72,810.1023,,0.0,0,19,0,0,0
exploration_useful,medium,4024,3,no_teacher,1,1,45,10.8,383.7227,,0.0,0,45,0,0,0
exploration_useful,medium,4024,4,no_teacher,1,1,22,10.8,746.8346,,0.0,0,22,0,0,0
exploration_useful,medium,4024,5,no_teacher,1,1,19,10.82,791.0937,,0.0,0,19,0,0,0
exploration_useful,medium,4024,6,no_teacher,1,1,27,10.8,640.1975,,0.0,0,27,0,0,0
exploration_useful,medium,4024,7,no_teacher,1,1,41,10.64,475.6155,,0.0,0,41,0,0,0
exploration_useful,medium,4024,8,no_teacher,0,0,50,-1.22,356.4017,,0.0,0,50,0,0,0
exploration_useful,medium,4024,9,no_teacher,1,1,21,10.82,740.6673,,0.0,0,21,0,0,0
exploration_useful,medium,4024,0,always_help,0,0,50,-1.21,92.4484,,0.0,0,0,50,0,0
exploration_useful,medium,4024,1,always_help,0,0,50,-1.32,98.3705,,0.0,0,0,50,0,0
exploration_useful,medium,4024,2,always_help,0,0,50,-1.16,91.8733,,0.0,0,0,50,0,0
exploration_useful,medium,4024,3,always_help,0,0,50,-1.33,91.8436,,0.0,0,0,50,0,0
exploration_useful,medium,4024,4,always_help,0,0,50,-1.2,94.4083,,0.0,0,0,50,0,0
exploration_useful,medium,4024,5,always_help,1,1,41,10.72,110.7448,,0.0,0,0,41,0,0
exploration_useful,medium,4024,6,always_help,0,0,50,-1.23,94.6528,,0.0,0,0,50,0,0
exploration_useful,medium,4024,7,always_help,0,0,50,-1.24,89.3858,,0.0,0,0,50,0,0
exploration_useful,medium,4024,8,always_help,0,0,50,-1.17,90.8541,,0.0,0,0,50,0,0
exploration_useful,medium,4024,9,always_help,0,0,50,-1.26,90.8282,,0.0,0,0,50,0,0
exploration_useful,medium,4024,0,oracle,1,1,32,10.74,100.4075,,0.0,0,0,32,0,0
exploration_useful,medium,4024,1,oracle,1,1,39,10.7,71.8871,,0.0,0,0,39,0,0
exploration_useful,medium,4024,2,oracle,1,1,40,10.76,74.0653,,0.0,0,0,40,0,0
exploration_useful,medium,4024,3,oracle,1,1,22,10.62,119.5411,,0.0,0,0,22,0,0
exploration_useful,medium,4024,4,oracle,1,1,25,10.72,107.9189,,0.0,0,0,25,0,0
exploration_useful,medium,4024,5,oracle,1,1,38,10.8,78.1428,,0.0,0,0,38,0,0
exploration_useful,medium,4024,6,oracle,1,1,24,10.82,108.05,,0.0,0,0,24,0,0
exploration_useful,medium,4024,7,oracle,1,1,21,10.8,127.4308,,0.0,0,0,21,0,0
exploration_useful,medium,4024,8,oracle,0,0,50,-2.14,29.6362,,0.0,0,0,50,0,0
exploration_useful,medium,4024,9,oracle,1,1,18,10.82,140.5568,,0.0,0,0,18,0,0
exploration_useful,medium,4024,0,particle,1,1,22,10.6,646.8987,0.035629,0.0455,22,21,1,0,0
exploration_useful,medium,4024,1,particle,1,1,26,10.82,563.3165,0.020712,0.0385,26,25,1,0,0
exploration_useful,medium,4024,2,particle,1,1,25,10.78,654.5989,0.00791,0.0,25,25,0,0,0
exploration_useful,medium,4024,3,particle,1,1,36,10.82,446.4308,0.009874,0.0278,36,35,1,0,0
exploration_useful,medium,4024,4,particle,1,1,33,10.8,521.8016,0.011096,0.0,33,33,0,0,0
exploration_useful,medium,4024,5,particle,1,1,48,10.78,346.49,0.013249,0.0208,48,47,1,0,0
exploration_useful,medium,4024,6,particle,1,1,24,10.8,683.4072,0.009394,0.0,24,24,0,0,0
exploration_useful,medium,4024,7,particle,1,1,28,10.82,574.8386,0.008745,0.0,28,28,0,0,0
exploration_useful,medium,4024,8,particle,1,1,34,10.78,505.4524,0.007313,0.0,34,34,0,0,0
exploration_useful,medium,4024,9,particle,1,1,24,10.8,721.4255,0.013517,0.0,24,24,0,0,0
exploration_useful,medium,5024,0,no_teacher,1,1,23,10.82,704.4837,,0.0,0,23,0,0,0
exploration_useful,medium,5024,1,no_teacher,1,1,21,10.7,745.7776,,0.0,0,21,0,0,0
exploration_useful,medium,5024,2,no_teacher,1,1,26,10.7,669.8769,,0.0,0,26,0,0,0
exploration_useful,medium,5024,3,no_teacher,1,1,40,10.8,431.3836,,0.0,0,40,0,0,0
exploration_useful,medium,5024,4,no_teacher,1,1,26,10.68,677.1353,,0.0,0,26,0,0,0
exploration_useful,medium,5024,5,no_teacher,1,1,20,10.8,756.1603,,0.0,0,20,0,0,0
exploration_useful,medium,5024,6,no_teacher,1,1,25,10.7,651.0858,,0.0,0,25,0,0,0
exploration_useful,medium,5024,7,no_teacher,1,1,18,10.72,844.2808,,0.0,0,18,0,0,0
exploration_useful,medium,5024,8,no_teacher,1,1,43,10.82,390.6349,,0.0,0,43,0,0,0
exploration_useful,medium,5024,9,no_teacher,1,1,22,10.8,740.8947,,0.0,0,22,0,0,0
exploration_useful,medium,5024,0,always_help,0,0,50,-1.21,92.8755,,0.0,0,0,50,0,0
exploration_useful,medium,5024,1,always_help,0,0,50,-1.19,92.727,,0.0,0,0,50,0,0
exploration_useful,medium,5024,2,always_help,0,0,50,-1.21,93.6699,,0.0,0,0,50,0,0
exploration_useful,medium,5024,3,always_help,0,0,50,-1.18,94.9723,,0.0,0,0,50,0,0
exploration_useful,medium,5024,4,always_help,0,0,50,-1.16,91.0745,,0.0,0,0,50,0,0
exploration_useful,medium,5024,5,always_help,0,0,50,-1.21,95.4442,,0.0,0,0,50,0,0
exploration_useful,medium,5024,6,always_help,0,0,50,-1.37,94.8091,,0.0,0,0,50,0,0
exploration_useful,medium,5024,7,always_help,1,1,40,10.58,116.6641,,0.0,0,0,40,0,0
exploration_useful,medium,5024,8,always_help,1,1,44,10.62,106.0795,,0.0,0,0,44,0,0
exploration_useful,medium,5024,9,always_help,0,0,50,-1.31,99.3444,,0.0,0,0,50,0,0
exploration_useful,medium,5024,0,oracle,1,1,31,10.7,90.9298,,0.0,0,0,31,0,0
exploration_useful,medium,5024,1,oracle,1,1,33,10.54,94.5186,,0.0,0,0,33,0,0
exploration_useful,medium,5024,2,oracle,0,0,50,-2.24,49.0297,,0.0,0,0,50,0,0
exploration_useful,medium,5024,3,oracle,1,1,23,10.7,114.883,,0.0,0,0,23,0,0
exploration_useful,medium,5024,4,oracle,1,1,19,10.82,131.6572,,0.0,0,0,19,0,0
exploration_useful,medium,5024,5,oracle,1,1,19,10.82,135.9195,,0.0,0,0,19,0,0
exploration_useful,medium,5024,6,oracle,1,1,23,10.82,113.6927,,0.0,0,0,23,0,0
exploration_useful,medium,5024,7,oracle,1,1,23,10.8,115.4155,,0.0,0,0,23,0,0
exploration_useful,medium,5024,8,oracle,1,1,22,10.72,119.8887,,0.0,0,0,22,0,0
exploration_useful,medium,5024,9,oracle,1,1,29,10.68,99.7955,,0.0,0,0,29,0,0
exploration_useful,medium,5024,0,particle,1,1,21,10.6,745.6529,0.009006,0.0,21,21,0,0,0
exploration_useful,medium,5024,1,particle,1,1,26,10.82,541.6663,0.044484,0.0385,26,25,1,0,0
exploration_useful,medium,5024,2,particle,1,1,26,10.66,604.2951,0.009264,0.0385,26,25,1,0,0
exploration_useful,medium,5024,3,particle,1,1,23,10.8,691.2636,0.007398,0.0,23,23,0,0,0
exploration_useful,medium,5024,4,particle,1,1,23,10.8,713.9061,0.011332,0.0,23,23,0,0,0
exploration_useful,medium,5024,5,particle,1,1,21,10.6,760.0076,0.006376,0.0,21,21,0,0,0
exploration_useful,medium,5024,6,particle,1,1,42,10.76,443.0687,0.007983,0.0238,42,41,1,0,0
exploration_useful,medium,5024,7,particle,1,1,32,10.68,533.9723,0.007039,0.0,32,32,0,0,0
exploration_useful,medium,5024,8,particle,1,1,21,10.8,746.5772,0.009446,0.0,21,21,0,0,0
exploration_useful,medium,5024,9,particle,1,1,23,10.72,699.8911,0.011481,0.0,23,23,0,0,0
exploration_useful,medium,6024,0,no_teacher,1,1,18,10.72,837.794,,0.0,0,18,0,0,0
exploration_useful,medium,6024,1,no_teacher,1,1,18,10.8,723.0376,,0.0,0,18,0,0,0
exploration_useful,medium,6024,2,no_teacher,1,1,38,10.8,486.3318,,0.0,0,38,0,0,0
exploration_useful,medium,6024,3,no_teacher,1,1,22,10.82,715.7316,,0.0,0,22,0,0,0
exploration_useful,medium,6024,4,no_teacher,1,1,39,10.58,448.5225,,0.0,0,39,0,0,0
exploration_useful,medium,6024,5,no_teacher,1,1,21,10.72,716.3701,,0.0,0,21,0,0,0
exploration_useful,medium,6024,6,no_teacher,1,1,27,10.8,641.3868,,0.0,0,27,0,0,0
exploration_useful,medium,6024,7,no_teacher,1,1,31,10.66,582.0868,,0.0,0,31,0,0,0
exploration_useful,medium,6024,8,no_teacher,1,1,22,10.72,704.7955,,0.0,0,22,0,0,0
exploration_useful,medium,6024,9,no_teacher,1,1,19,10.82,748.2695,,0.0,0,19,0,0,0
exploration_useful,medium,6024,0,always_help,0,0,50,-1.24,89.8507,,0.0,0,0,50,0,0
exploration_useful,medium,6024,1,always_help,0,0,50,-1.53,95.3069,,0.0,0,0,50,0,0
exploration_useful,medium,6024,2,always_help,0,0,50,-1.19,96.8462,,0.0,0,0,50,0,0
exploration_useful,medium,6024,3,always_help,0,0,50,-1.18,95.5118,,0.0,0,0,50,0,0
exploration_useful,medium,6024,4,always_help,0,0,50,-1.17,90.0261,,0.0,0,0,50,0,0
exploration_useful,medium,6024,5,always_help,0,0,50,-1.19,92.4444,,0.0,0,0,50,0,0
exploration_useful,medium,6024,6,always_help,0,0,50,-1.28,92.4238,,0.0,0,0,50,0,0
exploration_useful,medium,6024,7,always_help,0,0,50,-1.21,93.195,,0.0,0,0,50,0,0
exploration_useful,medium,6024,8,always_help,0,0,50,-1.15,91.084,,0.0,0,0,50,0,0
exploration_useful,medium,6024,9,always_help,0,0,50,-1.19,94.6301,,0.0,0,0,50,0,0
exploration_useful,medium,6024,0,oracle,1,1,39,10.66,73.7006,,0.0,0,0,39,0,0
exploration_useful,medium,6024,1,oracle,1,1,18,10.72,141.1968,,0.0,0,0,18,0,0
exploration_useful,medium,6024,2,oracle,1,1,35,10.7,84.5459,,0.0,0,0,35,0,0
exploration_useful,medium,6024,3,oracle,1,1,20,10.7,131.3319,,0.0,0,0,20,0,0
exploration_useful,medium,6024,4,oracle,1,1,23,10.78,124.4471,,0.0,0,0,23,0,0
exploration_useful,medium,6024,5,oracle,1,1,18,10.82,140.5568,,0.0,0,0,18,0,0
exploration_useful,medium,6024,6,oracle,1,1,19,10.82,134.1611,,0.0,0,0,19,0,0
exploration_useful,medium,6024,7,oracle,1,1,33,10.78,89.1171,,0.0,0,0,33,0,0
exploration_useful,medium,6024,8,oracle,1,1,30,10.78,93.9187,,0.0,0,0,30,0,0
exploration_useful,medium,6024,9,oracle,1,1,28,10.76,103.0477,,0.0,0,0,28,0,0
exploration_useful,medium,6024,0,particle,1,1,31,10.66,569.3958,0.012297,0.0,31,31,0,0,0
exploration_useful,medium,6024,1,particle,0,0,50,-2.2,200.172,0.009672,0.0,50,50,0,0,0
exploration_useful,medium,6024,2,particle,1,1,24,10.82,648.5679,0.008158,0.0,24,24,0,0,0
exploration_useful,medium,6024,3,particle,1,1,26,10.82,550.7762,0.00621,0.0385,26,25,1,0,0
exploration_useful,medium,6024,4,particle,1,1,19,10.82,809.5556,0.011107,0.0,19,19,0,0,0
exploration_useful,medium,6024,5,particle,1,1,18,10.82,837.5452,0.010174,0.0,18,18,0,0,0
exploration_useful,medium,6024,6,particle,1,1,32,10.56,530.273,0.00957,0.0,32,32,0,0,0
exploration_useful,medium,6024,7,particle,1,1,23,10.82,601.8329,0.01521,0.0435,23,22,1,0,0
exploration_useful,medium,6024,8,particle,1,1,31,10.58,495.3966,0.015927,0.0323,31,30,1,0,0
exploration_useful,medium,6024,9,particle,1,1,23,10.82,683.7111,0.012167,0.0,23,23,0,0,0
exploration_useful,medium,7024,0,no_teacher,1,1,23,10.78,710.535,,0.0,0,23,0,0,0
exploration_useful,medium,7024,1,no_teacher,1,1,23,10.7,700.0717,,0.0,0,23,0,0,0
exploration_useful,medium,7024,2,no_teacher,1,1,18,10.82,843.3369,,0.0,0,18,0,0,0
exploration_useful,medium,7024,3,no_teacher,1,1,24,10.82,656.631,,0.0,0,24,0,0,0
exploration_useful,medium,7024,4,no_teacher,1,1,34,10.78,515.5226,,0.0,0,34,0,0,0
exploration_useful,medium,7024,5,no_teacher,1,1,34,10.6,489.857,,0.0,0,34,0,0,0
exploration_useful,medium,7024,6,no_teacher,1,1,26,10.8,625.3859,,0.0,0,26,0,0,0
exploration_useful,medium,7024,7,no_teacher,1,1,26,10.82,631.2216,,0.0,0,26,0,0,0
exploration_useful,medium,7024,8,no_teacher,1,1,40,10.76,423.2304,,0.0,0,40,0,0,0
exploration_useful,medium,7024,9,no_teacher,1,1,47,10.78,323.908,,0.0,0,47,0,0,0
exploration_useful,medium,7024,0,always_help,1,1,30,10.82,141.6724,,0.0,0,0,30,0,0
exploration_useful,medium,7024,1,always_help,0,0,50,-1.17,94.1927,,0.0,0,0,50,0,0
exploration_useful,medium,7024,2,always_help,0,0,50,-1.16,92.0166,,0.0,0,0,50,0,0
exploration_useful,medium,7024,3,always_help,0,0,50,-1.27,93.2635,,0.0,0,0,50,0,0
exploration_useful,medium,7024,4,always_help,0,0,50,-1.18,93.6349,,0.0,0,0,50,0,0
exploration_useful,medium,7024,5,always_help,0,0,50,-1.26,93.1755,,0.0,0,0,50,0,0
exploration_useful,medium,7024,6,always_help,0,0,50,-1.19,93.6069,,0.0,0,0,50,0,0
exploration_useful,medium,7024,7,always_help,1,1,47,10.7,101.0578,,0.0,0,0,47,0,0
exploration_useful,medium,7024,8,always_help,0,0,50,-1.18,91.8653,,0.0,0,0,50,0,0
exploration_useful,medium,7024,9,always_help,0,0,50,-1.17,92.5864,,0.0,0,0,50,0,0
exploration_useful,medium,7024,0,oracle,1,1,20,10.72,129.6816,,0.0,0,0,20,0,0
exploration_useful,medium,7024,1,oracle,1,1,25,10.82,105.937,,0.0,0,0,25,0,0
exploration_useful,medium,7024,2,oracle,1,1,23,10.72,115.2478,,0.0,0,0,23,0,0
exploration_useful,medium,7024,3,oracle,1,1,21,10.8,130.8387,,0.0,0,0,21,0,0
exploration_useful,medium,7024,4,oracle,1,1,27,10.8,106.0511,,0.0,0,0,27,0,0
exploration_useful,medium,7024,5,oracle,1,1,22,10.82,122.1619,,0.0,0,0,22,0,0
exploration_useful,medium,7024,6,oracle,1,1,47,10.76,60.0551,,0.0,0,0,47,0,0
exploration_useful,medium,7024,7,oracle,1,1,28,10.7,96.7643,,0.0,0,0,28,0,0
exploration_useful,medium,7024,8,oracle,1,1,25,10.8,102.9436,,0.0,0,0,25,0,0
exploration_useful,medium,7024,9,oracle,1,1,29,10.7,95.9524,,0.0,0,0,29,0,0
exploration_useful,medium,7024,0,particle,1,1,23,10.82,686.2506,0.008878,0.0,23,23,0,0,0
exploration_useful,medium,7024,1,particle,1,1,21,10.7,777.5807,0.011305,0.0,21,21,0,0,0
exploration_useful,medium,7024,2,particle,1,1,21,10.82,753.3097,0.006772,0.0,21,21,0,0,0
exploration_useful,medium,7024,3,particle,1,1,34,10.74,471.8405,0.00765,0.0,34,34,0,0,0
exploration_useful,medium,7024,4,particle,1,1,35,10.78,521.5007,0.014807,0.0,35,35,0,0,0
exploration_useful,medium,7024,5,particle,1,1,23,10.7,717.557,0.011412,0.0,23,23,0,0,0
exploration_useful,medium,7024,6,particle,1,1,30,10.76,618.5168,0.008672,0.0,30,30,0,0,0
exploration_useful,medium,7024,7,particle,1,1,26,10.72,615.629,0.007874,0.0,26,26,0,0,0
exploration_useful,medium,7024,8,particle,1,1,30,10.8,495.9924,0.035246,0.0333,30,29,1,0,0
exploration_useful,medium,7024,9,particle,1,1,26,10.82,539.7206,0.038444,0.0385,26,25,1,0,0
exploration_useful,hard,3024,0,no_teacher,1,1,23,10.8,791.1973,,0.0,0,23,0,0,0
exploration_useful,hard,3024,1,no_teacher,1,1,27,10.8,725.7729,,0.0,0,27,0,0,0
exploration_useful,hard,3024,2,no_teacher,1,1,34,10.55,588.6636,,0.0,0,34,0,0,0
exploration_useful,hard,3024,3,no_teacher,1,1,22,10.695,819.4974,,0.0,0,22,0,0,0
exploration_useful,hard,3024,4,no_teacher,1,1,30,10.675,665.8299,,0.0,0,30,0,0,0
exploration_useful,hard,3024,5,no_teacher,1,1,26,10.675,703.7718,,0.0,0,26,0,0,0
exploration_useful,hard,3024,6,no_teacher,1,1,43,10.78,477.9085,,0.0,0,43,0,0,0
exploration_useful,hard,3024,7,no_teacher,1,1,19,10.695,933.1159,,0.0,0,19,0,0,0
exploration_useful,hard,3024,8,no_teacher,1,1,26,10.82,711.3026,,0.0,0,26,0,0,0
exploration_useful,hard,3024,9,no_teacher,0,0,45,-1.26,432.2507,,0.0,0,45,0,0,0
exploration_useful,hard,3024,0,always_help,0,0,45,-1.295,124.2083,,0.0,0,0,45,0,0
exploration_useful,hard,3024,1,always_help,0,0,45,-1.22,124.1364,,0.0,0,0,45,0,0
exploration_useful,hard,3024,2,always_help,0,0,45,-1.335,123.1119,,0.0,0,0,45,0,0
exploration_useful,hard,3024,3,always_help,0,0,45,-1.315,120.7997,,0.0,0,0,45,0,0
exploration_useful,hard,3024,4,always_help,1,1,43,10.655,132.1027,,0.0,0,0,43,0,0
exploration_useful,hard,3024,5,always_help,0,0,45,-1.19,126.9872,,0.0,0,0,45,0,0
exploration_useful,hard,3024,6,always_help,0,0,45,-1.285,126.7842,,0.0,0,0,45,0,0
exploration_useful,hard,3024,7,always_help,1,1,40,10.82,135.6915,,0.0,0,0,40,0,0
exploration_useful,hard,3024,8,always_help,1,1,36,10.675,145.8554,,0.0,0,0,36,0,0
exploration_useful,hard,3024,9,always_help,0,0,45,-1.17,123.2559,,0.0,0,0,45,0,0
exploration_useful,hard,3024,0,oracle,1,1,22,10.82,136.0232,,0.0,0,0,22,0,0
exploration_useful,hard,3024,1,oracle,1,1,23,10.82,134.2782,,0.0,0,0,23,0,0
exploration_useful,hard,3024,2,oracle,1,1,40,10.55,85.9997,,0.0,0,0,40,0,0
exploration_useful,hard,3024,3,oracle,1,1,37,10.82,83.1252,,0.0,0,0,37,0,0
exploration_useful,hard,3024,4,oracle,0,0,7,-5.445,155.6856,,0.0,0,0,7,0,0
exploration_useful,hard,3024,5,oracle,1,1,28,10.82,113.859,,0.0,0,0,28,0,0
exploration_useful,hard,3024,6,oracle,1,1,30,10.635,111.6956,,0.0,0,0,30,0,0
exploration_useful,hard,3024,7,oracle,1,1,25,10.675,125.714,,0.0,0,0,25,0,0
exploration_useful,hard,3024,8,oracle,1,1,22,10.655,150.4898,,0.0,0,0,22,0,0
exploration_useful,hard,3024,9,oracle,1,1,19,10.695,155.5909,,0.0,0,0,19,0,0
exploration_useful,hard,3024,0,particle,1,1,21,10.675,911.5925,0.010571,0.0,21,21,0,0,0
exploration_useful,hard,3024,1,particle,1,1,36,10.82,530.704,0.016207,0.0,36,36,0,0,0
exploration_useful,hard,3024,2,particle,1,1,25,10.82,675.2444,0.020595,0.04,25,24,1,0,0
exploration_useful,hard,3024,3,particle,0,0,45,-1.21,462.4506,0.014798,0.0,45,45,0,0,0
exploration_useful,hard,3024,4,particle,0,0,45,-1.345,477.6811,0.01279,0.0,45,45,0,0,0
exploration_useful,hard,3024,5,particle,1,1,19,10.695,944.6095,0.015114,0.0,19,19,0,0,0
exploration_useful,hard,3024,6,particle,0,0,45,-1.21,459.6165,0.014601,0.0,45,45,0,0,0
exploration_useful,hard,3024,7,particle,1,1,42,10.78,460.6446,0.015894,0.0238,42,41,1,0,0
exploration_useful,hard,3024,8,particle,1,1,35,10.655,566.0361,0.017796,0.0,35,35,0,0,0
exploration_useful,hard,3024,9,particle,0,0,10,-5.475,805.1822,0.005281,0.0,10,10,0,0,0
exploration_useful,hard,4024,0,no_teacher,1,1,25,10.76,722.3183,,0.0,0,25,0,0,0
exploration_useful,hard,4024,1,no_teacher,1,1,25,10.82,743.5705,,0.0,0,25,0,0,0
exploration_useful,hard,4024,2,no_teacher,0,0,45,-1.355,489.5142,,0.0,0,45,0,0,0
exploration_useful,hard,4024,3,no_teacher,1,1,37,10.78,564.4894,,0.0,0,37,0,0,0
exploration_useful,hard,4024,4,no_teacher,0,0,8,-5.455,937.7233,,0.0,0,8,0,0,0
exploration_useful,hard,4024,5,no_teacher,1,1,24,10.675,820.674,,0.0,0,24,0,0,0
exploration_useful,hard,4024,6,no_teacher,1,1,26,10.675,790.1311,,0.0,0,26,0,0,0
exploration_useful,hard,4024,7,no_teacher,1,1,26,10.675,742.7268,,0.0,0,26,0,0,0
exploration_useful,hard,4024,8,no_teacher,1,1,42,10.655,485.8926,,0.0,0,42,0,0,0
exploration_useful,hard,4024,9,no_teacher,1,1,22,10.82,834.6919,,0.0,0,22,0,0,0
exploration_useful,hard,4024,0,always_help,0,0,45,-1.17,117.5222,,0.0,0,0,45,0,0
exploration_useful,hard,4024,1,always_help,0,0,45,-1.21,120.4605,,0.0,0,0,45,0,0
exploration_useful,hard,4024,2,always_help,0,0,45,-1.13,120.0307,,0.0,0,0,45,0,0
exploration_useful,hard,4024,3,always_help,0,0,45,-1.295,117.955,,0.0,0,0,45,0,0
exploration_useful,hard,4024,4,always_help,0,0,45,-1.325,129.7937,,0.0,0,0,45,0,0
exploration_useful,hard,4024,5,always_help,0,0,45,-1.21,123.7554,,0.0,0,0,45,0,0
exploration_useful,hard,4024,6,always_help,0,0,45,-1.45,126.4881,,0.0,0,0,45,0,0
exploration_useful,hard,4024,7,always_help,0,0,45,-1.285,121.5127,,0.0,0,0,45,0,0
exploration_useful,hard,4024,8,always_help,0,0,45,-1.21,126.7665,,0.0,0,0,45,0,0
exploration_useful,hard,4024,9,always_help,0,0,45,-1.275,116.9057,,0.0,0,0,45,0,0
exploration_useful,hard,4024,0,oracle,1,1,31,10.655,107.8717,,0.0,0,0,31,0,0
exploration_useful,hard,4024,1,oracle,1,1,28,10.695,111.5992,,0.0,0,0,28,0,0
exploration_useful,hard,4024,2,oracle,1,1,44,10.8,79.2778,,0.0,0,0,44,0,0
exploration_useful,hard,4024,3,oracle,1,1,36,10.655,94.8221,,0.0,0,0,36,0,0
exploration_useful,hard,4024,4,oracle,1,1,25,10.55,126.0705,,0.0,0,0,25,0,0
exploration_useful,hard,4024,5,oracle,1,1,23,10.82,132.1805,,0.0,0,0,23,0,0
exploration_useful,hard,4024,6,oracle,1,1,30,10.82,102.6489,,0.0,0,0,30,0,0
exploration_useful,hard,4024,7,oracle,1,1,22,10.53,147.5562,,0.0,0,0,22,0,0
exploration_useful,hard,4024,8,oracle,1,1,42,10.82,76.843,,0.0,0,0,42,0,0
exploration_useful,hard,4024,9,oracle,1,1,25,10.53,140.9592,,0.0,0,0,25,0,0
exploration_useful,hard,4024,0,particle,1,1,27,10.675,748.0643,0.013923,0.0,27,27,0,0,0
exploration_useful,hard,4024,1,particle,1,1,21,10.8,891.0995,0.017518,0.0,21,21,0,0,0
exploration_useful,hard,4024,2,particle,1,1,20,10.82,880.0082,0.009937,0.0,20,20,0,0,0
exploration_useful,hard,4024,3,particle,1,1,32,10.78,634.5933,0.011155,0.0,32,32,0,0,0
exploration_useful,hard,4024,4,particle,1,1,24,10.675,794.2508,0.012173,0.0,24,24,0,0,0
exploration_useful,hard,4024,5,particle,1,1,19,10.695,939.3943,0.011828,0.0,19,19,0,0,0
exploration_useful,hard,4024,6,particle,1,1,23,10.82,808.3908,0.010459,0.0,23,23,0,0,0
exploration_useful,hard,4024,7,particle,1,1,22,10.82,832.6555,0.010366,0.0,22,22,0,0,0
exploration_useful,hard,4024,8,particle,1,1,27,10.675,760.8589,0.01532,0.0,27,27,0,0,0
exploration_useful,hard,4024,9,particle,1,1,24,10.82,789.3314,0.007149,0.0,24,24,0,0,0
exploration_useful,hard,5024,0,no_teacher,1,1,39,10.55,507.9282,,0.0,0,39,0,0,0
exploration_useful,hard,5024,1,no_teacher,1,1,33,10.82,555.893,,0.0,0,33,0,0,0
exploration_useful,hard,5024,2,no_teacher,1,1,27,10.695,692.7629,,0.0,0,27,0,0,0
exploration_useful,hard,5024,3,no_teacher,1,1,30,10.78,665.2258,,0.0,0,30,0,0,0
exploration_useful,hard,5024,4,no_teacher,1,1,41,10.76,512.4176,,0.0,0,41,0,0,0
exploration_useful,hard,5024,5,no_teacher,1,1,23,10.8,840.4473,,0.0,0,23,0,0,0
exploration_useful,hard,5024,6,no_teacher,1,1,27,10.82,695.5963,,0.0,0,27,0,0,0
exploration_useful,hard,5024,7,no_teacher,1,1,31,10.675,681.8776,,0.0,0,31,0,0,0
exploration_useful,hard,5024,8,no_teacher,1,1,29,10.8,672.3795,,0.0,0,29,0,0,0
exploration_useful,hard,5024,9,no_teacher,1,1,30,10.74,681.7677,,0.0,0,30,0,0,0
exploration_useful,hard,5024,0,always_help,0,0,45,-1.275,117.8391,,0.0,0,0,45,0,0
exploration_useful,hard,5024,1,always_help,0,0,45,-1.355,126.5979,,0.0,0,0,45,0,0
exploration_useful,hard,5024,2,always_help,0,0,45,-1.45,126.1973,,0.0,0,0,45,0,0
exploration_useful,hard,5024,3,always_help,1,1,34,10.57,155.8303,,0.0,0,0,34,0,0
exploration_useful,hard,5024,4,always_help,0,0,45,-1.345,123.2275,,0.0,0,0,45,0,0
exploration_useful,hard,5024,5,always_help,0,0,45,-1.18,120.6155,,0.0,0,0,45,0,0
exploration_useful,hard,5024,6,always_help,0,0,45,-1.19,121.9213,,0.0,0,0,45,0,0
exploration_useful,hard,5024,7,always_help,0,0,45,-1.17,122.7457,,0.0,0,0,45,0,0
exploration_useful,hard,5024,8,always_help,0,0,45,-1.42,122.8441,,0.0,0,0,45,0,0
exploration_useful,hard,5024,9,always_help,1,1,45,10.675,123.2277,,0.0,0,0,45,0,0
exploration_useful,hard,5024,0,oracle,1,1,23,10.82,132.2568,,0.0,0,0,23,0,0
exploration_useful,hard,5024,1,oracle,1,1,21,10.695,146.0269,,0.0,0,0,21,0,0
exploration_useful,hard,5024,2,oracle,1,1,27,10.675,128.0879,,0.0,0,0,27,0,0
exploration_useful,hard,5024,3,oracle,1,1,30,10.76,116.4734,,0.0,0,0,30,0,0
exploration_useful,hard,5024,4,oracle,1,1,33,10.78,99.3253,,0.0,0,0,33,0,0
exploration_useful,hard,5024,5,oracle,1,1,29,10.675,109.8245,,0.0,0,0,29,0,0
exploration_useful,hard,5024,6,oracle,1,1,42,10.76,84.9018,,0.0,0,0,42,0,0
exploration_useful,hard,5024,7,oracle,1,1,33,10.78,109.3044,,0.0,0,0,33,0,0
exploration_useful,hard,5024,8,oracle,1,1,37,10.53,90.0361,,0.0,0,0,37,0,0
exploration_useful,hard,5024,9,oracle,1,1,27,10.78,111.2493,,0.0,0,0,27,0,0
exploration_useful,hard,5024,0,particle,1,1,28,10.78,688.3222,0.044149,0.0357,28,27,1,0,0
exploration_useful,hard,5024,1,particle,1,1,29,10.675,713.1411,0.014933,0.0,29,29,0,0,0
exploration_useful,hard,5024,2,particle,1,1,42,10.655,494.7452,0.013487,0.0,42,42,0,0,0
exploration_useful,hard,5024,3,particle,0,0,45,-2.4,385.2759,0.010131,0.0,45,45,0,0,0
exploration_useful,hard,5024,4,particle,1,1,24,10.8,700.3172,0.026332,0.0417,24,23,1,0,0
exploration_useful,hard,5024,5,particle,1,1,35,10.595,612.1719,0.015752,0.0,35,35,0,0,0
exploration_useful,hard,5024,6,particle,0,0,45,-1.21,439.0496,0.005834,0.0,45,45,0,0,0
exploration_useful,hard,5024,7,particle,1,1,31,10.76,620.3145,0.009518,0.0,31,31,0,0,0
exploration_useful,hard,5024,8,particle,1,1,39,10.675,502.7145,0.019302,0.0,39,39,0,0,0
exploration_useful,hard,5024,9,particle,1,1,22,10.675,888.5747,0.011769,0.0,22,22,0,0,0
exploration_useful,hard,6024,0,no_teacher,1,1,37,10.51,573.5136,,0.0,0,37,0,0,0
exploration_useful,hard,6024,1,no_teacher,1,1,35,10.675,555.3887,,0.0,0,35,0,0,0
exploration_useful,hard,6024,2,no_teacher,1,1,22,10.82,827.1234,,0.0,0,22,0,0,0
exploration_useful,hard,6024,3,no_teacher,1,1,19,10.8,811.9948,,0.0,0,19,0,0,0
exploration_useful,hard,6024,4,no_teacher,1,1,27,10.78,692.1411,,0.0,0,27,0,0,0
exploration_useful,hard,6024,5,no_teacher,1,1,21,10.55,891.2469,,0.0,0,21,0,0,0
exploration_useful,hard,6024,6,no_teacher,1,1,24,10.8,787.2808,,0.0,0,24,0,0,0
exploration_useful,hard,6024,7,no_teacher,1,1,26,10.82,648.9315,,0.0,0,26,0,0,0
exploration_useful,hard,6024,8,no_teacher,1,1,29,10.655,698.7846,,0.0,0,29,0,0,0
exploration_useful,hard,6024,9,no_teacher,1,1,22,10.8,818.4647,,0.0,0,22,0,0,0
exploration_useful,hard,6024,0,always_help,0,0,45,-1.365,120.3936,,0.0,0,0,45,0,0
exploration_useful,hard,6024,1,always_help,0,0,45,-1.15,113.8242,,0.0,0,0,45,0,0
exploration_useful,hard,6024,2,always_help,0,0,45,-1.15,114.6026,,0.0,0,0,45,0,0
exploration_useful,hard,6024,3,always_help,0,0,45,-1.23,123.2735,,0.0,0,0,45,0,0
exploration_useful,hard,6024,4,always_help,0,0,45,-1.46,121.2037,,0.0,0,0,45,0,0
exploration_useful,hard,6024,5,always_help,0,0,45,-1.13,115.684,,0.0,0,0,45,0,0
exploration_useful,hard,6024,6,always_help,1,1,34,10.82,155.0283,,0.0,0,0,34,0,0
exploration_useful,hard,6024,7,always_help,0,0,45,-1.21,118.6602,,0.0,0,0,45,0,0
exploration_useful,hard,6024,8,always_help,0,0,45,-1.295,122.4596,,0.0,0,0,45,0,0
exploration_useful,hard,6024,9,always_help,0,0,45,-1.21,119.4307,,0.0,0,0,45,0,0
exploration_useful,hard,6024,0,oracle,1,1,26,10.655,133.527,,0.0,0,0,26,0,0
exploration_useful,hard,6024,1,oracle,1,1,18,10.82,163.7909,,0.0,0,0,18,0,0
exploration_useful,hard,6024,2,oracle,1,1,21,10.675,149.2685,,0.0,0,0,21,0,0
exploration_useful,hard,6024,3,oracle,0,0,45,-1.21,60.1884,,0.0,0,0,45,0,0
exploration_useful,hard,6024,4,oracle,0,0,45,-2.12,38.1082,,0.0,0,0,45,0,0
exploration_useful,hard,6024,5,oracle,1,1,20,10.675,156.3702,,0.0,0,0,20,0,0
exploration_useful,hard,6024,6,oracle,0,0,45,-1.315,76.5926,,0.0,0,0,45,0,0
exploration_useful,hard,6024,7,oracle,1,1,25,10.8,131.6058,,0.0,0,0,25,0,0
exploration_useful,hard,6024,8,oracle,1,1,32,10.8,97.8395,,0.0,0,0,32,0,0
exploration_useful,hard,6024,9,oracle,1,1,27,10.53,118.9185,,0.0,0,0,27,0,0
exploration_useful,hard,6024,0,particle,1,1,31,10.82,607.6841,0.011356,0.0,31,31,0,0,0
exploration_useful,hard,6024,1,particle,1,1,22,10.675,765.0755,0.019129,0.0455,22,21,1,0,0
exploration_useful,hard,6024,2,particle,1,1,40,10.675,511.8546,0.017433,0.0,40,40,0,0,0
exploration_useful,hard,6024,3,particle,1,1,35,10.51,659.4879,0.014659,0.0,35,35,0,0,0
exploration_useful,hard,6024,4,particle,1,1,23,10.8,844.6449,0.016415,0.0,23,23,0,0,0
exploration_useful,hard,6024,5,particle,1,1,42,10.635,481.5041,0.019596,0.0238,42,41,1,0,0
exploration_useful,hard,6024,6,particle,1,1,30,10.8,610.0456,0.011198,0.0333,30,29,1,0,0
exploration_useful,hard,6024,7,particle,1,1,30,10.695,590.7902,0.024868,0.0333,30,29,1,0,0
exploration_useful,hard,6024,8,particle,1,1,21,10.8,882.5175,0.014853,0.0,21,21,0,0,0
exploration_useful,hard,6024,9,particle,1,1,25,10.82,750.5188,0.011138,0.0,25,25,0,0,0
exploration_useful,hard,7024,0,no_teacher,1,1,29,10.695,645.3148,,0.0,0,29,0,0,0
exploration_useful,hard,7024,1,no_teacher,1,1,22,10.695,833.8187,,0.0,0,22,0,0,0
exploration_useful,hard,7024,2,no_teacher,1,1,23,10.695,794.441,,0.0,0,23,0,0,0
exploration_useful,hard,7024,3,no_teacher,1,1,27,10.82,704.841,,0.0,0,27,0,0,0
exploration_useful,hard,7024,4,no_teacher,1,1,22,10.82,810.7264,,0.0,0,22,0,0,0
exploration_useful,hard,7024,5,no_teacher,1,1,26,10.8,737.97,,0.0,0,26,0,0,0
exploration_useful,hard,7024,6,no_teacher,1,1,35,10.615,625.8249,,0.0,0,35,0,0,0
exploration_useful,hard,7024,7,no_teacher,1,1,29,10.8,573.0516,,0.0,0,29,0,0,0
exploration_useful,hard,7024,8,no_teacher,0,0,45,-1.45,437.2742,,0.0,0,45,0,0,0
exploration_useful,hard,7024,9,no_teacher,1,1,20,10.57,908.0672,,0.0,0,20,0,0,0
exploration_useful,hard,7024,0,always_help,0,0,45,-1.345,122.4829,,0.0,0,0,45,0,0
exploration_useful,hard,7024,1,always_help,0,0,45,-1.345,128.6802,,0.0,0,0,45,0,0
exploration_useful,hard,7024,2,always_help,0,0,45,-1.315,121.8222,,0.0,0,0,45,0,0
exploration_useful,hard,7024,3,always_help,0,0,45,-1.15,117.3615,,0.0,0,0,45,0,0
exploration_useful,hard,7024,4,always_help,0,0,45,-1.17,117.9892,,0.0,0,0,45,0,0
exploration_useful,hard,7024,5,always_help,0,0,45,-1.325,120.2877,,0.0,0,0,45,0,0
exploration_useful,hard,7024,6,always_help,1,1,38,10.8,141.9306,,0.0,0,0,38,0,0
exploration_useful,hard,7024,7,always_help,0,0,45,-1.22,121.2439,,0.0,0,0,45,0,0
exploration_useful,hard,7024,8,always_help,0,0,45,-1.43,123.9164,,0.0,0,0,45,0,0
exploration_useful,hard,7024,9,always_help,0,0,45,-1.315,119.681,,0.0,0,0,45,0,0
exploration_useful,hard,7024,0,oracle,1,1,23,10.655,135.1651,,0.0,0,0,23,0,0
exploration_useful,hard,7024,1,oracle,1,1,45,10.675,74.696,,0.0,0,0,45,0,0
exploration_useful,hard,7024,2,oracle,1,1,24,10.53,132.3862,,0.0,0,0,24,0,0
exploration_useful,hard,7024,3,oracle,1,1,25,10.78,130.6846,,0.0,0,0,25,0,0
exploration_useful,hard,7024,4,oracle,1,1,25,10.76,127.8538,,0.0,0,0,25,0,0
exploration_useful,hard,7024,5,oracle,1,1,29,10.675,108.1085,,0.0,0,0,29,0,0
exploration_useful,hard,7024,6,oracle,1,1,24,10.82,129.8693,,0.0,0,0,24,0,0
exploration_useful,hard,7024,7,oracle,1,1,37,10.635,95.2792,,0.0,0,0,37,0,0
exploration_useful,hard,7024,8,oracle,1,1,39,10.8,94.6793,,0.0,0,0,39,0,0
exploration_useful,hard,7024,9,oracle,1,1,43,10.57,74.5678,,0.0,0,0,43,0,0
exploration_useful,hard,7024,0,particle,1,1,20,10.675,955.4303,0.011325,0.0,20,20,0,0,0
exploration_useful,hard,7024,1,particle,1,1,39,10.57,501.399,0.010236,0.0,39,39,0,0,0
exploration_useful,hard,7024,2,particle,1,1,23,10.82,808.9501,0.01276,0.0,23,23,0,0,0
exploration_useful,hard,7024,3,particle,1,1,23,10.675,744.6052,0.019511,0.0435,23,22,1,0,0
exploration_useful,hard,7024,4,particle,0,0,45,-1.365,469.585,0.012416,0.0,45,45,0,0,0
exploration_useful,hard,7024,5,particle,1,1,40,10.78,482.062,0.011028,0.0,40,40,0,0,0
exploration_useful,hard,7024,6,particle,1,1,26,10.675,770.8046,0.007685,0.0,26,26,0,0,0
exploration_useful,hard,7024,7,particle,1,1,23,10.78,736.9778,0.011079,0.0435,23,22,1,0,0
exploration_useful,hard,7024,8,particle,0,0,45,-1.21,438.0613,0.010445,0.0,45,45,0,0,0
exploration_useful,hard,7024,9,particle,0,0,45,-2.325,337.0507,0.009392,0.0,45,45,0,0,0
mixed,easy,1365,0,no_teacher,1,1,18,10.6985,352.6625,,0.0,0,18,0,0,0
mixed,easy,1365,1,no_teacher,1,1,20,10.719,424.1234,,0.0,0,20,0,0,0
mixed,easy,1365,2,no_teacher,1,1,20,10.739,394.9745,,0.0,0,20,0,0,0
mixed,easy,1365,3,no_teacher,1,1,21,10.739,383.021,,0.0,0,21,0,0,0
mixed,easy,1365,4,no_teacher,1,1,18,10.739,412.8192,,0.0,0,18,0,0,0
mixed,easy,1365,5,no_teacher,1,1,18,10.739,412.2981,,0.0,0,18,0,0,0
mixed,easy,1365,6,no_teacher,1,1,22,10.6585,342.9601,,0.0,0,22,0,0,0
mixed,easy,1365,7,no_teacher,1,1,18,10.739,409.9036,,0.0,0,18,0,0,0
mixed,easy,1365,8,no_teacher,1,1,20,10.719,410.941,,0.0,0,20,0,0,0
mixed,easy,1365,9,no_teacher,1,1,23,10.719,287.4046,,0.0,0,23,0,0,0
mixed,easy,1365,0,always_help,0,0,55,-2.11,55.3165,,0.0,0,0,55,0,0
mixed,easy,1365,1,always_help,1,1,31,10.719,96.9585,,0.0,0,0,31,0,0
mixed,easy,1365,2,always_help,0,0,55,-1.231,50.4467,,0.0,0,0,55,0,0
mixed,easy,1365,3,always_help,0,0,55,-1.19,59.689,,0.0,0,0,55,0,0
mixed,easy,1365,4,always_help,0,0,55,-1.2305,59.821,,0.0,0,0,55,0,0
mixed,easy,1365,5,always_help,0,0,55,-1.15,59.1855,,0.0,0,0,55,0,0
mixed,easy,1365,6,always_help,0,0,55,-1.19,61.6528,,0.0,0,0,55,0,0
mixed,easy,1365,7,always_help,1,1,36,10.679,92.4611,,0.0,0,0,36,0,0
mixed,easy,1365,8,always_help,0,0,55,-1.2,67.7639,,0.0,0,0,55,0,0
mixed,easy,1365,9,always_help,1,1,33,10.739,85.5611,,0.0,0,0,33,0,0
mixed,easy,1365,0,oracle,1,1,21,10.719,83.6751,,0.0,0,0,21,0,0
mixed,easy,1365,1,oracle,1,1,20,10.719,93.0322,,0.0,0,0,20,0,0
mixed,easy,1365,2,oracle,1,1,22,10.719,83.4044,,0.0,0,0,22,0,0
mixed,easy,1365,3,oracle,1,1,21,10.6985,78.185,,0.0,0,0,21,0,0
mixed,easy,1365,4,oracle,1,1,18,10.739,93.0076,,0.0,0,0,18,0,0
mixed,easy,1365,5,oracle,1,1,19,10.739,89.6085,,0.0,0,0,19,0,0
mixed,easy,1365,6,oracle,1,1,26,10.739,68.6597,,0.0,0,0,26,0,0
mixed,easy,1365,7,oracle,1,1,21,10.719,86.5301,,0.0,0,0,21,0,0
mixed,easy,1365,8,oracle,1,1,22,10.739,78.6935,,0.0,0,0,22,0,0
mixed,easy,1365,9,oracle,1,1,22,10.6585,80.9675,,0.0,0,0,22,0,0
mixed,easy,1365,0,particle,1,1,18,10.739,413.0375,0.002573,0.0,18,18,0,0,0
mixed,easy,1365,1,particle,1,1,18,10.739,405.3176,0.001414,0.0,18,18,0,0,0
mixed,easy,1365,2,particle,1,1,25,10.739,307.5959,0.002968,0.0,25,25,0,0,0
mixed,easy,1365,3,particle,1,1,19,10.739,404.0402,0.002579,0.0,19,19,0,0,0
mixed,easy,1365,4,particle,1,1,20,10.6379,330.7302,0.003111,0.0,20,20,0,0,0
mixed,easy,1365,5,particle,1,1,18,10.739,414.153,0.002823,0.0,18,18,0,0,0
mixed,easy,1365,6,particle,1,1,18,10.739,412.4606,0.002681,0.0,18,18,0,0,0
mixed,easy,1365,7,particle,1,1,19,10.6985,310.6014,0.003078,0.0,19,19,0,0,0
mixed,easy,1365,8,particle,1,1,23,10.6179,292.7365,0.002376,0.0,23,23,0,0,0
mixed,easy,1365,9,particle,1,1,22,10.719,371.6201,0.002379,0.0,22,22,0,0,0
mixed,easy,2365,0,no_teacher,1,1,22,10.7585,274.2518,,0.0,0,22,0,0,0
mixed,easy,2365,1,no_teacher,1,1,18,10.7278,400.4022,,0.0,0,18,0,0,0
mixed,easy,2365,2,no_teacher,1,1,19,10.7585,428.7174,,0.0,0,19,0,0,0
mixed,easy,2365,3,no_teacher,1,1,25,10.7185,401.5017,,0.0,0,25,0,0,0
mixed,easy,2365,4,no_teacher,1,1,24,10.7078,333.8463,,0.0,0,24,0,0,0
mixed,easy,2365,5,no_teacher,1,1,21,10.7385,367.4902,,0.0,0,21,0,0,0
mixed,easy,2365,6,no_teacher,1,1,18,10.7585,446.9589,,0.0,0,18,0,0,0
mixed,easy,2365,7,no_teacher,1,1,33,10.7185,307.5632,,0.0,0,33,0,0,0
mixed,easy,2365,8,no_teacher,1,1,21,10.7385,425.4496,,0.0,0,21,0,0,0
mixed,easy,2365,9,no_teacher,1,1,20,10.7078,376.4196,,0.0,0,20,0,0,0
mixed,easy,2365,0,always_help,1,1,50,10.6771,61.8675,,0.0,0,0,50,0,0
mixed,easy,2365,1,always_help,1,1,43,10.7585,79.6804,,0.0,0,0,43,0,0
mixed,easy,2365,2,always_help,1,1,41,10.6985,79.1191,,0.0,0,0,41,0,0
mixed,easy,2365,3,always_help,1,1,54,10.7385,58.1468,,0.0,0,0,54,0,0
mixed,easy,2365,4,always_help,0,0,55,-1.2715,62.6024,,0.0,0,0,55,0,0
mixed,easy,2365,5,always_help,0,0,55,-1.2515,47.5699,,0.0,0,0,55,0,0
mixed,easy,2365,6,always_help,0,0,55,-1.2,61.2001,,0.0,0,0,55,0,0
mixed,easy,2365,7,always_help,0,0,55,-2.12,52.4612,,0.0,0,0,55,0,0
mixed,easy,2365,8,always_help,0,0,55,-2.1,54.2843,,0.0,0,0,55,0,0
mixed,easy,2365,9,always_help,0,0,55,-1.2422,55.7227,,0.0,0,0,55,0,0
mixed,easy,2365,0,oracle,1,1,24,10.7185,76.4188,,0.0,0,0,24,0,0
mixed,easy,2365,1,oracle,1,1,27,10.7385,68.4393,,0.0,0,0,27,0,0
mixed,easy,2365,2,oracle,1,1,26,10.7185,79.8121,,0.0,0,0,26,0,0
mixed,easy,2365,3,oracle,1,1,19,10.7585,89.3774,,0.0,0,0,19,0,0
mixed,easy,2365,4,oracle,1,1,24,10.7385,75.387,,0.0,0,0,24,0,0
mixed,easy,2365,5,oracle,1,1,22,10.7385,84.9838,,0.0,0,0,22,0,0
mixed,easy,2365,6,oracle,1,1,19,10.7585,90.9034,,0.0,0,0,19,0,0
mixed,easy,2365,7,oracle,1,1,18,10.7278,92.2796,,0.0,0,0,18,0,0
mixed,easy,2365,8,oracle,1,1,19,10.7278,86.9373,,0.0,0,0,19,0,0
mixed,easy,2365,9,oracle,1,1,27,10.6985,64.5196,,0.0,0,0,27,0,0
mixed,easy,2365,0,particle,1,1,18,10.7585,443.3074,0.002272,0.0,18,18,0,0,0
mixed,easy,2365,1,particle,1,1,18,10.7585,442.9197,0.001637,0.0,18,18,0,0,0
mixed,easy,2365,2,particle,1,1,23,10.7585,321.0204,0.002425,0.0,23,23,0,0,0
mixed,easy,2365,3,particle,1,1,20,10.7585,300.6428,0.004272,0.1,20,18,2,0,0
mixed,easy,2365,4,particle,1,1,18,10.7585,447.3465,0.001643,0.0,18,18,0,0,0
mixed,easy,2365,5,particle,1,1,21,10.7385,404.3498,0.001384,0.0,21,21,0,0,0
mixed,easy,2365,6,particle,1,1,22,10.7585,400.3544,0.003628,0.0,22,22,0,0,0
mixed,easy,2365,7,particle,1,1,21,10.7585,405.171,0.002329,0.0,21,21,0,0,0
mixed,easy,2365,8,particle,1,1,21,10.7585,409.4307,0.00363,0.0,21,21,0,0,0
mixed,easy,2365,9,particle,1,1,21,10.7385,404.566,0.001785,0.0,21,21,0,0,0
mixed,easy,3365,0,no_teacher,1,1,29,10.6032,266.7122,,0.0,0,29,0,0,0
mixed,easy,3365,1,no_teacher,1,1,25,10.7316,330.6255,,0.0,0,25,0,0,0
mixed,easy,3365,2,no_teacher,1,1,20,10.7316,374.9302,,0.0,0,20,0,0,0
mixed,easy,3365,3,no_teacher,1,1,22,10.7116,365.2459,,0.0,0,22,0,0,0
mixed,easy,3365,4,no_teacher,1,1,18,10.7316,398.7198,,0.0,0,18,0,0,0
mixed,easy,3365,5,no_teacher,1,1,21,10.6232,298.7515,,0.0,0,21,0,0,0
mixed,easy,3365,6,no_teacher,1,1,21,10.7116,388.0971,,0.0,0,21,0,0,0
mixed,easy,3365,7,no_teacher,1,1,20,10.6232,283.4714,,0.0,0,20,0,0,0
mixed,easy,3365,8,no_teacher,1,1,20,10.6874,333.8724,,0.0,0,20,0,0,0
mixed,easy,3365,9,no_teacher,1,1,21,10.7316,324.4479,,0.0,0,21,0,0,0
mixed,easy,3365,0,always_help,1,1,49,10.7116,62.0409,,0.0,0,0,49,0,0
mixed,easy,3365,1,always_help,0,0,55,-1.14,60.4845,,0.0,0,0,55,0,0
mixed,easy,3365,2,always_help,1,1,40,10.7316,65.3809,,0.0,0,0,40,0,0
mixed,easy,3365,3,always_help,1,1,22,10.7316,123.1145,,0.0,0,0,22,0,0
mixed,easy,3365,4,always_help,0,0,55,-1.15,61.708,,0.0,0,0,55,0,0
mixed,easy,3365,5,always_help,0,0,55,-1.1942,48.6516,,0.0,0,0,55,0,0
mixed,easy,3365,6,always_help,0,0,55,-1.2784,50.5717,,0.0,0,0,55,0,0
mixed,easy,3365,7,always_help,0,0,55,-1.2726,54.0159,,0.0,0,0,55,0,0
mixed,easy,3365,8,always_help,1,1,37,10.6674,79.5134,,0.0,0,0,37,0,0
mixed,easy,3365,9,always_help,0,0,55,-1.3568,46.4089,,0.0,0,0,55,0,0
mixed,easy,3365,0,oracle,1,1,20,10.7316,79.576,,0.0,0,0,20,0,0
mixed,easy,3365,1,oracle,1,1,18,10.7316,89.7105,,0.0,0,0,18,0,0
mixed,easy,3365,2,oracle,1,1,25,10.7116,71.4798,,0.0,0,0,25,0,0
mixed,easy,3365,3,oracle,1,1,22,10.7116,83.5553,,0.0,0,0,22,0,0
mixed,easy,3365,4,oracle,1,1,22,10.7116,83.0214,,0.0,0,0,22,0,0
mixed,easy,3365,5,oracle,1,1,25,10.6474,70.3881,,0.0,0,0,25,0,0
mixed,easy,3365,6,oracle,1,1,51,10.6916,38.939,,0.0,0,0,51,0,0
mixed,easy,3365,7,oracle,1,1,18,10.7316,92.3675,,0.0,0,0,18,0,0
mixed,easy,3365,8,oracle,1,1,18,10.7316,92.4476,,0.0,0,0,18,0,0
mixed,easy,3365,9,oracle,1,1,19,10.6874,83.8267,,0.0,0,0,19,0,0
mixed,easy,3365,0,particle,1,1,25,10.6716,366.6373,0.002051,0.0,25,25,0,0,0
mixed,easy,3365,1,particle,1,1,19,10.7316,389.9325,0.001473,0.0,19,19,0,0,0
mixed,easy,3365,2,particle,1,1,23,10.7116,364.3675,0.001904,0.0,23,23,0,0,0
mixed,easy,3365,3,particle,1,1,27,10.6074,289.7841,0.001774,0.0,27,27,0,0,0
mixed,easy,3365,4,particle,1,1,20,10.6674,330.4731,0.002978,0.0,20,20,0,0,0
mixed,easy,3365,5,particle,1,1,21,10.7116,388.3037,0.001621,0.0,21,21,0,0,0
mixed,easy,3365,6,particle,1,1,21,10.7116,386.0294,0.001726,0.0,21,21,0,0,0
mixed,easy,3365,7,particle,1,1,24,10.7116,350.1235,0.002007,0.0,24,24,0,0,0
mixed,easy,3365,8,particle,1,1,23,10.7316,250.5077,0.002836,0.0,23,23,0,0,0
mixed,easy,3365,9,particle,0,0,55,-2.1,121.5967,0.003397,0.0,55,55,0,0,0
mixed,easy,4365,0,no_teacher,1,1,20,10.7299,415.0372,,0.0,0,20,0,0,0
mixed,easy,4365,1,no_teacher,1,1,18,10.7499,431.834,,0.0,0,18,0,0,0
mixed,easy,4365,2,no_teacher,1,1,18,10.7499,425.7153,,0.0,0,18,0,0,0
mixed,easy,4365,3,no_teacher,1,1,20,10.7499,408.7206,,0.0,0,20,0,0,0
mixed,easy,4365,4,no_teacher,1,1,18,10.7499,425.341,,0.0,0,18,0,0,0
mixed,easy,4365,5,no_teacher,1,1,20,10.7499,405.8268,,0.0,0,20,0,0,0
mixed,easy,4365,6,no_teacher,1,1,18,10.7499,429.824,,0.0,0,18,0,0,0
mixed,easy,4365,7,no_teacher,1,1,19,10.7499,417.5343,,0.0,0,19,0,0,0
mixed,easy,4365,8,no_teacher,1,1,20,10.7499,409.6641,,0.0,0,20,0,0,0
mixed,easy,4365,9,no_teacher,1,1,20,10.7299,416.5762,,0.0,0,20,0,0,0
mixed,easy,4365,0,always_help,0,0,55,-1.16,61.137,,0.0,0,0,55,0,0
mixed,easy,4365,1,always_help,0,0,55,-1.12,56.2074,,0.0,0,0,55,0,0
mixed,easy,4365,2,always_help,1,1,34,10.7299,97.1366,,0.0,0,0,34,0,0
mixed,easy,4365,3,always_help,0,0,55,-2.14,54.7686,,0.0,0,0,55,0,0
mixed,easy,4365,4,always_help,1,1,52,10.7099,60.5669,,0.0,0,0,52,0,0
mixed,easy,4365,5,always_help,1,1,33,10.7299,98.4099,,0.0,0,0,33,0,0
mixed,easy,4365,6,always_help,0,0,55,-1.2951,47.2903,,0.0,0,0,55,0,0
mixed,easy,4365,7,always_help,1,1,38,10.7499,90.3374,,0.0,0,0,38,0,0
mixed,easy,4365,8,always_help,1,1,31,10.6599,87.144,,0.0,0,0,31,0,0
mixed,easy,4365,9,always_help,0,0,55,-1.2951,57.4884,,0.0,0,0,55,0,0
mixed,easy,4365,0,oracle,1,1,20,10.7499,86.502,,0.0,0,0,20,0,0
mixed,easy,4365,1,oracle,1,1,20,10.7299,87.3762,,0.0,0,0,20,0,0
mixed,easy,4365,2,oracle,1,1,20,10.7299,87.1252,,0.0,0,0,20,0,0
mixed,easy,4365,3,oracle,1,1,20,10.7299,90.4151,,0.0,0,0,20,0,0
mixed,easy,4365,4,oracle,1,1,19,10.7499,90.4984,,0.0,0,0,19,0,0
mixed,easy,4365,5,oracle,1,1,19,10.7499,90.2087,,0.0,0,0,19,0,0
mixed,easy,4365,6,oracle,1,1,20,10.7299,91.0734,,0.0,0,0,20,0,0
mixed,easy,4365,7,oracle,1,1,18,10.7499,93.1189,,0.0,0,0,18,0,0
mixed,easy,4365,8,oracle,1,1,24,10.6749,81.131,,0.0,0,0,24,0,0
mixed,easy,4365,9,oracle,1,1,18,10.7499,96.5567,,0.0,0,0,18,0,0
mixed,easy,4365,0,particle,1,1,18,10.7499,431.1616,0.002455,0.0,18,18,0,0,0
mixed,easy,4365,1,particle,1,1,20,10.7149,364.9549,0.001834,0.0,20,20,0,0,0
mixed,easy,4365,2,particle,1,1,20,10.7299,408.4368,0.002361,0.0,20,20,0,0,0
mixed,easy,4365,3,particle,1,1,19,10.7499,420.3247,0.001878,0.0,19,19,0,0,0
mixed,easy,4365,4,particle,1,1,23,10.7499,374.9311,0.002065,0.0,23,23,0,0,0
mixed,easy,4365,5,particle,1,1,20,10.7299,422.7143,0.00136,0.0,20,20,0,0,0
mixed,easy,4365,6,particle,1,1,27,10.6599,172.6372,0.002696,0.0,27,27,0,0,0
mixed,easy,4365,7,particle,1,1,21,10.7499,398.4653,0.001646,0.0,21,21,0,0,0
mixed,easy,4365,8,particle,1,1,21,10.7299,365.9756,0.002153,0.0,21,21,0,0,0
mixed,easy,4365,9,particle,1,1,18,10.7499,431.1616,0.002737,0.0,18,18,0,0,0
mixed,easy,5365,0,no_teacher,1,1,26,10.7041,359.6841,,0.0,0,26,0,0,0
mixed,easy,5365,1,no_teacher,1,1,29,10.7241,330.3003,,0.0,0,29,0,0,0
mixed,easy,5365,2,no_teacher,1,1,19,10.7441,411.9894,,0.0,0,19,0,0,0
mixed,easy,5365,3,no_teacher,1,1,18,10.7441,419.8727,,0.0,0,18,0,0,0
mixed,easy,5365,4,no_teacher,1,1,20,10.7241,416.6843,,0.0,0,20,0,0,0
mixed,easy,5365,5,no_teacher,1,1,18,10.7441,418.5099,,0.0,0,18,0,0,0
mixed,easy,5365,6,no_teacher,1,1,24,10.7041,379.9204,,0.0,0,24,0,0,0
mixed,easy,5365,7,no_teacher,1,1,21,10.6482,286.4176,,0.0,0,21,0,0,0
mixed,easy,5365,8,no_teacher,1,1,20,10.7441,397.9158,,0.0,0,20,0,0,0
mixed,easy,5365,9,no_teacher,1,1,18,10.7441,415.6529,,0.0,0,18,0,0,0
mixed,easy,5365,0,always_help,1,1,44,10.6282,73.8022,,0.0,0,0,44,0,0
mixed,easy,5365,1,always_help,0,0,55,-1.2079,54.7858,,0.0,0,0,55,0,0
mixed,easy,5365,2,always_help,1,1,27,10.7441,112.7086,,0.0,0,0,27,0,0
mixed,easy,5365,3,always_help,0,0,55,-1.2859,47.2826,,0.0,0,0,55,0,0
mixed,easy,5365,4,always_help,0,0,55,-1.2559,51.7155,,0.0,0,0,55,0,0
mixed,easy,5365,5,always_help,1,1,43,10.6482,66.751,,0.0,0,0,43,0,0
mixed,easy,5365,6,always_help,1,1,42,10.7241,81.5896,,0.0,0,0,42,0,0
mixed,easy,5365,7,always_help,1,1,37,10.6282,82.5651,,0.0,0,0,37,0,0
mixed,easy,5365,8,always_help,0,0,55,-2.11,52.633,,0.0,0,0,55,0,0
mixed,easy,5365,9,always_help,1,1,43,10.7041,80.9251,,0.0,0,0,43,0,0
mixed,easy,5365,0,oracle,1,1,19,10.7441,86.9971,,0.0,0,0,19,0,0
mixed,easy,5365,1,oracle,1,1,21,10.7241,83.9327,,0.0,0,0,21,0,0
mixed,easy,5365,2,oracle,1,1,24,10.7241,72.0144,,0.0,0,0,24,0,0
mixed,easy,5365,3,oracle,1,1,20,10.7441,86.0348,,0.0,0,0,20,0,0
mixed,easy,5365,4,oracle,1,1,21,10.6862,81.365,,0.0,0,0,21,0,0
mixed,easy,5365,5,oracle,1,1,25,10.7441,72.8289,,0.0,0,0,25,0,0
mixed,easy,5365,6,oracle,1,1,20,10.7241,86.8156,,0.0,0,0,20,0,0
mixed,easy,5365,7,oracle,1,1,20,10.7241,90.331,,0.0,0,0,20,0,0
mixed,easy,5365,8,oracle,1,1,27,10.6662,68.2516,,0.0,0,0,27,0,0
mixed,easy,5365,9,oracle,1,1,22,10.7241,83.1079,,0.0,0,0,22,0,0
mixed,easy,5365,0,particle,1,1,28,10.7241,322.7338,0.003056,0.0,28,28,0,0,0
mixed,easy,5365,1,particle,1,1,23,10.7441,368.2847,0.003185,0.0,23,23,0,0,0
mixed,easy,5365,2,particle,1,1,33,10.7441,281.6812,0.003703,0.0,33,33,0,0,0
mixed,easy,5365,3,particle,1,1,19,10.7441,405.4009,0.002564,0.0,19,19,0,0,0
mixed,easy,5365,4,particle,1,1,20,10.7241,399.3948,0.002434,0.0,20,20,0,0,0
mixed,easy,5365,5,particle,1,1,19,10.7441,359.0113,0.001305,0.0,19,19,0,0,0
mixed,easy,5365,6,particle,1,1,20,10.7441,392.5851,0.002551,0.0,20,20,0,0,0
mixed,easy,5365,7,particle,1,1,23,10.7441,365.843,0.002794,0.0,23,23,0,0,0
mixed,easy,5365,8,particle,1,1,19,10.7441,409.8563,0.002282,0.0,19,19,0,0,0
mixed,easy,5365,9,particle,1,1,18,10.7062,365.5926,0.002468,0.0,18,18,0,0,0
mixed,medium,1365,0,no_teacher,0,0,45,-1.14,196.3795,,0.0,0,45,0,0,0
mixed,medium,1365,1,no_teacher,1,1,19,10.739,403.1391,,0.0,0,19,0,0,0
mixed,medium,1365,2,no_teacher,1,1,19,10.6985,352.8085,,0.0,0,19,0,0,0
mixed,medium,1365,3,no_teacher,1,1,24,10.739,351.9298,,0.0,0,24,0,0,0
mixed,medium,1365,4,no_teacher,1,1,20,10.719,391.3777,,0.0,0,20,0,0,0
mixed,medium,1365,5,no_teacher,1,1,18,10.739,407.4615,,0.0,0,18,0,0,0
mixed,medium,1365,6,no_teacher,1,1,30,10.739,299.1019,,0.0,0,30,0,0,0
mixed,medium,1365,7,no_teacher,1,1,30,10.6179,149.2849,,0.0,0,30,0,0,0
mixed,medium,1365,8,no_teacher,1,1,20,10.719,388.7999,,0.0,0,20,0,0,0
mixed,medium,1365,9,no_teacher,1,1,22,10.739,371.7563,,0.0,0,22,0,0,0
mixed,medium,1365,0,always_help,1,1,36,10.719,79.5605,,0.0,0,0,36,0,0
mixed,medium,1365,1,always_help,0,0,45,-2.11,68.2187,,0.0,0,0,45,0,0
mixed,medium,1365,2,always_help,1,1,45,10.719,74.045,,0.0,0,0,45,0,0
mixed,medium,1365,3,always_help,0,0,45,-1.16,75.7303,,0.0,0,0,45,0,0
mixed,medium,1365,4,always_help,1,1,23,10.739,130.0267,,0.0,0,0,23,0,0
mixed,medium,1365,5,always_help,1,1,42,10.719,76.6004,,0.0,0,0,42,0,0
mixed,medium,1365,6,always_help,0,0,45,-1.3421,60.6554,,0.0,0,0,45,0,0
mixed,medium,1365,7,always_help,1,1,26,10.739,116.9034,,0.0,0,0,26,0,0
mixed,medium,1365,8,always_help,0,0,45,-1.2105,63.6232,,0.0,0,0,45,0,0
mixed,medium,1365,9,always_help,1,1,33,10.739,93.1452,,0.0,0,0,33,0,0
mixed,medium,1365,0,oracle,1,1,20,10.719,89.9683,,0.0,0,0,20,0,0
mixed,medium,1365,1,oracle,1,1,20,10.739,80.3896,,0.0,0,0,20,0,0
mixed,medium,1365,2,oracle,1,1,20,10.719,89.8413,,0.0,0,0,20,0,0
mixed,medium,1365,3,oracle,1,1,18,10.739,95.6441,,0.0,0,0,18,0,0
mixed,medium,1365,4,oracle,1,1,19,10.739,89.446,,0.0,0,0,19,0,0
mixed,medium,1365,5,oracle,1,1,19,10.739,88.3259,,0.0,0,0,19,0,0
mixed,medium,1365,6,oracle,1,1,22,10.6585,80.0494,,0.0,0,0,22,0,0
mixed,medium,1365,7,oracle,1,1,19,10.739,89.3646,,0.0,0,0,19,0,0
mixed,medium,1365,8,oracle,1,1,18,10.739,90.7122,,0.0,0,0,18,0,0
mixed,medium,1365,9,oracle,1,1,29,10.739,62.8666,,0.0,0,0,29,0,0
mixed,medium,1365,0,particle,1,1,22,10.719,389.3769,0.00243,0.0,22,22,0,0,0
mixed,medium,1365,1,particle,1,1,19,10.739,416.5326,0.002352,0.0,19,19,0,0,0
mixed,medium,1365,2,particle,1,1,18,10.739,413.7978,0.002273,0.0,18,18,0,0,0
mixed,medium,1365,3,particle,1,1,21,10.719,399.3118,0.001665,0.0,21,21,0,0,0
mixed,medium,1365,4,particle,1,1,19,10.739,403.9283,0.002736,0.0,19,19,0,0,0
mixed,medium,1365,5,particle,1,1,22,10.739,328.8933,0.003201,0.0,22,22,0,0,0
mixed,medium,1365,6,particle,1,1,21,10.6785,298.2584,0.003158,0.0476,21,20,1,0,0
mixed,medium,1365,7,particle,1,1,18,10.739,413.7978,0.0017,0.0,18,18,0,0,0
mixed,medium,1365,8,particle,1,1,21,10.739,384.2756,0.002746,0.0,21,21,0,0,0
mixed,medium,1365,9,particle,1,1,27,10.739,322.5684,0.002349,0.0,27,27,0,0,0
mixed,medium,2365,0,no_teacher,1,1,23,10.7385,386.336,,0.0,0,23,0,0,0
mixed,medium,2365,1,no_teacher,1,1,21,10.7385,410.1295,,0.0,0,21,0,0,0
mixed,medium,2365,2,no_teacher,1,1,22,10.6264,309.3009,,0.0,0,22,0,0,0
mixed,medium,2365,3,no_teacher,1,1,21,10.7585,394.9878,,0.0,0,21,0,0,0
mixed,medium,2365,4,no_teacher,1,1,21,10.7385,429.046,,0.0,0,21,0,0,0
mixed,medium,2365,5,no_teacher,1,1,20,10.7385,434.1348,,0.0,0,20,0,0,0
mixed,medium,2365,6,no_teacher,1,1,18,10.7278,396.9079,,0.0,0,18,0,0,0
mixed,medium,2365,7,no_teacher,1,1,20,10.7585,421.9592,,0.0,0,20,0,0,0
mixed,medium,2365,8,no_teacher,1,1,27,10.7385,345.695,,0.0,0,27,0,0,0
mixed,medium,2365,9,no_teacher,1,1,22,10.7585,396.7736,,0.0,0,22,0,0,0
mixed,medium,2365,0,always_help,1,1,41,10.7078,75.9345,,0.0,0,0,41,0,0
mixed,medium,2365,1,always_help,1,1,35,10.7385,87.2951,,0.0,0,0,35,0,0
mixed,medium,2365,2,always_help,0,0,45,-2.12,60.4537,,0.0,0,0,45,0,0
mixed,medium,2365,3,always_help,1,1,35,10.7385,89.8509,,0.0,0,0,35,0,0
mixed,medium,2365,4,always_help,1,1,29,10.7585,107.6084,,0.0,0,0,29,0,0
mixed,medium,2365,5,always_help,1,1,37,10.6771,79.222,,0.0,0,0,37,0,0
mixed,medium,2365,6,always_help,0,0,45,-1.2207,71.7653,,0.0,0,0,45,0,0
mixed,medium,2365,7,always_help,0,0,45,-1.2107,75.5282,,0.0,0,0,45,0,0
mixed,medium,2365,8,always_help,0,0,45,-1.2822,67.9467,,0.0,0,0,45,0,0
mixed,medium,2365,9,always_help,1,1,35,10.7385,88.2367,,0.0,0,0,35,0,0
mixed,medium,2365,0,oracle,1,1,21,10.7385,82.1183,,0.0,0,0,21,0,0
mixed,medium,2365,1,oracle,1,1,23,10.7185,81.0005,,0.0,0,0,23,0,0
mixed,medium,2365,2,oracle,1,1,18,10.7585,94.1262,,0.0,0,0,18,0,0
mixed,medium,2365,3,oracle,1,1,35,10.7185,58.105,,0.0,0,0,35,0,0
mixed,medium,2365,4,oracle,1,1,31,10.7585,59.6482,,0.0,0,0,31,0,0
mixed,medium,2365,5,oracle,1,1,20,10.7585,85.5707,,0.0,0,0,20,0,0
mixed,medium,2365,6,oracle,1,1,24,10.7185,77.9734,,0.0,0,0,24,0,0
mixed,medium,2365,7,oracle,1,1,23,10.7185,81.9333,,0.0,0,0,23,0,0
mixed,medium,2365,8,oracle,1,1,25,10.6878,74.7421,,0.0,0,0,25,0,0
mixed,medium,2365,9,oracle,1,1,19,10.7585,91.1465,,0.0,0,0,19,0,0
mixed,medium,2365,0,particle,1,1,24,10.7185,430.0304,0.002714,0.0,24,24,0,0,0
mixed,medium,2365,1,particle,1,1,20,10.7585,423.5465,0.001754,0.0,20,20,0,0,0
mixed,medium,2365,2,particle,1,1,18,10.7585,444.5808,0.00246,0.0,18,18,0,0,0
mixed,medium,2365,3,particle,1,1,18,10.7278,400.4022,0.002816,0.0,18,18,0,0,0
mixed,medium,2365,4,particle,1,1,18,10.7585,447.3465,0.002287,0.0,18,18,0,0,0
mixed,medium,2365,5,particle,1,1,18,10.7585,447.3465,0.001662,0.0,18,18,0,0,0
mixed,medium,2365,6,particle,1,1,27,10.6478,349.1879,0.00196,0.0,27,27,0,0,0
mixed,medium,2365,7,particle,1,1,18,10.7278,400.4022,0.002504,0.0,18,18,0,0,0
mixed,medium,2365,8,particle,1,1,21,10.7385,426.9655,0.002973,0.0,21,21,0,0,0
mixed,medium,2365,9,particle,1,1,22,10.7385,399.4161,0.00276,0.0,22,22,0,0,0
mixed,medium,3365,0,no_teacher,1,1,19,10.7316,393.0204,,0.0,0,19,0,0,0
mixed,medium,3365,1,no_teacher,1,1,21,10.6874,286.9129,,0.0,0,21,0,0,0
mixed,medium,3365,2,no_teacher,1,1,23,10.6674,280.1071,,0.0,0,23,0,0,0
mixed,medium,3365,3,no_teacher,1,1,41,10.7316,228.277,,0.0,0,41,0,0,0
mixed,medium,3365,4,no_teacher,1,1,24,10.7116,363.2444,,0.0,0,24,0,0,0
mixed,medium,3365,5,no_teacher,1,1,20,10.7116,379.9362,,0.0,0,20,0,0,0
mixed,medium,3365,6,no_teacher,1,1,18,10.7316,401.7091,,0.0,0,18,0,0,0
mixed,medium,3365,7,no_teacher,1,1,18,10.7316,401.7091,,0.0,0,18,0,0,0
mixed,medium,3365,8,no_teacher,1,1,26,10.7316,331.2288,,0.0,0,26,0,0,0
mixed,medium,3365,9,no_teacher,1,1,21,10.7116,372.3335,,0.0,0,21,0,0,0
mixed,medium,3365,0,always_help,1,1,42,10.6232,68.1205,,0.0,0,0,42,0,0
mixed,medium,3365,1,always_help,1,1,26,10.7316,101.6689,,0.0,0,0,26,0,0
mixed,medium,3365,2,always_help,1,1,41,10.5148,75.7007,,0.0,0,0,41,0,0
mixed,medium,3365,3,always_help,1,1,45,10.7316,64.0005,,0.0,0,0,45,0,0
mixed,medium,3365,4,always_help,1,1,23,10.7116,122.436,,0.0,0,0,23,0,0
mixed,medium,3365,5,always_help,1,1,44,10.7316,67.8152,,0.0,0,0,44,0,0
mixed,medium,3365,6,always_help,1,1,25,10.7116,118.1534,,0.0,0,0,25,0,0
mixed,medium,3365,7,always_help,1,1,34,10.6032,84.1606,,0.0,0,0,34,0,0
mixed,medium,3365,8,always_help,0,0,45,-1.2826,59.7176,,0.0,0,0,45,0,0
mixed,medium,3365,9,always_help,0,0,45,-1.2342,71.6955,,0.0,0,0,45,0,0
mixed,medium,3365,0,oracle,1,1,19,10.6874,86.0618,,0.0,0,0,19,0,0
mixed,medium,3365,1,oracle,1,1,20,10.7316,85.9555,,0.0,0,0,20,0,0
mixed,medium,3365,2,oracle,1,1,18,10.7316,92.1125,,0.0,0,0,18,0,0
mixed,medium,3365,3,oracle,1,1,22,10.6032,78.2116,,0.0,0,0,22,0,0
mixed,medium,3365,4,oracle,1,1,18,10.7316,90.6331,,0.0,0,0,18,0,0
mixed,medium,3365,5,oracle,0,0,45,-1.4068,43.5021,,0.0,0,0,45,0,0
mixed,medium,3365,6,oracle,1,1,18,10.7316,90.6331,,0.0,0,0,18,0,0
mixed,medium,3365,7,oracle,1,1,19,10.7316,88.6095,,0.0,0,0,19,0,0
mixed,medium,3365,8,oracle,1,1,18,10.7316,92.5017,,0.0,0,0,18,0,0
mixed,medium,3365,9,oracle,1,1,18,10.7316,91.9561,,0.0,0,0,18,0,0
mixed,medium,3365,0,particle,1,1,20,10.7316,383.4718,0.002275,0.0,20,20,0,0,0
mixed,medium,3365,1,particle,1,1,18,10.7316,394.7034,0.002164,0.0,18,18,0,0,0
mixed,medium,3365,2,particle,1,1,20,10.7316,382.4215,0.001867,0.0,20,20,0,0,0
mixed,medium,3365,3,particle,1,1,21,10.7116,389.3943,0.002167,0.0,21,21,0,0,0
mixed,medium,3365,4,particle,1,1,45,10.7116,226.0947,0.003627,0.0,45,45,0,0,0
mixed,medium,3365,5,particle,1,1,20,10.7316,372.5925,0.004397,0.0,20,20,0,0,0
mixed,medium,3365,6,particle,1,1,21,10.7116,374.644,0.001918,0.0,21,21,0,0,0
mixed,medium,3365,7,particle,1,1,20,10.7116,399.4737,0.003076,0.0,20,20,0,0,0
mixed,medium,3365,8,particle,1,1,24,10.6232,268.0986,0.003724,0.0,24,24,0,0,0
mixed,medium,3365,9,particle,1,1,22,10.7116,362.0598,0.001755,0.0,22,22,0,0,0
mixed,medium,4365,0,no_teacher,1,1,19,10.7149,372.0104,,0.0,0,19,0,0,0
mixed,medium,4365,1,no_teacher,1,1,20,10.6599,335.8494,,0.0,0,20,0,0,0
mixed,medium,4365,2,no_teacher,1,1,18,10.7499,427.8902,,0.0,0,18,0,0,0
mixed,medium,4365,3,no_teacher,1,1,18,10.7499,429.6591,,0.0,0,18,0,0,0
mixed,medium,4365,4,no_teacher,1,1,18,10.7149,380.3142,,0.0,0,18,0,0,0
mixed,medium,4365,5,no_teacher,1,1,22,10.7299,401.3042,,0.0,0,22,0,0,0
mixed,medium,4365,6,no_teacher,1,1,18,10.7499,427.5159,,0.0,0,18,0,0,0
mixed,medium,4365,7,no_teacher,1,1,25,10.7499,347.1913,,0.0,0,25,0,0,0
mixed,medium,4365,8,no_teacher,1,1,18,10.7499,432.2084,,0.0,0,18,0,0,0
mixed,medium,4365,9,no_teacher,1,1,24,10.7299,331.7307,,0.0,0,24,0,0,0
mixed,medium,4365,0,always_help,1,1,42,10.7499,69.9599,,0.0,0,0,42,0,0
mixed,medium,4365,1,always_help,0,0,45,-2.17,65.2947,,0.0,0,0,45,0,0
mixed,medium,4365,2,always_help,1,1,42,10.7499,72.6471,,0.0,0,0,42,0,0
mixed,medium,4365,3,always_help,0,0,45,-1.13,72.9531,,0.0,0,0,45,0,0
mixed,medium,4365,4,always_help,0,0,45,-2.18,71.538,,0.0,0,0,45,0,0
mixed,medium,4365,5,always_help,0,0,45,-1.205,63.5354,,0.0,0,0,45,0,0
mixed,medium,4365,6,always_help,1,1,41,10.6599,78.8968,,0.0,0,0,41,0,0
mixed,medium,4365,7,always_help,0,0,45,-1.3401,63.5705,,0.0,0,0,45,0,0
mixed,medium,4365,8,always_help,0,0,45,-1.2501,69.8645,,0.0,0,0,45,0,0
mixed,medium,4365,9,always_help,1,1,43,10.7499,71.5103,,0.0,0,0,43,0,0
mixed,medium,4365,0,oracle,1,1,23,10.7499,80.1735,,0.0,0,0,23,0,0
mixed,medium,4365,1,oracle,1,1,21,10.7499,83.9198,,0.0,0,0,21,0,0
mixed,medium,4365,2,oracle,1,1,20,10.7299,87.1264,,0.0,0,0,20,0,0
mixed,medium,4365,3,oracle,1,1,21,10.7499,83.6852,,0.0,0,0,21,0,0
mixed,medium,4365,4,oracle,1,1,20,10.6599,83.3162,,0.0,0,0,20,0,0
mixed,medium,4365,5,oracle,1,1,22,10.6749,81.7587,,0.0,0,0,22,0,0
mixed,medium,4365,6,oracle,1,1,18,10.7499,92.6323,,0.0,0,0,18,0,0
mixed,medium,4365,7,oracle,1,1,28,10.7499,63.6536,,0.0,0,0,28,0,0
mixed,medium,4365,8,oracle,1,1,19,10.7499,86.8246,,0.0,0,0,19,0,0
mixed,medium,4365,9,oracle,1,1,24,10.7299,73.0831,,0.0,0,0,24,0,0
mixed,medium,4365,0,particle,1,1,21,10.7299,407.1666,0.001704,0.0,21,21,0,0,0
mixed,medium,4365,1,particle,1,1,30,10.7499,142.241,0.004256,0.0,30,30,0,0,0
mixed,medium,4365,2,particle,1,1,18,10.7499,434.3761,0.001995,0.0,18,18,0,0,0
mixed,medium,4365,3,particle,1,1,18,10.7499,431.9553,0.002629,0.0,18,18,0,0,0
mixed,medium,4365,4,particle,1,1,19,10.7499,420.9409,0.002,0.0,19,19,0,0,0
mixed,medium,4365,5,particle,1,1,18,10.7499,431.1616,0.002867,0.0,18,18,0,0,0
mixed,medium,4365,6,particle,1,1,20,10.7299,429.2516,0.002466,0.0,20,20,0,0,0
mixed,medium,4365,7,particle,1,1,21,10.7299,368.3914,0.003325,0.0,21,21,0,0,0
mixed,medium,4365,8,particle,1,1,18,10.7499,432.2084,0.002198,0.0,18,18,0,0,0
mixed,medium,4365,9,particle,1,1,23,10.7499,378.6169,0.001438,0.0,23,23,0,0,0
mixed,medium,5365,0,no_teacher,1,1,21,10.7241,406.3041,,0.0,0,21,0,0,0
mixed,medium,5365,1,no_teacher,1,1,20,10.7441,350.993,,0.0,0,20,0,0,0
mixed,medium,5365,2,no_teacher,1,1,20,10.6862,367.5526,,0.0,0,20,0,0,0
mixed,medium,5365,3,no_teacher,1,1,19,10.7441,410.8374,,0.0,0,19,0,0,0
mixed,medium,5365,4,no_teacher,1,1,19,10.7062,321.4294,,0.0,0,19,0,0,0
mixed,medium,5365,5,no_teacher,1,1,18,10.7062,370.2275,,0.0,0,18,0,0,0
mixed,medium,5365,6,no_teacher,1,1,20,10.7441,400.2444,,0.0,0,20,0,0,0
mixed,medium,5365,7,no_teacher,1,1,21,10.7241,391.4441,,0.0,0,21,0,0,0
mixed,medium,5365,8,no_teacher,1,1,23,10.7041,347.1853,,0.0,0,23,0,0,0
mixed,medium,5365,9,no_teacher,1,1,19,10.7441,411.5053,,0.0,0,19,0,0,0
mixed,medium,5365,0,always_help,1,1,25,10.7441,102.1679,,0.0,0,0,25,0,0
mixed,medium,5365,1,always_help,0,0,45,-1.18,74.8247,,0.0,0,0,45,0,0
mixed,medium,5365,2,always_help,1,1,37,10.7241,85.2661,,0.0,0,0,37,0,0
mixed,medium,5365,3,always_help,0,0,45,-1.2079,72.6237,,0.0,0,0,45,0,0
mixed,medium,5365,4,always_help,1,1,45,10.7241,72.9598,,0.0,0,0,45,0,0
mixed,medium,5365,5,always_help,0,0,45,-1.3038,58.2185,,0.0,0,0,45,0,0
mixed,medium,5365,6,always_help,1,1,25,10.6862,105.5993,,0.0,0,0,25,0,0
mixed,medium,5365,7,always_help,0,0,45,-1.17,74.9433,,0.0,0,0,45,0,0
mixed,medium,5365,8,always_help,0,0,45,-1.4097,63.1943,,0.0,0,0,45,0,0
mixed,medium,5365,9,always_help,0,0,45,-1.2559,62.9686,,0.0,0,0,45,0,0
mixed,medium,5365,0,oracle,1,1,38,10.7241,55.1696,,0.0,0,0,38,0,0
mixed,medium,5365,1,oracle,1,1,23,10.7241,76.6215,,0.0,0,0,23,0,0
mixed,medium,5365,2,oracle,1,1,20,10.7241,86.9495,,0.0,0,0,20,0,0
mixed,medium,5365,3,oracle,1,1,18,10.7441,93.4478,,0.0,0,0,18,0,0
mixed,medium,5365,4,oracle,1,1,19,10.7441,90.1444,,0.0,0,0,19,0,0
mixed,medium,5365,5,oracle,1,1,20,10.7241,87.9454,,0.0,0,0,20,0,0
mixed,medium,5365,6,oracle,1,1,22,10.7441,79.1711,,0.0,0,0,22,0,0
mixed,medium,5365,7,oracle,1,1,19,10.7441,89.561,,0.0,0,0,19,0,0
mixed,medium,5365,8,oracle,1,1,24,10.6662,75.505,,0.0,0,0,24,0,0
mixed,medium,5365,9,oracle,1,1,18,10.7441,92.604,,0.0,0,0,18,0,0
mixed,medium,5365,0,particle,1,1,21,10.7241,402.2088,0.003658,0.0,21,21,0,0,0
mixed,medium,5365,1,particle,1,1,18,10.7441,420.7525,0.002501,0.0,18,18,0,0,0
mixed,medium,5365,2,particle,1,1,18,10.7441,421.7508,0.00225,0.0,18,18,0,0,0
mixed,medium,5365,3,particle,1,1,18,10.7441,417.9395,0.002137,0.0,18,18,0,0,0
mixed,medium,5365,4,particle,1,1,18,10.7441,420.5868,0.001733,0.0,18,18,0,0,0
mixed,medium,5365,5,particle,1,1,21,10.7441,269.854,0.002691,0.0,21,21,0,0,0
mixed,medium,5365,6,particle,1,1,22,10.7241,392.9365,0.002998,0.0,22,22,0,0,0
mixed,medium,5365,7,particle,1,1,21,10.7441,390.1614,0.001528,0.0,21,21,0,0,0
mixed,medium,5365,8,particle,1,1,21,10.7241,383.3744,0.00202,0.0,21,21,0,0,0
mixed,medium,5365,9,particle,1,1,20,10.7241,415.2144,0.002305,0.0,20,20,0,0,0
mixed,hard,1365,0,no_teacher,1,1,24,10.719,357.6184,,0.0,0,24,0,0,0
mixed,hard,1365,1,no_teacher,1,1,21,10.719,386.4608,,0.0,0,21,0,0,0
mixed,hard,1365,2,no_teacher,1,1,21,10.719,395.8316,,0.0,0,21,0,0,0
mixed,hard,1365,3,no_teacher,1,1,30,10.739,294.6108,,0.0,0,30,0,0,0
mixed,hard,1365,4,no_teacher,1,1,21,10.6785,336.1876,,0.0,0,21,0,0,0
mixed,hard,1365,5,no_teacher,1,1,20,10.719,397.1739,,0.0,0,20,0,0,0
mixed,hard,1365,6,no_teacher,1,1,18,10.739,411.2395,,0.0,0,18,0,0,0
mixed,hard,1365,7,no_teacher,1,1,20,10.6379,304.6666,,0.0,0,20,0,0,0
mixed,hard,1365,8,no_teacher,1,1,23,10.699,378.4626,,0.0,0,23,0,0,0
mixed,hard,1365,9,no_teacher,1,1,20,10.739,335.1077,,0.0,0,20,0,0,0
mixed,hard,1365,0,always_help,0,0,38,-1.251,82.2081,,0.0,0,0,38,0,0
mixed,hard,1365,1,always_help,1,1,31,10.739,100.7486,,0.0,0,0,31,0,0
mixed,hard,1365,2,always_help,0,0,38,-1.2005,88.0994,,0.0,0,0,38,0,0
mixed,hard,1365,3,always_help,0,0,38,-1.221,72.9762,,0.0,0,0,38,0,0
mixed,hard,1365,4,always_help,0,0,38,-1.1905,73.3208,,0.0,0,0,38,0,0
mixed,hard,1365,5,always_help,0,0,38,-1.1905,75.0773,,0.0,0,0,38,0,0
mixed,hard,1365,6,always_help,1,1,35,10.6179,95.1817,,0.0,0,0,35,0,0
mixed,hard,1365,7,always_help,0,0,38,-1.231,77.7571,,0.0,0,0,38,0,0
mixed,hard,1365,8,always_help,1,1,28,10.739,116.0669,,0.0,0,0,28,0,0
mixed,hard,1365,9,always_help,0,0,38,-1.251,67.0919,,0.0,0,0,38,0,0
mixed,hard,1365,0,oracle,0,0,38,-2.2,37.6607,,0.0,0,0,38,0,0
mixed,hard,1365,1,oracle,1,1,20,10.6785,84.1358,,0.0,0,0,20,0,0
mixed,hard,1365,2,oracle,1,1,18,10.739,92.8137,,0.0,0,0,18,0,0
mixed,hard,1365,3,oracle,1,1,19,10.739,89.5226,,0.0,0,0,19,0,0
mixed,hard,1365,4,oracle,1,1,21,10.719,82.5334,,0.0,0,0,21,0,0
mixed,hard,1365,5,oracle,1,1,26,10.739,70.0826,,0.0,0,0,26,0,0
mixed,hard,1365,6,oracle,1,1,18,10.739,92.6966,,0.0,0,0,18,0,0
mixed,hard,1365,7,oracle,1,1,22,10.6785,79.772,,0.0,0,0,22,0,0
mixed,hard,1365,8,oracle,1,1,18,10.739,92.1131,,0.0,0,0,18,0,0
mixed,hard,1365,9,oracle,1,1,20,10.719,88.6273,,0.0,0,0,20,0,0
mixed,hard,1365,0,particle,1,1,18,10.739,410.0616,0.002374,0.0,18,18,0,0,0
mixed,hard,1365,1,particle,1,1,21,10.719,400.5809,0.002069,0.0,21,21,0,0,0
mixed,hard,1365,2,particle,1,1,24,10.739,345.3205,0.004484,0.0,24,24,0,0,0
mixed,hard,1365,3,particle,1,1,20,10.6379,316.8241,0.002659,0.0,20,20,0,0,0
mixed,hard,1365,4,particle,1,1,21,10.739,335.9866,0.003096,0.0,21,21,0,0,0
mixed,hard,1365,5,particle,1,1,20,10.5974,273.9384,0.002211,0.0,20,20,0,0,0
mixed,hard,1365,6,particle,1,1,19,10.739,394.1332,0.002063,0.0,19,19,0,0,0
mixed,hard,1365,7,particle,1,1,20,10.6785,340.3871,0.003351,0.0,20,20,0,0,0
mixed,hard,1365,8,particle,1,1,22,10.699,396.4037,0.003794,0.0,22,22,0,0,0
mixed,hard,1365,9,particle,1,1,19,10.739,401.6704,0.002486,0.0,19,19,0,0,0
mixed,hard,2365,0,no_teacher,1,1,20,10.7385,435.0504,,0.0,0,20,0,0,0
mixed,hard,2365,1,no_teacher,1,1,20,10.7585,407.2278,,0.0,0,20,0,0,0
mixed,hard,2365,2,no_teacher,1,1,21,10.7585,410.7704,,0.0,0,21,0,0,0
mixed,hard,2365,3,no_teacher,1,1,20,10.7078,379.8358,,0.0,0,20,0,0,0
mixed,hard,2365,4,no_teacher,1,1,20,10.7585,418.7906,,0.0,0,20,0,0,0
mixed,hard,2365,5,no_teacher,1,1,20,10.7078,396.8893,,0.0,0,20,0,0,0
mixed,hard,2365,6,no_teacher,1,1,21,10.7585,409.2078,,0.0,0,21,0,0,0
mixed,hard,2365,7,no_teacher,1,1,19,10.7585,434.6132,,0.0,0,19,0,0,0
mixed,hard,2365,8,no_teacher,1,1,20,10.7078,390.7937,,0.0,0,20,0,0,0
mixed,hard,2365,9,no_teacher,0,0,11,-5.435,448.9083,,0.0,0,11,0,0,0
mixed,hard,2365,0,always_help,0,0,38,-1.12,87.1776,,0.0,0,0,38,0,0
mixed,hard,2365,1,always_help,1,1,20,10.7585,143.2941,,0.0,0,0,20,0,0
mixed,hard,2365,2,always_help,1,1,32,10.7585,96.8055,,0.0,0,0,32,0,0
mixed,hard,2365,3,always_help,0,0,38,-1.1907,81.8476,,0.0,0,0,38,0,0
mixed,hard,2365,4,always_help,0,0,38,-1.1807,81.8822,,0.0,0,0,38,0,0
mixed,hard,2365,5,always_help,0,0,38,-2.13,81.9479,,0.0,0,0,38,0,0
mixed,hard,2365,6,always_help,1,1,29,10.7078,107.5712,,0.0,0,0,29,0,0
mixed,hard,2365,7,always_help,0,0,38,-1.1807,83.9459,,0.0,0,0,38,0,0
mixed,hard,2365,8,always_help,1,1,27,10.7385,115.4581,,0.0,0,0,27,0,0
mixed,hard,2365,9,always_help,0,0,38,-1.16,86.3169,,0.0,0,0,38,0,0
mixed,hard,2365,0,oracle,1,1,20,10.6464,81.8237,,0.0,0,0,20,0,0
mixed,hard,2365,1,oracle,1,1,19,10.7585,89.1313,,0.0,0,0,19,0,0
mixed,hard,2365,2,oracle,1,1,21,10.7385,88.4556,,0.0,0,0,21,0,0
mixed,hard,2365,3,oracle,1,1,21,10.7585,84.524,,0.0,0,0,21,0,0
mixed,hard,2365,4,oracle,1,1,20,10.7385,87.202,,0.0,0,0,20,0,0
mixed,hard,2365,5,oracle,1,1,23,10.7185,80.9065,,0.0,0,0,23,0,0
mixed,hard,2365,6,oracle,1,1,23,10.6878,76.9411,,0.0,0,0,23,0,0
mixed,hard,2365,7,oracle,1,1,18,10.7585,94.6293,,0.0,0,0,18,0,0
mixed,hard,2365,8,oracle,1,1,19,10.7585,90.7205,,0.0,0,0,19,0,0
mixed,hard,2365,9,oracle,1,1,20,10.7385,91.3404,,0.0,0,0,20,0,0
mixed,hard,2365,0,particle,1,1,20,10.7385,421.9014,0.00265,0.0,20,20,0,0,0
mixed,hard,2365,1,particle,1,1,18,10.7585,447.3465,0.002406,0.0,18,18,0,0,0
mixed,hard,2365,2,particle,1,1,20,10.7385,422.4328,0.001999,0.0,20,20,0,0,0
mixed,hard,2365,3,particle,1,1,18,10.7585,442.9197,0.002043,0.0,18,18,0,0,0
mixed,hard,2365,4,particle,1,1,21,10.7385,429.1488,0.001891,0.0,21,21,0,0,0
mixed,hard,2365,5,particle,1,1,23,10.7185,425.4644,0.001473,0.0,23,23,0,0,0
mixed,hard,2365,6,particle,1,1,25,10.7078,277.6326,0.002332,0.0,25,25,0,0,0
mixed,hard,2365,7,particle,1,1,20,10.7385,438.8914,0.002531,0.0,20,20,0,0,0
mixed,hard,2365,8,particle,1,1,27,10.6785,325.0277,0.00212,0.0,27,27,0,0,0
mixed,hard,2365,9,particle,1,1,21,10.7585,408.0915,0.002698,0.0,21,21,0,0,0
mixed,hard,3365,0,no_teacher,1,1,20,10.6674,329.6387,,0.0,0,20,0,0,0
mixed,hard,3365,1,no_teacher,1,1,22,10.6032,307.6918,,0.0,0,22,0,0,0
mixed,hard,3365,2,no_teacher,1,1,19,10.7316,338.1352,,0.0,0,19,0,0,0
mixed,hard,3365,3,no_teacher,1,1,18,10.7316,401.7091,,0.0,0,18,0,0,0
mixed,hard,3365,4,no_teacher,1,1,19,10.7316,392.6437,,0.0,0,19,0,0,0
mixed,hard,3365,5,no_teacher,1,1,20,10.7116,379.8452,,0.0,0,20,0,0,0
mixed,hard,3365,6,no_teacher,1,1,21,10.7116,374.1737,,0.0,0,21,0,0,0
mixed,hard,3365,7,no_teacher,1,1,25,10.7116,342.7283,,0.0,0,25,0,0,0
mixed,hard,3365,8,no_teacher,1,1,22,10.579,254.1427,,0.0,0,22,0,0,0
mixed,hard,3365,9,no_teacher,1,1,18,10.7316,402.4486,,0.0,0,18,0,0,0
mixed,hard,3365,0,always_help,0,0,38,-1.14,84.7753,,0.0,0,0,38,0,0
mixed,hard,3365,1,always_help,0,0,38,-1.1942,73.398,,0.0,0,0,38,0,0
mixed,hard,3365,2,always_help,1,1,38,10.6674,70.8109,,0.0,0,0,38,0,0
mixed,hard,3365,3,always_help,0,0,38,-1.2584,72.9047,,0.0,0,0,38,0,0
mixed,hard,3365,4,always_help,0,0,38,-1.1942,83.1697,,0.0,0,0,38,0,0
mixed,hard,3365,5,always_help,0,0,38,-1.12,85.0631,,0.0,0,0,38,0,0
mixed,hard,3365,6,always_help,1,1,19,10.7316,144.4524,,0.0,0,0,19,0,0
mixed,hard,3365,7,always_help,0,0,38,-1.1942,57.8262,,0.0,0,0,38,0,0
mixed,hard,3365,8,always_help,0,0,38,-1.1942,81.1664,,0.0,0,0,38,0,0
mixed,hard,3365,9,always_help,0,0,38,-1.12,83.6105,,0.0,0,0,38,0,0
mixed,hard,3365,0,oracle,1,1,23,10.6916,76.9947,,0.0,0,0,23,0,0
mixed,hard,3365,1,oracle,1,1,18,10.7316,92.4476,,0.0,0,0,18,0,0
mixed,hard,3365,2,oracle,1,1,18,10.7316,90.6998,,0.0,0,0,18,0,0
mixed,hard,3365,3,oracle,1,1,19,10.7316,88.0913,,0.0,0,0,19,0,0
mixed,hard,3365,4,oracle,1,1,19,10.7316,88.7861,,0.0,0,0,19,0,0
mixed,hard,3365,5,oracle,1,1,18,10.7316,91.9113,,0.0,0,0,18,0,0
mixed,hard,3365,6,oracle,1,1,21,10.7316,80.8842,,0.0,0,0,21,0,0
mixed,hard,3365,7,oracle,1,1,20,10.7116,89.4542,,0.0,0,0,20,0,0
mixed,hard,3365,8,oracle,1,1,18,10.6874,88.9418,,0.0,0,0,18,0,0
mixed,hard,3365,9,oracle,1,1,20,10.7116,89.2366,,0.0,0,0,20,0,0
mixed,hard,3365,0,particle,1,1,19,10.7316,392.8831,0.002431,0.0,19,19,0,0,0
mixed,hard,3365,1,particle,1,1,24,10.7316,223.205,0.002153,0.0,24,24,0,0,0
mixed,hard,3365,2,particle,1,1,28,10.6032,182.1661,0.002486,0.0,28,28,0,0,0
mixed,hard,3365,3,particle,1,1,18,10.7316,402.0998,0.002598,0.0,18,18,0,0,0
mixed,hard,3365,4,particle,1,1,22,10.6916,377.5623,0.003437,0.0,22,22,0,0,0
mixed,hard,3365,5,particle,1,1,30,10.7116,231.0106,0.002884,0.0,30,30,0,0,0
mixed,hard,3365,6,particle,1,1,19,10.7316,393.584,0.003867,0.0,19,19,0,0,0
mixed,hard,3365,7,particle,1,1,28,10.7116,330.0716,0.002745,0.0,28,28,0,0,0
mixed,hard,3365,8,particle,1,1,21,10.7116,387.8576,0.003671,0.0,21,21,0,0,0
mixed,hard,3365,9,particle,1,1,18,10.7316,402.6843,0.002305,0.0,18,18,0,0,0
mixed,hard,4365,0,no_teacher,1,1,18,10.7499,438.091,,0.0,0,18,0,0,0
mixed,hard,4365,1,no_teacher,1,1,18,10.7499,429.2848,,0.0,0,18,0,0,0
mixed,hard,4365,2,no_teacher,1,1,35,10.7299,293.7579,,0.0,0,35,0,0,0
mixed,hard,4365,3,no_teacher,1,1,19,10.7499,419.7958,,0.0,0,19,0,0,0
mixed,hard,4365,4,no_teacher,1,1,26,10.6899,360.9103,,0.0,0,26,0,0,0
mixed,hard,4365,5,no_teacher,1,1,19,10.7499,420.7279,,0.0,0,19,0,0,0
mixed,hard,4365,6,no_teacher,1,1,19,10.7499,420.9409,,0.0,0,19,0,0,0
mixed,hard,4365,7,no_teacher,1,1,21,10.7499,391.3263,,0.0,0,21,0,0,0
mixed,hard,4365,8,no_teacher,1,1,19,10.7149,369.1284,,0.0,0,19,0,0,0
mixed,hard,4365,9,no_teacher,1,1,20,10.6949,356.1199,,0.0,0,20,0,0,0
mixed,hard,4365,0,always_help,0,0,38,-1.12,87.3418,,0.0,0,0,38,0,0
mixed,hard,4365,1,always_help,0,0,38,-2.13,84.0172,,0.0,0,0,38,0,0
mixed,hard,4365,2,always_help,1,1,26,10.7499,112.8896,,0.0,0,0,26,0,0
mixed,hard,4365,3,always_help,1,1,27,10.7499,109.8244,,0.0,0,0,27,0,0
mixed,hard,4365,4,always_help,1,1,20,10.7499,138.3659,,0.0,0,0,20,0,0
mixed,hard,4365,5,always_help,1,1,21,10.7149,127.8166,,0.0,0,0,21,0,0
mixed,hard,4365,6,always_help,0,0,38,-1.185,79.9941,,0.0,0,0,38,0,0
mixed,hard,4365,7,always_help,0,0,38,-1.165,76.5139,,0.0,0,0,38,0,0
mixed,hard,4365,8,always_help,1,1,30,10.7499,99.3652,,0.0,0,0,30,0,0
mixed,hard,4365,9,always_help,0,0,38,-1.225,86.3981,,0.0,0,0,38,0,0
mixed,hard,4365,0,oracle,1,1,20,10.7299,90.8078,,0.0,0,0,20,0,0
mixed,hard,4365,1,oracle,1,1,21,10.7299,81.9632,,0.0,0,0,21,0,0
mixed,hard,4365,2,oracle,1,1,21,10.6949,85.6242,,0.0,0,0,21,0,0
mixed,hard,4365,3,oracle,1,1,23,10.6399,74.9226,,0.0,0,0,23,0,0
mixed,hard,4365,4,oracle,1,1,18,10.7499,93.1189,,0.0,0,0,18,0,0
mixed,hard,4365,5,oracle,1,1,20,10.7299,90.7456,,0.0,0,0,20,0,0
mixed,hard,4365,6,oracle,1,1,20,10.7299,90.6674,,0.0,0,0,20,0,0
mixed,hard,4365,7,oracle,1,1,18,10.7499,91.6591,,0.0,0,0,18,0,0
mixed,hard,4365,8,oracle,1,1,19,10.7149,85.2685,,0.0,0,0,19,0,0
mixed,hard,4365,9,oracle,1,1,19,10.7499,86.4172,,0.0,0,0,19,0,0
mixed,hard,4365,0,particle,1,1,21,10.6949,369.0647,0.001857,0.0,21,21,0,0,0
mixed,hard,4365,1,particle,1,1,20,10.7299,426.5359,0.001383,0.0,20,20,0,0,0
mixed,hard,4365,2,particle,1,1,18,10.7499,432.2084,0.001631,0.0,18,18,0,0,0
mixed,hard,4365,3,particle,1,1,18,10.7499,431.834,0.002461,0.0,18,18,0,0,0
mixed,hard,4365,4,particle,1,1,18,10.7499,379.2815,0.023629,0.0556,18,17,1,0,0
mixed,hard,4365,5,particle,1,1,19,10.7499,420.1055,0.002156,0.0,19,19,0,0,0
mixed,hard,4365,6,particle,1,1,20,10.7299,425.6072,0.002423,0.0,20,20,0,0,0
mixed,hard,4365,7,particle,1,1,20,10.7299,405.6322,0.001872,0.0,20,20,0,0,0
mixed,hard,4365,8,particle,1,1,21,10.7299,411.4914,0.001951,0.0,21,21,0,0,0
mixed,hard,4365,9,particle,1,1,23,10.7099,366.8456,0.002291,0.0,23,23,0,0,0
mixed,hard,5365,0,no_teacher,1,1,31,10.7441,128.1565,,0.0,0,31,0,0,0
mixed,hard,5365,1,no_teacher,1,1,22,10.6282,302.7682,,0.0,0,22,0,0,0
mixed,hard,5365,2,no_teacher,1,1,21,10.6482,309.338,,0.0,0,21,0,0,0
mixed,hard,5365,3,no_teacher,1,1,19,10.7441,410.8374,,0.0,0,19,0,0,0
mixed,hard,5365,4,no_teacher,1,1,18,10.7062,365.7329,,0.0,0,18,0,0,0
mixed,hard,5365,5,no_teacher,1,1,18,10.7441,416.0187,,0.0,0,18,0,0,0
mixed,hard,5365,6,no_teacher,1,1,18,10.7441,421.7508,,0.0,0,18,0,0,0
mixed,hard,5365,7,no_teacher,1,1,24,10.6282,277.9615,,0.0,0,24,0,0,0
mixed,hard,5365,8,no_teacher,1,1,27,10.6482,235.0524,,0.0,0,27,0,0,0
mixed,hard,5365,9,no_teacher,1,1,20,10.7241,415.3692,,0.0,0,20,0,0,0
mixed,hard,5365,0,always_help,1,1,29,10.7441,98.7626,,0.0,0,0,29,0,0
mixed,hard,5365,1,always_help,0,0,38,-1.16,87.9907,,0.0,0,0,38,0,0
mixed,hard,5365,2,always_help,1,1,25,10.7441,120.7793,,0.0,0,0,25,0,0
mixed,hard,5365,3,always_help,1,1,37,10.7241,77.0344,,0.0,0,0,37,0,0
mixed,hard,5365,4,always_help,1,1,30,10.7241,105.4586,,0.0,0,0,30,0,0
mixed,hard,5365,5,always_help,0,0,38,-1.16,87.0942,,0.0,0,0,38,0,0
mixed,hard,5365,6,always_help,0,0,38,-1.1679,72.6592,,0.0,0,0,38,0,0
mixed,hard,5365,7,always_help,0,0,38,-1.2159,76.3709,,0.0,0,0,38,0,0
mixed,hard,5365,8,always_help,1,1,28,10.7062,105.7074,,0.0,0,0,28,0,0
mixed,hard,5365,9,always_help,0,0,38,-1.2359,85.8836,,0.0,0,0,38,0,0
mixed,hard,5365,0,oracle,1,1,21,10.7062,77.4989,,0.0,0,0,21,0,0
mixed,hard,5365,1,oracle,1,1,18,10.7441,92.4874,,0.0,0,0,18,0,0
mixed,hard,5365,2,oracle,1,1,23,10.6662,82.8516,,0.0,0,0,23,0,0
mixed,hard,5365,3,oracle,1,1,26,10.7041,74.0457,,0.0,0,0,26,0,0
mixed,hard,5365,4,oracle,1,1,23,10.7041,76.645,,0.0,0,0,23,0,0
mixed,hard,5365,5,oracle,1,1,18,10.7441,93.4478,,0.0,0,0,18,0,0
mixed,hard,5365,6,oracle,1,1,20,10.7441,85.3694,,0.0,0,0,20,0,0
mixed,hard,5365,7,oracle,1,1,18,10.7441,93.2761,,0.0,0,0,18,0,0
mixed,hard,5365,8,oracle,1,1,23,10.7041,80.0149,,0.0,0,0,23,0,0
mixed,hard,5365,9,oracle,1,1,18,10.7441,93.4478,,0.0,0,0,18,0,0
mixed,hard,5365,0,particle,1,1,23,10.6662,355.1071,0.001617,0.0,23,23,0,0,0
mixed,hard,5365,1,particle,1,1,18,10.7062,368.1291,0.00185,0.0,18,18,0,0,0
mixed,hard,5365,2,particle,1,1,18,10.7441,421.1183,0.001844,0.0,18,18,0,0,0
mixed,hard,5365,3,particle,1,1,18,10.7441,418.1441,0.001504,0.0,18,18,0,0,0
mixed,hard,5365,4,particle,1,1,22,10.7241,349.1937,0.001838,0.0,22,22,0,0,0
mixed,hard,5365,5,particle,1,1,18,10.7441,420.5868,0.001755,0.0,18,18,0,0,0
mixed,hard,5365,6,particle,1,1,18,10.7441,422.1166,0.001936,0.0,18,18,0,0,0
mixed,hard,5365,7,particle,1,1,21,10.7241,390.0607,0.001837,0.0,21,21,0,0,0
mixed,hard,5365,8,particle,1,1,23,10.7041,373.8377,0.001785,0.0,23,23,0,0,0
mixed,hard,5365,9,particle,1,1,19,10.7441,411.3616,0.001799,0.0,19,19,0,0,0
