family,difficulty,baseline,seed,episode,success,steps,warn_count,block_count,block_on_hazard
semantic_trap,easy,no_teacher,0,0,1,18,0,0,0
semantic_trap,easy,no_teacher,0,1,1,18,0,0,0
semantic_trap,easy,no_teacher,0,2,0,50,0,0,0
semantic_trap,easy,no_teacher,0,3,0,50,0,0,0
semantic_trap,easy,no_teacher,0,4,0,50,0,0,0
semantic_trap,easy,no_teacher,0,5,0,50,0,0,0
semantic_trap,easy,no_teacher,0,6,0,50,0,0,0
semantic_trap,easy,no_teacher,0,7,0,50,0,0,0
semantic_trap,easy,no_teacher,0,8,0,50,0,0,0
semantic_trap,easy,no_teacher,0,9,0,50,0,0,0
semantic_trap,easy,no_teacher,1,0,0,50,0,0,0
semantic_trap,easy,no_teacher,1,1,0,50,0,0,0
semantic_trap,easy,no_teacher,1,2,0,50,0,0,0
semantic_trap,easy,no_teacher,1,3,1,18,0,0,0
semantic_trap,easy,no_teacher,1,4,1,18,0,0,0
semantic_trap,easy,no_teacher,1,5,0,50,0,0,0
semantic_trap,easy,no_teacher,1,6,0,50,0,0,0
semantic_trap,easy,no_teacher,1,7,1,25,0,0,0
semantic_trap,easy,no_teacher,1,8,0,50,0,0,0
semantic_trap,easy,no_teacher,1,9,1,20,0,0,0
semantic_trap,easy,no_teacher,2,0,0,50,0,0,0
semantic_trap,easy,no_teacher,2,1,0,50,0,0,0
semantic_trap,easy,no_teacher,2,2,0,50,0,0,0
semantic_trap,easy,no_teacher,2,3,0,50,0,0,0
semantic_trap,easy,no_teacher,2,4,0,50,0,0,0
semantic_trap,easy,no_teacher,2,5,0,50,0,0,0
semantic_trap,easy,no_teacher,2,6,0,50,0,0,0
semantic_trap,easy,no_teacher,2,7,0,50,0,0,0
semantic_trap,easy,no_teacher,2,8,0,50,0,0,0
semantic_trap,easy,no_teacher,2,9,0,50,0,0,0
semantic_trap,easy,no_teacher,3,0,0,50,0,0,0
semantic_trap,easy,no_teacher,3,1,0,50,0,0,0
semantic_trap,easy,no_teacher,3,2,0,50,0,0,0
semantic_trap,easy,no_teacher,3,3,0,50,0,0,0
semantic_trap,easy,no_teacher,3,4,0,50,0,0,0
semantic_trap,easy,no_teacher,3,5,0,50,0,0,0
semantic_trap,easy,no_teacher,3,6,0,50,0,0,0
semantic_trap,easy,no_teacher,3,7,0,50,0,0,0
semantic_trap,easy,no_teacher,3,8,0,50,0,0,0
semantic_trap,easy,no_teacher,3,9,0,50,0,0,0
semantic_trap,easy,no_teacher,4,0,1,18,0,0,0
semantic_trap,easy,no_teacher,4,1,0,50,0,0,0
semantic_trap,easy,no_teacher,4,2,0,50,0,0,0
semantic_trap,easy,no_teacher,4,3,1,19,0,0,0
semantic_trap,easy,no_teacher,4,4,1,18,0,0,0
semantic_trap,easy,no_teacher,4,5,0,50,0,0,0
semantic_trap,easy,no_teacher,4,6,0,50,0,0,0
semantic_trap,easy,no_teacher,4,7,0,50,0,0,0
semantic_trap,easy,no_teacher,4,8,1,18,0,0,0
semantic_trap,easy,no_teacher,4,9,1,18,0,0,0
semantic_trap,easy,no_teacher,5,0,0,50,0,0,0
semantic_trap,easy,no_teacher,5,1,0,50,0,0,0
semantic_trap,easy,no_teacher,5,2,0,50,0,0,0
semantic_trap,easy,no_teacher,5,3,0,50,0,0,0
semantic_trap,easy,no_teacher,5,4,0,50,0,0,0
semantic_trap,easy,no_teacher,5,5,0,50,0,0,0
semantic_trap,easy,no_teacher,5,6,0,50,0,0,0
semantic_trap,easy,no_teacher,5,7,0,50,0,0,0
semantic_trap,easy,no_teacher,5,8,0,50,0,0,0
semantic_trap,easy,no_teacher,5,9,0,50,0,0,0
semantic_trap,easy,no_teacher,6,0,0,50,0,0,0
semantic_trap,easy,no_teacher,6,1,0,50,0,0,0
semantic_trap,easy,no_teacher,6,2,0,50,0,0,0
semantic_trap,easy,no_teacher,6,3,0,50,0,0,0
semantic_trap,easy,no_teacher,6,4,0,50,0,0,0
semantic_trap,easy,no_teacher,6,5,1,21,0,0,0
semantic_trap,easy,no_teacher,6,6,0,50,0,0,0
semantic_trap,easy,no_teacher,6,7,0,50,0,0,0
semantic_trap,easy,no_teacher,6,8,0,50,0,0,0
semantic_trap,easy,no_teacher,6,9,0,50,0,0,0
semantic_trap,easy,no_teacher,7,0,0,50,0,0,0
semantic_trap,easy,no_teacher,7,1,0,50,0,0,0
semantic_trap,easy,no_teacher,7,2,1,18,0,0,0
semantic_trap,easy,no_teacher,7,3,0,50,0,0,0
semantic_trap,easy,no_teacher,7,4,0,50,0,0,0
semantic_trap,easy,no_teacher,7,5,0,50,0,0,0
semantic_trap,easy,no_teacher,7,6,1,18,0,0,0
semantic_trap,easy,no_teacher,7,7,0,12,0,0,0
semantic_trap,easy,no_teacher,7,8,0,50,0,0,0
semantic_trap,easy,no_teacher,7,9,0,50,0,0,0
semantic_trap,easy,no_teacher,8,0,0,50,0,0,0
semantic_trap,easy,no_teacher,8,1,0,50,0,0,0
semantic_trap,easy,no_teacher,8,2,0,50,0,0,0
semantic_trap,easy,no_teacher,8,3,0,50,0,0,0
semantic_trap,easy,no_teacher,8,4,0,50,0,0,0
semantic_trap,easy,no_teacher,8,5,0,50,0,0,0
semantic_trap,easy,no_teacher,8,6,0,50,0,0,0
semantic_trap,easy,no_teacher,8,7,0,50,0,0,0
semantic_trap,easy,no_teacher,8,8,0,50,0,0,0
semantic_trap,easy,no_teacher,8,9,0,50,0,0,0
semantic_trap,easy,no_teacher,9,0,0,50,0,0,0
semantic_trap,easy,no_teacher,9,1,0,50,0,0,0
semantic_trap,easy,no_teacher,9,2,0,50,0,0,0
semantic_trap,easy,no_teacher,9,3,0,50,0,0,0
semantic_trap,easy,no_teacher,9,4,1,23,0,0,0
semantic_trap,easy,no_teacher,9,5,0,50,0,0,0
semantic_trap,easy,no_teacher,9,6,0,50,0,0,0
semantic_trap,easy,no_teacher,9,7,0,50,0,0,0
semantic_trap,easy,no_teacher,9,8,0,50,0,0,0
semantic_trap,easy,no_teacher,9,9,0,50,0,0,0
semantic_trap,easy,no_teacher,10,0,0,50,0,0,0
semantic_trap,easy,no_teacher,10,1,0,50,0,0,0
semantic_trap,easy,no_teacher,10,2,0,50,0,0,0
semantic_trap,easy,no_teacher,10,3,0,50,0,0,0
semantic_trap,easy,no_teacher,10,4,0,50,0,0,0
semantic_trap,easy,no_teacher,10,5,0,50,0,0,0
semantic_trap,easy,no_teacher,10,6,0,50,0,0,0
semantic_trap,easy,no_teacher,10,7,0,50,0,0,0
semantic_trap,easy,no_teacher,10,8,0,50,0,0,0
semantic_trap,easy,no_teacher,10,9,0,50,0,0,0
semantic_trap,easy,no_teacher,11,0,0,50,0,0,0
semantic_trap,easy,no_teacher,11,1,1,21,0,0,0
semantic_trap,easy,no_teacher,11,2,0,50,0,0,0
semantic_trap,easy,no_teacher,11,3,1,18,0,0,0
semantic_trap,easy,no_teacher,11,4,0,50,0,0,0
semantic_trap,easy,no_teacher,11,5,0,50,0,0,0
semantic_trap,easy,no_teacher,11,6,1,18,0,0,0
semantic_trap,easy,no_teacher,11,7,0,50,0,0,0
semantic_trap,easy,no_teacher,11,8,0,50,0,0,0
semantic_trap,easy,no_teacher,11,9,0,50,0,0,0
semantic_trap,easy,no_teacher,12,0,0,50,0,0,0
semantic_trap,easy,no_teacher,12,1,0,50,0,0,0
semantic_trap,easy,no_teacher,12,2,0,50,0,0,0
semantic_trap,easy,no_teacher,12,3,0,50,0,0,0
semantic_trap,easy,no_teacher,12,4,0,50,0,0,0
semantic_trap,easy,no_teacher,12,5,0,50,0,0,0
semantic_trap,easy,no_teacher,12,6,0,50,0,0,0
semantic_trap,easy,no_teacher,12,7,0,50,0,0,0
semantic_trap,easy,no_teacher,12,8,0,50,0,0,0
semantic_trap,easy,no_teacher,12,9,0,50,0,0,0
semantic_trap,easy,no_teacher,13,0,0,50,0,0,0
semantic_trap,easy,no_teacher,13,1,0,50,0,0,0
semantic_trap,easy,no_teacher,13,2,0,50,0,0,0
semantic_trap,easy,no_teacher,13,3,0,50,0,0,0
semantic_trap,easy,no_teacher,13,4,0,50,0,0,0
semantic_trap,easy,no_teacher,13,5,0,50,0,0,0
semantic_trap,easy,no_teacher,13,6,1,18,0,0,0
semantic_trap,easy,no_teacher,13,7,1,20,0,0,0
semantic_trap,easy,no_teacher,13,8,0,50,0,0,0
semantic_trap,easy,no_teacher,13,9,0,50,0,0,0
semantic_trap,easy,no_teacher,14,0,0,50,0,0,0
semantic_trap,easy,no_teacher,14,1,0,50,0,0,0
semantic_trap,easy,no_teacher,14,2,1,22,0,0,0
semantic_trap,easy,no_teacher,14,3,0,50,0,0,0
semantic_trap,easy,no_teacher,14,4,1,22,0,0,0
semantic_trap,easy,no_teacher,14,5,0,50,0,0,0
semantic_trap,easy,no_teacher,14,6,0,50,0,0,0
semantic_trap,easy,no_teacher,14,7,1,18,0,0,0
semantic_trap,easy,no_teacher,14,8,0,50,0,0,0
semantic_trap,easy,no_teacher,14,9,1,18,0,0,0
semantic_trap,easy,no_teacher,15,0,0,50,0,0,0
semantic_trap,easy,no_teacher,15,1,0,50,0,0,0
semantic_trap,easy,no_teacher,15,2,1,21,0,0,0
semantic_trap,easy,no_teacher,15,3,1,19,0,0,0
semantic_trap,easy,no_teacher,15,4,0,50,0,0,0
semantic_trap,easy,no_teacher,15,5,0,50,0,0,0
semantic_trap,easy,no_teacher,15,6,1,20,0,0,0
semantic_trap,easy,no_teacher,15,7,0,50,0,0,0
semantic_trap,easy,no_teacher,15,8,1,18,0,0,0
semantic_trap,easy,no_teacher,15,9,1,18,0,0,0
semantic_trap,easy,no_teacher,16,0,0,50,0,0,0
semantic_trap,easy,no_teacher,16,1,0,50,0,0,0
semantic_trap,easy,no_teacher,16,2,0,14,0,0,0
semantic_trap,easy,no_teacher,16,3,1,18,0,0,0
semantic_trap,easy,no_teacher,16,4,0,50,0,0,0
semantic_trap,easy,no_teacher,16,5,1,20,0,0,0
semantic_trap,easy,no_teacher,16,6,1,18,0,0,0
semantic_trap,easy,no_teacher,16,7,0,50,0,0,0
semantic_trap,easy,no_teacher,16,8,1,18,0,0,0
semantic_trap,easy,no_teacher,16,9,1,18,0,0,0
semantic_trap,easy,no_teacher,17,0,0,50,0,0,0
semantic_trap,easy,no_teacher,17,1,0,50,0,0,0
semantic_trap,easy,no_teacher,17,2,0,50,0,0,0
semantic_trap,easy,no_teacher,17,3,0,50,0,0,0
semantic_trap,easy,no_teacher,17,4,0,50,0,0,0
semantic_trap,easy,no_teacher,17,5,0,50,0,0,0
semantic_trap,easy,no_teacher,17,6,0,50,0,0,0
semantic_trap,easy,no_teacher,17,7,0,50,0,0,0
semantic_trap,easy,no_teacher,17,8,0,50,0,0,0
semantic_trap,easy,no_teacher,17,9,0,50,0,0,0
semantic_trap,easy,no_teacher,18,0,0,50,0,0,0
semantic_trap,easy,no_teacher,18,1,0,50,0,0,0
semantic_trap,easy,no_teacher,18,2,0,50,0,0,0
semantic_trap,easy,no_teacher,18,3,0,50,0,0,0
semantic_trap,easy,no_teacher,18,4,0,50,0,0,0
semantic_trap,easy,no_teacher,18,5,0,50,0,0,0
semantic_trap,easy,no_teacher,18,6,0,50,0,0,0
semantic_trap,easy,no_teacher,18,7,0,50,0,0,0
semantic_trap,easy,no_teacher,18,8,0,50,0,0,0
semantic_trap,easy,no_teacher,18,9,0,50,0,0,0
semantic_trap,easy,no_teacher,19,0,0,50,0,0,0
semantic_trap,easy,no_teacher,19,1,1,18,0,0,0
semantic_trap,easy,no_teacher,19,2,1,27,0,0,0
semantic_trap,easy,no_teacher,19,3,0,50,0,0,0
semantic_trap,easy,no_teacher,19,4,0,50,0,0,0
semantic_trap,easy,no_teacher,19,5,1,19,0,0,0
semantic_trap,easy,no_teacher,19,6,1,19,0,0,0
semantic_trap,easy,no_teacher,19,7,0,16,0,0,0
semantic_trap,easy,no_teacher,19,8,0,10,0,0,0
semantic_trap,easy,no_teacher,19,9,1,21,0,0,0
semantic_trap,easy,wait_warn,0,0,1,18,0,0,0
semantic_trap,easy,wait_warn,0,1,1,18,0,0,0
semantic_trap,easy,wait_warn,0,2,0,50,0,0,0
semantic_trap,easy,wait_warn,0,3,0,50,0,0,0
semantic_trap,easy,wait_warn,0,4,0,50,0,0,0
semantic_trap,easy,wait_warn,0,5,0,50,0,0,0
semantic_trap,easy,wait_warn,0,6,0,50,0,0,0
semantic_trap,easy,wait_warn,0,7,0,50,0,0,0
semantic_trap,easy,wait_warn,0,8,0,50,0,0,0
semantic_trap,easy,wait_warn,0,9,0,50,0,0,0
semantic_trap,easy,wait_warn,1,0,0,50,0,0,0
semantic_trap,easy,wait_warn,1,1,0,50,0,0,0
semantic_trap,easy,wait_warn,1,2,0,50,0,0,0
semantic_trap,easy,wait_warn,1,3,1,18,2,0,0
semantic_trap,easy,wait_warn,1,4,1,18,1,0,0
semantic_trap,easy,wait_warn,1,5,0,50,0,0,0
semantic_trap,easy,wait_warn,1,6,0,50,0,0,0
semantic_trap,easy,wait_warn,1,7,1,25,0,0,0
semantic_trap,easy,wait_warn,1,8,0,50,0,0,0
semantic_trap,easy,wait_warn,1,9,1,20,0,0,0
semantic_trap,easy,wait_warn,2,0,0,50,0,0,0
semantic_trap,easy,wait_warn,2,1,0,50,0,0,0
semantic_trap,easy,wait_warn,2,2,0,50,0,0,0
semantic_trap,easy,wait_warn,2,3,0,50,0,0,0
semantic_trap,easy,wait_warn,2,4,0,50,0,0,0
semantic_trap,easy,wait_warn,2,5,0,50,0,0,0
semantic_trap,easy,wait_warn,2,6,0,50,0,0,0
semantic_trap,easy,wait_warn,2,7,0,50,0,0,0
semantic_trap,easy,wait_warn,2,8,0,50,0,0,0
semantic_trap,easy,wait_warn,2,9,0,50,0,0,0
semantic_trap,easy,wait_warn,3,0,0,50,0,0,0
semantic_trap,easy,wait_warn,3,1,0,50,0,0,0
semantic_trap,easy,wait_warn,3,2,0,50,0,0,0
semantic_trap,easy,wait_warn,3,3,0,50,0,0,0
semantic_trap,easy,wait_warn,3,4,0,50,0,0,0
semantic_trap,easy,wait_warn,3,5,0,50,0,0,0
semantic_trap,easy,wait_warn,3,6,0,50,0,0,0
semantic_trap,easy,wait_warn,3,7,0,50,0,0,0
semantic_trap,easy,wait_warn,3,8,0,50,0,0,0
semantic_trap,easy,wait_warn,3,9,0,50,0,0,0
semantic_trap,easy,wait_warn,4,0,1,18,1,0,0
semantic_trap,easy,wait_warn,4,1,0,50,0,0,0
semantic_trap,easy,wait_warn,4,2,0,50,0,0,0
semantic_trap,easy,wait_warn,4,3,1,19,1,0,0
semantic_trap,easy,wait_warn,4,4,1,18,1,0,0
semantic_trap,easy,wait_warn,4,5,0,50,0,0,0
semantic_trap,easy,wait_warn,4,6,0,50,0,0,0
semantic_trap,easy,wait_warn,4,7,0,50,0,0,0
semantic_trap,easy,wait_warn,4,8,1,18,1,0,0
semantic_trap,easy,wait_warn,4,9,1,18,1,0,0
semantic_trap,easy,wait_warn,5,0,0,50,0,0,0
semantic_trap,easy,wait_warn,5,1,0,50,0,0,0
semantic_trap,easy,wait_warn,5,2,0,50,0,0,0
semantic_trap,easy,wait_warn,5,3,0,50,0,0,0
semantic_trap,easy,wait_warn,5,4,0,50,0,0,0
semantic_trap,easy,wait_warn,5,5,0,50,0,0,0
semantic_trap,easy,wait_warn,5,6,0,50,0,0,0
semantic_trap,easy,wait_warn,5,7,0,50,0,0,0
semantic_trap,easy,wait_warn,5,8,0,50,0,0,0
semantic_trap,easy,wait_warn,5,9,0,50,0,0,0
semantic_trap,easy,wait_warn,6,0,0,50,0,0,0
semantic_trap,easy,wait_warn,6,1,0,50,0,0,0
semantic_trap,easy,wait_warn,6,2,0,50,0,0,0
semantic_trap,easy,wait_warn,6,3,0,50,0,0,0
semantic_trap,easy,wait_warn,6,4,0,50,0,0,0
semantic_trap,easy,wait_warn,6,5,1,21,0,0,0
semantic_trap,easy,wait_warn,6,6,0,50,0,0,0
semantic_trap,easy,wait_warn,6,7,0,50,0,0,0
semantic_trap,easy,wait_warn,6,8,0,50,0,0,0
semantic_trap,easy,wait_warn,6,9,0,50,0,0,0
semantic_trap,easy,wait_warn,7,0,0,50,0,0,0
semantic_trap,easy,wait_warn,7,1,0,50,0,0,0
semantic_trap,easy,wait_warn,7,2,1,18,2,0,0
semantic_trap,easy,wait_warn,7,3,0,50,0,0,0
semantic_trap,easy,wait_warn,7,4,0,50,0,0,0
semantic_trap,easy,wait_warn,7,5,0,50,0,0,0
semantic_trap,easy,wait_warn,7,6,1,18,0,0,0
semantic_trap,easy,wait_warn,7,7,0,12,1,0,0
semantic_trap,easy,wait_warn,7,8,0,50,0,0,0
semantic_trap,easy,wait_warn,7,9,0,50,0,0,0
semantic_trap,easy,wait_warn,8,0,0,50,0,0,0
semantic_trap,easy,wait_warn,8,1,0,50,0,0,0
semantic_trap,easy,wait_warn,8,2,0,50,0,0,0
semantic_trap,easy,wait_warn,8,3,0,50,0,0,0
semantic_trap,easy,wait_warn,8,4,0,50,0,0,0
semantic_trap,easy,wait_warn,8,5,0,50,0,0,0
semantic_trap,easy,wait_warn,8,6,0,50,0,0,0
semantic_trap,easy,wait_warn,8,7,0,50,0,0,0
semantic_trap,easy,wait_warn,8,8,0,50,0,0,0
semantic_trap,easy,wait_warn,8,9,0,50,0,0,0
semantic_trap,easy,wait_warn,9,0,0,50,0,0,0
semantic_trap,easy,wait_warn,9,1,0,50,0,0,0
semantic_trap,easy,wait_warn,9,2,0,50,0,0,0
semantic_trap,easy,wait_warn,9,3,0,50,0,0,0
semantic_trap,easy,wait_warn,9,4,1,23,1,0,0
semantic_trap,easy,wait_warn,9,5,0,50,0,0,0
semantic_trap,easy,wait_warn,9,6,0,50,0,0,0
semantic_trap,easy,wait_warn,9,7,0,50,0,0,0
semantic_trap,easy,wait_warn,9,8,0,50,0,0,0
semantic_trap,easy,wait_warn,9,9,0,50,0,0,0
semantic_trap,easy,wait_block,5,0,0,50,0,0,0
semantic_trap,easy,wait_block,5,1,0,50,0,0,0
semantic_trap,easy,wait_block,5,2,0,50,0,0,0
semantic_trap,easy,wait_block,5,3,0,50,0,0,0
semantic_trap,easy,wait_block,5,4,0,50,0,0,0
semantic_trap,easy,wait_block,5,5,0,50,0,0,0
semantic_trap,easy,wait_block,5,6,0,50,0,0,0
semantic_trap,easy,wait_block,5,7,0,50,0,0,0
semantic_trap,easy,wait_block,5,8,0,50,0,0,0
semantic_trap,easy,wait_block,5,9,0,50,0,0,0
semantic_trap,easy,wait_block,6,0,0,50,0,0,0
semantic_trap,easy,wait_block,6,1,0,50,0,0,0
semantic_trap,easy,wait_block,6,2,0,50,0,0,0
semantic_trap,easy,wait_block,6,3,0,50,0,0,0
semantic_trap,easy,wait_block,6,4,0,50,0,0,0
semantic_trap,easy,wait_block,6,5,1,21,0,0,0
semantic_trap,easy,wait_block,6,6,0,50,0,0,0
semantic_trap,easy,wait_block,6,7,0,50,0,0,0
semantic_trap,easy,wait_block,6,8,0,50,0,0,0
semantic_trap,easy,wait_block,6,9,0,50,0,0,0
semantic_trap,easy,wait_block,7,0,0,50,0,0,0
semantic_trap,easy,wait_block,7,1,0,50,0,0,0
semantic_trap,easy,wait_block,7,2,1,18,0,0,0
semantic_trap,easy,wait_block,7,3,0,50,0,0,0
semantic_trap,easy,wait_block,7,4,0,50,0,0,0
semantic_trap,easy,wait_block,7,5,0,50,0,0,0
semantic_trap,easy,wait_block,7,6,1,20,0,2,2
semantic_trap,easy,wait_block,7,7,0,12,0,0,0
semantic_trap,easy,wait_block,7,8,0,50,0,0,0
semantic_trap,easy,wait_block,7,9,0,50,0,0,0
semantic_trap,easy,wait_block,8,0,0,50,0,0,0
semantic_trap,easy,wait_block,8,1,0,50,0,0,0
semantic_trap,easy,wait_block,8,2,0,50,0,0,0
semantic_trap,easy,wait_block,8,3,0,50,0,0,0
semantic_trap,easy,wait_block,8,4,0,50,0,0,0
semantic_trap,easy,wait_block,8,5,0,50,0,0,0
semantic_trap,easy,wait_block,8,6,0,50,0,0,0
semantic_trap,easy,wait_block,8,7,0,50,0,0,0
semantic_trap,easy,wait_block,8,8,0,50,0,0,0
semantic_trap,easy,wait_block,8,9,0,50,0,0,0
semantic_trap,easy,wait_block,9,0,0,50,0,0,0
semantic_trap,easy,wait_block,9,1,0,50,0,0,0
semantic_trap,easy,wait_block,9,2,0,50,0,0,0
semantic_trap,easy,wait_block,9,3,0,50,0,0,0
semantic_trap,easy,wait_block,9,4,1,23,0,0,0
semantic_trap,easy,wait_block,9,5,0,50,0,0,0
semantic_trap,easy,wait_block,9,6,0,50,0,0,0
semantic_trap,easy,wait_block,9,7,0,50,0,0,0
semantic_trap,easy,wait_block,9,8,0,50,0,0,0
semantic_trap,easy,wait_block,9,9,0,50,0,0,0
semantic_trap,easy,wait_block,10,0,0,50,0,0,0
semantic_trap,easy,wait_block,10,1,0,50,0,0,0
semantic_trap,easy,wait_block,10,2,0,50,0,0,0
semantic_trap,easy,wait_block,10,3,0,50,0,0,0
semantic_trap,easy,wait_block,10,4,0,50,0,0,0
semantic_trap,easy,wait_block,10,5,0,50,0,0,0
semantic_trap,easy,wait_block,10,6,0,50,0,0,0
semantic_trap,easy,wait_block,10,7,0,50,0,0,0
semantic_trap,easy,wait_block,10,8,0,50,0,0,0
semantic_trap,easy,wait_block,10,9,0,50,0,0,0
semantic_trap,easy,wait_block,11,0,0,50,0,0,0
semantic_trap,easy,wait_block,11,1,1,21,0,0,0
semantic_trap,easy,wait_block,11,2,0,50,0,0,0
semantic_trap,easy,wait_block,11,3,1,18,0,0,0
semantic_trap,easy,wait_block,11,4,0,50,0,0,0
semantic_trap,easy,wait_block,11,5,0,50,0,0,0
semantic_trap,easy,wait_block,11,6,1,18,0,0,0
semantic_trap,easy,wait_block,11,7,0,50,0,0,0
semantic_trap,easy,wait_block,11,8,0,50,0,0,0
semantic_trap,easy,wait_block,11,9,0,50,0,0,0
semantic_trap,easy,wait_block,12,0,0,50,0,0,0
semantic_trap,easy,wait_block,12,1,0,50,0,0,0
semantic_trap,easy,wait_block,12,2,0,50,0,0,0
semantic_trap,easy,wait_block,12,3,0,50,0,0,0
semantic_trap,easy,wait_block,12,4,0,50,0,0,0
semantic_trap,easy,wait_block,12,5,0,50,0,0,0
semantic_trap,easy,wait_block,12,6,0,50,0,0,0
semantic_trap,easy,wait_block,12,7,0,50,0,0,0
semantic_trap,easy,wait_block,12,8,0,50,0,0,0
semantic_trap,easy,wait_block,12,9,0,50,0,0,0
semantic_trap,easy,wait_block,13,0,0,50,0,0,0
semantic_trap,easy,wait_block,13,1,0,50,0,0,0
semantic_trap,easy,wait_block,13,2,0,50,0,0,0
semantic_trap,easy,wait_block,13,3,0,50,0,0,0
semantic_trap,easy,wait_block,13,4,0,50,0,0,0
semantic_trap,easy,wait_block,13,5,0,50,0,0,0
semantic_trap,easy,wait_block,13,6,1,18,0,0,0
semantic_trap,easy,wait_block,13,7,1,20,0,0,0
semantic_trap,easy,wait_block,13,8,0,50,0,0,0
semantic_trap,easy,wait_block,13,9,0,50,0,0,0
semantic_trap,easy,wait_block,14,0,0,50,0,0,0
semantic_trap,easy,wait_block,14,1,0,50,0,0,0
semantic_trap,easy,wait_block,14,2,1,22,0,0,0
semantic_trap,easy,wait_block,14,3,0,50,0,0,0
semantic_trap,easy,wait_block,14,4,1,22,0,0,0
semantic_trap,easy,wait_block,14,5,0,50,0,0,0
semantic_trap,easy,wait_block,14,6,0,50,0,0,0
semantic_trap,easy,wait_block,14,7,1,18,0,0,0
semantic_trap,easy,wait_block,14,8,0,50,0,0,0
semantic_trap,easy,wait_block,14,9,1,18,0,0,0
semantic_trap,easy,wait_block,15,0,0,50,0,0,0
semantic_trap,easy,wait_block,15,1,0,50,0,0,0
semantic_trap,easy,wait_block,15,2,1,21,0,0,0
semantic_trap,easy,wait_block,15,3,1,19,0,0,0
semantic_trap,easy,wait_block,15,4,0,50,0,0,0
semantic_trap,easy,wait_block,15,5,0,50,0,0,0
semantic_trap,easy,wait_block,15,6,1,20,0,0,0
semantic_trap,easy,wait_block,15,7,0,50,0,0,0
semantic_trap,easy,wait_block,15,8,1,18,0,0,0
semantic_trap,easy,wait_block,15,9,1,18,0,0,0
semantic_trap,easy,wait_block,16,0,0,50,0,0,0
semantic_trap,easy,wait_block,16,1,0,50,0,0,0
semantic_trap,easy,wait_block,16,2,0,14,0,0,0
semantic_trap,easy,wait_block,16,3,1,18,0,0,0
semantic_trap,easy,wait_block,16,4,0,50,0,0,0
semantic_trap,easy,wait_block,16,5,1,20,0,0,0
semantic_trap,easy,wait_block,16,6,1,18,0,0,0
semantic_trap,easy,wait_block,16,7,0,50,0,0,0
semantic_trap,easy,wait_block,16,8,1,23,0,1,1
semantic_trap,easy,wait_block,16,9,1,18,0,0,0
semantic_trap,easy,wait_block,17,0,0,50,0,0,0
semantic_trap,easy,wait_block,17,1,0,50,0,0,0
semantic_trap,easy,wait_block,17,2,0,50,0,0,0
semantic_trap,easy,wait_block,17,3,0,50,0,0,0
semantic_trap,easy,wait_block,17,4,0,50,0,0,0
semantic_trap,easy,wait_block,17,5,0,50,0,0,0
semantic_trap,easy,wait_block,17,6,0,50,0,0,0
semantic_trap,easy,wait_block,17,7,0,50,0,0,0
semantic_trap,easy,wait_block,17,8,0,50,0,0,0
semantic_trap,easy,wait_block,17,9,0,50,0,0,0
semantic_trap,easy,wait_block,18,0,0,50,0,0,0
semantic_trap,easy,wait_block,18,1,0,50,0,0,0
semantic_trap,easy,wait_block,18,2,0,50,0,0,0
semantic_trap,easy,wait_block,18,3,0,50,0,0,0
semantic_trap,easy,wait_block,18,4,0,50,0,0,0
semantic_trap,easy,wait_block,18,5,0,50,0,0,0
semantic_trap,easy,wait_block,18,6,0,50,0,0,0
semantic_trap,easy,wait_block,18,7,0,50,0,0,0
semantic_trap,easy,wait_block,18,8,0,50,0,0,0
semantic_trap,easy,wait_block,18,9,0,50,0,0,0
semantic_trap,easy,wait_block,19,0,0,50,0,0,0
semantic_trap,easy,wait_block,19,1,1,18,0,0,0
semantic_trap,easy,wait_block,19,2,1,27,0,0,0
semantic_trap,easy,wait_block,19,3,0,50,0,0,0
semantic_trap,easy,wait_block,19,4,0,50,0,0,0
semantic_trap,easy,wait_block,19,5,1,19,0,0,0
semantic_trap,easy,wait_block,19,6,1,19,0,0,0
semantic_trap,easy,wait_block,19,7,1,24,0,1,1
semantic_trap,easy,wait_block,19,8,0,10,0,0,0
semantic_trap,easy,wait_block,19,9,1,21,0,0,0
semantic_trap,easy,wait_warn,10,0,0,50,0,0,0
semantic_trap,easy,wait_warn,10,1,0,50,0,0,0
semantic_trap,easy,wait_warn,10,2,0,50,0,0,0
semantic_trap,easy,wait_warn,10,3,0,50,0,0,0
semantic_trap,easy,wait_warn,10,4,0,50,0,0,0
semantic_trap,easy,wait_warn,10,5,0,50,0,0,0
semantic_trap,easy,wait_warn,10,6,0,50,0,0,0
semantic_trap,easy,wait_warn,10,7,0,50,0,0,0
semantic_trap,easy,wait_warn,10,8,0,50,0,0,0
semantic_trap,easy,wait_warn,10,9,0,50,0,0,0
semantic_trap,easy,wait_warn,11,0,0,50,0,0,0
semantic_trap,easy,wait_warn,11,1,1,21,0,0,0
semantic_trap,easy,wait_warn,11,2,0,50,0,0,0
semantic_trap,easy,wait_warn,11,3,1,18,0,0,0
semantic_trap,easy,wait_warn,11,4,0,50,0,0,0
semantic_trap,easy,wait_warn,11,5,0,50,0,0,0
semantic_trap,easy,wait_warn,11,6,1,18,0,0,0
semantic_trap,easy,wait_warn,11,7,0,50,0,0,0
semantic_trap,easy,wait_warn,11,8,0,50,0,0,0
semantic_trap,easy,wait_warn,11,9,0,50,0,0,0
semantic_trap,easy,wait_warn,12,0,0,50,0,0,0
semantic_trap,easy,wait_warn,12,1,0,50,0,0,0
semantic_trap,easy,wait_warn,12,2,0,50,0,0,0
semantic_trap,easy,wait_warn,12,3,0,50,0,0,0
semantic_trap,easy,wait_warn,12,4,0,50,0,0,0
semantic_trap,easy,wait_warn,12,5,0,50,0,0,0
semantic_trap,easy,wait_warn,12,6,0,50,0,0,0
semantic_trap,easy,wait_warn,12,7,0,50,0,0,0
semantic_trap,easy,wait_warn,12,8,0,50,0,0,0
semantic_trap,easy,wait_warn,12,9,0,50,0,0,0
semantic_trap,easy,wait_warn,13,0,0,50,0,0,0
semantic_trap,easy,wait_warn,13,1,0,50,0,0,0
semantic_trap,easy,wait_warn,13,2,0,50,0,0,0
semantic_trap,easy,wait_warn,13,3,0,50,0,0,0
semantic_trap,easy,wait_warn,13,4,0,50,0,0,0
semantic_trap,easy,wait_warn,13,5,0,50,0,0,0
semantic_trap,easy,wait_warn,13,6,1,18,2,0,0
semantic_trap,easy,wait_warn,13,7,1,20,0,0,0
semantic_trap,easy,wait_warn,13,8,0,50,0,0,0
semantic_trap,easy,wait_warn,13,9,0,50,0,0,0
semantic_trap,easy,wait_warn,14,0,0,50,0,0,0
semantic_trap,easy,wait_warn,14,1,0,50,0,0,0
semantic_trap,easy,wait_warn,14,2,1,22,1,0,0
semantic_trap,easy,wait_warn,14,3,0,50,0,0,0
semantic_trap,easy,wait_warn,14,4,1,22,0,0,0
semantic_trap,easy,wait_warn,14,5,0,50,0,0,0
semantic_trap,easy,wait_warn,14,6,0,50,0,0,0
semantic_trap,easy,wait_warn,14,7,1,18,1,0,0
semantic_trap,easy,wait_warn,14,8,0,50,0,0,0
semantic_trap,easy,wait_warn,14,9,1,18,2,0,0
semantic_trap,easy,wait_warn,15,0,0,50,0,0,0
semantic_trap,easy,wait_warn,15,1,0,50,0,0,0
semantic_trap,easy,wait_warn,15,2,1,21,0,0,0
semantic_trap,easy,wait_warn,15,3,1,19,0,0,0
semantic_trap,easy,wait_warn,15,4,0,50,0,0,0
semantic_trap,easy,wait_warn,15,5,0,50,0,0,0
semantic_trap,easy,wait_warn,15,6,1,20,0,0,0
semantic_trap,easy,wait_warn,15,7,0,50,0,0,0
semantic_trap,easy,wait_warn,15,8,1,18,0,0,0
semantic_trap,easy,wait_warn,15,9,1,18,0,0,0
semantic_trap,easy,wait_warn,16,0,0,50,0,0,0
semantic_trap,easy,wait_warn,16,1,0,50,0,0,0
semantic_trap,easy,wait_warn,16,2,0,14,0,0,0
semantic_trap,easy,wait_warn,16,3,1,18,0,0,0
semantic_trap,easy,wait_warn,16,4,0,50,0,0,0
semantic_trap,easy,wait_warn,16,5,1,20,1,0,0
semantic_trap,easy,wait_warn,16,6,1,18,0,0,0
semantic_trap,easy,wait_warn,16,7,0,50,0,0,0
semantic_trap,easy,wait_warn,16,8,1,18,1,0,0
semantic_trap,easy,wait_warn,16,9,1,18,0,0,0
semantic_trap,easy,wait_warn,17,0,0,50,0,0,0
semantic_trap,easy,wait_warn,17,1,0,50,0,0,0
semantic_trap,easy,wait_warn,17,2,0,50,0,0,0
semantic_trap,easy,wait_warn,17,3,0,50,0,0,0
semantic_trap,easy,wait_warn,17,4,0,50,0,0,0
semantic_trap,easy,wait_warn,17,5,0,50,0,0,0
semantic_trap,easy,wait_warn,17,6,0,50,0,0,0
semantic_trap,easy,wait_warn,17,7,0,50,0,0,0
semantic_trap,easy,wait_warn,17,8,0,50,0,0,0
semantic_trap,easy,wait_warn,17,9,0,50,0,0,0
semantic_trap,easy,wait_warn,18,0,0,50,0,0,0
semantic_trap,easy,wait_warn,18,1,0,50,0,0,0
semantic_trap,easy,wait_warn,18,2,0,50,0,0,0
semantic_trap,easy,wait_warn,18,3,0,50,0,0,0
semantic_trap,easy,wait_warn,18,4,0,50,0,0,0
semantic_trap,easy,wait_warn,18,5,0,50,0,0,0
semantic_trap,easy,wait_warn,18,6,0,50,0,0,0
semantic_trap,easy,wait_warn,18,7,0,50,0,0,0
semantic_trap,easy,wait_warn,18,8,0,50,0,0,0
semantic_trap,easy,wait_warn,18,9,0,50,0,0,0
semantic_trap,easy,wait_warn,19,0,0,50,0,0,0
semantic_trap,easy,wait_warn,19,1,1,18,1,0,0
semantic_trap,easy,wait_warn,19,2,1,27,0,0,0
semantic_trap,easy,wait_warn,19,3,0,50,0,0,0
semantic_trap,easy,wait_warn,19,4,0,50,0,0,0
semantic_trap,easy,wait_warn,19,5,1,19,1,0,0
semantic_trap,easy,wait_warn,19,6,1,19,1,0,0
semantic_trap,easy,wait_warn,19,7,0,16,1,0,0
semantic_trap,easy,wait_warn,19,8,0,10,0,0,0
semantic_trap,easy,wait_warn,19,9,1,21,0,0,0
semantic_trap,easy,wait_block,0,0,1,18,0,0,0
semantic_trap,easy,wait_block,0,1,1,18,0,0,0
semantic_trap,easy,wait_block,0,2,0,50,0,0,0
semantic_trap,easy,wait_block,0,3,0,50,0,0,0
semantic_trap,easy,wait_block,0,4,0,50,0,0,0
semantic_trap,easy,wait_block,0,5,0,50,0,0,0
semantic_trap,easy,wait_block,0,6,0,50,0,0,0
semantic_trap,easy,wait_block,0,7,0,50,0,0,0
semantic_trap,easy,wait_block,0,8,0,50,0,0,0
semantic_trap,easy,wait_block,0,9,0,50,0,0,0
semantic_trap,easy,wait_block,1,0,0,50,0,0,0
semantic_trap,easy,wait_block,1,1,0,50,0,0,0
semantic_trap,easy,wait_block,1,2,0,50,0,0,0
semantic_trap,easy,wait_block,1,3,1,18,0,0,0
semantic_trap,easy,wait_block,1,4,1,18,0,0,0
semantic_trap,easy,wait_block,1,5,0,50,0,0,0
semantic_trap,easy,wait_block,1,6,0,50,0,0,0
semantic_trap,easy,wait_block,1,7,1,25,0,0,0
semantic_trap,easy,wait_block,1,8,0,50,0,0,0
semantic_trap,easy,wait_block,1,9,1,20,0,0,0
semantic_trap,easy,wait_block,2,0,0,50,0,0,0
semantic_trap,easy,wait_block,2,1,0,50,0,0,0
semantic_trap,easy,wait_block,2,2,0,50,0,0,0
semantic_trap,easy,wait_block,2,3,0,50,0,0,0
semantic_trap,easy,wait_block,2,4,0,50,0,0,0
semantic_trap,easy,wait_block,2,5,0,50,0,0,0
semantic_trap,easy,wait_block,2,6,0,50,0,0,0
semantic_trap,easy,wait_block,2,7,0,50,0,0,0
semantic_trap,easy,wait_block,2,8,0,50,0,0,0
semantic_trap,easy,wait_block,2,9,0,50,0,0,0
semantic_trap,easy,wait_block,3,0,0,50,0,0,0
semantic_trap,easy,wait_block,3,1,0,50,0,0,0
semantic_trap,easy,wait_block,3,2,0,50,0,0,0
semantic_trap,easy,wait_block,3,3,0,50,0,0,0
semantic_trap,easy,wait_block,3,4,0,50,0,0,0
semantic_trap,easy,wait_block,3,5,0,50,0,0,0
semantic_trap,easy,wait_block,3,6,0,50,0,0,0
semantic_trap,easy,wait_block,3,7,0,50,0,0,0
semantic_trap,easy,wait_block,3,8,0,50,0,0,0
semantic_trap,easy,wait_block,3,9,0,50,0,0,0
semantic_trap,easy,wait_block,4,0,1,18,0,0,0
semantic_trap,easy,wait_block,4,1,0,50,0,0,0
semantic_trap,easy,wait_block,4,2,0,50,0,0,0
semantic_trap,easy,wait_block,4,3,1,19,0,0,0
semantic_trap,easy,wait_block,4,4,1,18,0,0,0
semantic_trap,easy,wait_block,4,5,0,50,0,0,0
semantic_trap,easy,wait_block,4,6,0,50,0,0,0
semantic_trap,easy,wait_block,4,7,0,50,0,0,0
semantic_trap,easy,wait_block,4,8,1,18,0,0,0
semantic_trap,easy,wait_block,4,9,1,18,0,0,0
semantic_trap,easy,wait_warn_block,15,0,0,50,0,0,0
semantic_trap,easy,wait_warn_block,15,1,0,50,0,0,0
semantic_trap,easy,wait_warn_block,15,2,1,21,0,0,0
semantic_trap,easy,wait_warn_block,15,3,1,19,0,0,0
semantic_trap,easy,wait_warn_block,15,4,0,50,0,0,0
semantic_trap,easy,wait_warn_block,15,5,0,50,0,0,0
semantic_trap,easy,wait_warn_block,15,6,1,20,0,0,0
semantic_trap,easy,wait_warn_block,15,7,0,50,0,0,0
semantic_trap,easy,wait_warn_block,15,8,1,18,0,0,0
semantic_trap,easy,wait_warn_block,15,9,1,18,0,0,0
semantic_trap,easy,wait_warn_block,16,0,0,50,0,0,0
semantic_trap,easy,wait_warn_block,16,1,0,50,0,0,0
semantic_trap,easy,wait_warn_block,16,2,0,14,0,0,0
semantic_trap,easy,wait_warn_block,16,3,1,18,0,0,0
semantic_trap,easy,wait_warn_block,16,4,0,50,0,0,0
semantic_trap,easy,wait_warn_block,16,5,1,20,1,0,0
semantic_trap,easy,wait_warn_block,16,6,1,18,0,0,0
semantic_trap,easy,wait_warn_block,16,7,0,50,0,0,0
semantic_trap,easy,wait_warn_block,16,8,1,23,2,1,1
semantic_trap,easy,wait_warn_block,16,9,1,18,0,0,0
semantic_trap,easy,wait_warn_block,17,0,0,50,0,0,0
semantic_trap,easy,wait_warn_block,17,1,0,50,0,0,0
semantic_trap,easy,wait_warn_block,17,2,0,50,0,0,0
semantic_trap,easy,wait_warn_block,17,3,0,50,0,0,0
semantic_trap,easy,wait_warn_block,17,4,0,50,0,0,0
semantic_trap,easy,wait_warn_block,17,5,0,50,0,0,0
semantic_trap,easy,wait_warn_block,17,6,0,50,0,0,0
semantic_trap,easy,wait_warn_block,17,7,0,50,0,0,0
semantic_trap,easy,wait_warn_block,17,8,0,50,0,0,0
semantic_trap,easy,wait_warn_block,17,9,0,50,0,0,0
semantic_trap,easy,wait_warn_block,18,0,0,50,0,0,0
semantic_trap,easy,wait_warn_block,18,1,0,50,0,0,0
semantic_trap,easy,wait_warn_block,18,2,0,50,0,0,0
semantic_trap,easy,wait_warn_block,18,3,0,50,0,0,0
semantic_trap,easy,wait_warn_block,18,4,0,50,0,0,0
semantic_trap,easy,wait_warn_block,18,5,0,50,0,0,0
semantic_trap,easy,wait_warn_block,18,6,0,50,0,0,0
semantic_trap,easy,wait_warn_block,18,7,0,50,0,0,0
semantic_trap,easy,wait_warn_block,18,8,0,50,0,0,0
semantic_trap,easy,wait_warn_block,18,9,0,50,0,0,0
semantic_trap,easy,wait_warn_block,19,0,0,50,0,0,0
semantic_trap,easy,wait_warn_block,19,1,1,18,1,0,0
semantic_trap,easy,wait_warn_block,19,2,1,27,0,0,0
semantic_trap,easy,wait_warn_block,19,3,0,50,0,0,0
semantic_trap,easy,wait_warn_block,19,4,0,50,0,0,0
semantic_trap,easy,wait_warn_block,19,5,1,19,1,0,0
semantic_trap,easy,wait_warn_block,19,6,1,19,1,0,0
semantic_trap,easy,wait_warn_block,19,7,1,24,1,1,1
semantic_trap,easy,wait_warn_block,19,8,0,10,0,0,0
semantic_trap,easy,wait_warn_block,19,9,1,21,0,0,0
semantic_trap,medium,no_teacher,0,0,1,18,0,0,0
semantic_trap,medium,no_teacher,0,1,0,10,0,0,0
semantic_trap,medium,no_teacher,0,2,0,40,0,0,0
semantic_trap,medium,no_teacher,0,3,0,40,0,0,0
semantic_trap,medium,no_teacher,0,4,0,40,0,0,0
semantic_trap,medium,no_teacher,0,5,0,40,0,0,0
semantic_trap,medium,no_teacher,0,6,0,40,0,0,0
semantic_trap,medium,no_teacher,0,7,0,40,0,0,0
semantic_trap,medium,no_teacher,0,8,0,40,0,0,0
semantic_trap,medium,no_teacher,0,9,0,40,0,0,0
semantic_trap,medium,no_teacher,1,0,0,40,0,0,0
semantic_trap,medium,no_teacher,1,1,0,40,0,0,0
semantic_trap,medium,no_teacher,1,2,0,40,0,0,0
semantic_trap,medium,no_teacher,1,3,0,8,0,0,0
semantic_trap,medium,no_teacher,1,4,0,9,0,0,0
semantic_trap,medium,no_teacher,1,5,0,40,0,0,0
semantic_trap,medium,no_teacher,1,6,0,40,0,0,0
semantic_trap,medium,no_teacher,1,7,0,13,0,0,0
semantic_trap,medium,no_teacher,1,8,0,40,0,0,0
semantic_trap,medium,no_teacher,1,9,1,20,0,0,0
semantic_trap,medium,no_teacher,2,0,0,40,0,0,0
semantic_trap,medium,no_teacher,2,1,0,40,0,0,0
semantic_trap,medium,no_teacher,2,2,0,40,0,0,0
semantic_trap,medium,no_teacher,2,3,0,40,0,0,0
semantic_trap,medium,no_teacher,2,4,0,40,0,0,0
semantic_trap,medium,no_teacher,2,5,0,40,0,0,0
semantic_trap,medium,no_teacher,2,6,0,40,0,0,0
semantic_trap,medium,no_teacher,2,7,0,40,0,0,0
semantic_trap,medium,no_teacher,2,8,0,40,0,0,0
semantic_trap,medium,no_teacher,2,9,0,40,0,0,0
semantic_trap,medium,no_teacher,3,0,0,40,0,0,0
semantic_trap,medium,no_teacher,3,1,0,40,0,0,0
semantic_trap,medium,no_teacher,3,2,0,40,0,0,0
semantic_trap,medium,no_teacher,3,3,0,40,0,0,0
semantic_trap,medium,no_teacher,3,4,0,40,0,0,0
semantic_trap,medium,no_teacher,3,5,0,40,0,0,0
semantic_trap,medium,no_teacher,3,6,0,40,0,0,0
semantic_trap,medium,no_teacher,3,7,0,40,0,0,0
semantic_trap,medium,no_teacher,3,8,0,40,0,0,0
semantic_trap,medium,no_teacher,3,9,0,40,0,0,0
semantic_trap,medium,no_teacher,4,0,0,9,0,0,0
semantic_trap,medium,no_teacher,4,1,0,40,0,0,0
semantic_trap,medium,no_teacher,4,2,0,40,0,0,0
semantic_trap,medium,no_teacher,4,3,0,9,0,0,0
semantic_trap,medium,no_teacher,4,4,0,10,0,0,0
semantic_trap,medium,no_teacher,4,5,0,40,0,0,0
semantic_trap,medium,no_teacher,4,6,0,40,0,0,0
semantic_trap,medium,no_teacher,4,7,0,40,0,0,0
semantic_trap,medium,no_teacher,4,8,1,18,0,0,0
semantic_trap,medium,no_teacher,4,9,1,18,0,0,0
semantic_trap,medium,no_teacher,5,0,0,40,0,0,0
semantic_trap,medium,no_teacher,5,1,0,40,0,0,0
semantic_trap,medium,no_teacher,5,2,0,40,0,0,0
semantic_trap,medium,no_teacher,5,3,0,40,0,0,0
semantic_trap,medium,no_teacher,5,4,0,40,0,0,0
semantic_trap,medium,no_teacher,5,5,0,40,0,0,0
semantic_trap,medium,no_teacher,5,6,0,40,0,0,0
semantic_trap,medium,no_teacher,5,7,0,40,0,0,0
semantic_trap,medium,no_teacher,5,8,0,40,0,0,0
semantic_trap,medium,no_teacher,5,9,0,40,0,0,0
semantic_trap,medium,no_teacher,6,0,0,40,0,0,0
semantic_trap,medium,no_teacher,6,1,0,40,0,0,0
semantic_trap,medium,no_teacher,6,2,0,40,0,0,0
semantic_trap,medium,no_teacher,6,3,0,40,0,0,0
semantic_trap,medium,no_teacher,6,4,0,40,0,0,0
semantic_trap,medium,no_teacher,6,5,0,12,0,0,0
semantic_trap,medium,no_teacher,6,6,0,40,0,0,0
semantic_trap,medium,no_teacher,6,7,0,40,0,0,0
semantic_trap,medium,no_teacher,6,8,0,40,0,0,0
semantic_trap,medium,no_teacher,6,9,0,40,0,0,0
semantic_trap,medium,no_teacher,7,0,0,40,0,0,0
semantic_trap,medium,no_teacher,7,1,0,40,0,0,0
semantic_trap,medium,no_teacher,7,2,0,9,0,0,0
semantic_trap,medium,no_teacher,7,3,0,40,0,0,0
semantic_trap,medium,no_teacher,7,4,0,40,0,0,0
semantic_trap,medium,no_teacher,7,5,0,40,0,0,0
semantic_trap,medium,no_teacher,7,6,0,12,0,0,0
semantic_trap,medium,no_teacher,7,7,0,9,0,0,0
semantic_trap,medium,no_teacher,7,8,0,40,0,0,0
semantic_trap,medium,no_teacher,7,9,0,40,0,0,0
semantic_trap,medium,no_teacher,8,0,0,40,0,0,0
semantic_trap,medium,no_teacher,8,1,0,40,0,0,0
semantic_trap,medium,no_teacher,8,2,0,40,0,0,0
semantic_trap,medium,no_teacher,8,3,0,40,0,0,0
semantic_trap,medium,no_teacher,8,4,0,40,0,0,0
semantic_trap,medium,no_teacher,8,5,0,40,0,0,0
semantic_trap,medium,no_teacher,8,6,0,40,0,0,0
semantic_trap,medium,no_teacher,8,7,0,40,0,0,0
semantic_trap,medium,no_teacher,8,8,0,40,0,0,0
semantic_trap,medium,no_teacher,8,9,0,40,0,0,0
semantic_trap,medium,no_teacher,9,0,0,40,0,0,0
semantic_trap,medium,no_teacher,9,1,0,40,0,0,0
semantic_trap,medium,no_teacher,9,2,0,40,0,0,0
semantic_trap,medium,no_teacher,9,3,0,40,0,0,0
semantic_trap,medium,no_teacher,9,4,0,13,0,0,0
semantic_trap,medium,no_teacher,9,5,0,40,0,0,0
semantic_trap,medium,no_teacher,9,6,0,40,0,0,0
semantic_trap,medium,no_teacher,9,7,0,40,0,0,0
semantic_trap,medium,no_teacher,9,8,0,40,0,0,0
semantic_trap,medium,no_teacher,9,9,0,40,0,0,0
semantic_trap,medium,no_teacher,10,0,0,40,0,0,0
semantic_trap,medium,no_teacher,10,1,0,40,0,0,0
semantic_trap,medium,no_teacher,10,2,0,40,0,0,0
semantic_trap,medium,no_teacher,10,3,0,40,0,0,0
semantic_trap,medium,no_teacher,10,4,0,40,0,0,0
semantic_trap,medium,no_teacher,10,5,0,40,0,0,0
semantic_trap,medium,no_teacher,10,6,0,40,0,0,0
semantic_trap,medium,no_teacher,10,7,0,40,0,0,0
semantic_trap,medium,no_teacher,10,8,0,40,0,0,0
semantic_trap,medium,no_teacher,10,9,0,40,0,0,0
semantic_trap,medium,no_teacher,11,0,0,40,0,0,0
semantic_trap,medium,no_teacher,11,1,0,13,0,0,0
semantic_trap,medium,no_teacher,11,2,0,40,0,0,0
semantic_trap,medium,no_teacher,11,3,1,18,0,0,0
semantic_trap,medium,no_teacher,11,4,0,40,0,0,0
semantic_trap,medium,no_teacher,11,5,0,40,0,0,0
semantic_trap,medium,no_teacher,11,6,0,9,0,0,0
semantic_trap,medium,no_teacher,11,7,0,40,0,0,0
semantic_trap,medium,no_teacher,11,8,0,40,0,0,0
semantic_trap,medium,no_teacher,11,9,0,40,0,0,0
semantic_trap,medium,no_teacher,12,0,0,40,0,0,0
semantic_trap,medium,no_teacher,12,1,0,40,0,0,0
semantic_trap,medium,no_teacher,12,2,0,40,0,0,0
semantic_trap,medium,no_teacher,12,3,0,40,0,0,0
semantic_trap,medium,no_teacher,12,4,0,40,0,0,0
semantic_trap,medium,no_teacher,12,5,0,40,0,0,0
semantic_trap,medium,no_teacher,12,6,0,40,0,0,0
semantic_trap,medium,no_teacher,12,7,0,40,0,0,0
semantic_trap,medium,no_teacher,12,8,0,40,0,0,0
semantic_trap,medium,no_teacher,12,9,0,40,0,0,0
semantic_trap,medium,no_teacher,13,0,0,40,0,0,0
semantic_trap,medium,no_teacher,13,1,0,40,0,0,0
semantic_trap,medium,no_teacher,13,2,0,40,0,0,0
semantic_trap,medium,no_teacher,13,3,0,40,0,0,0
semantic_trap,medium,no_teacher,13,4,0,40,0,0,0
semantic_trap,medium,no_teacher,13,5,0,40,0,0,0
semantic_trap,medium,no_teacher,13,6,1,18,0,0,0
semantic_trap,medium,no_teacher,13,7,0,12,0,0,0
semantic_trap,medium,no_teacher,13,8,0,40,0,0,0
semantic_trap,medium,no_teacher,13,9,0,40,0,0,0
semantic_trap,medium,no_teacher,14,0,0,40,0,0,0
semantic_trap,medium,no_teacher,14,1,0,40,0,0,0
semantic_trap,medium,no_teacher,14,2,0,10,0,0,0
semantic_trap,medium,no_teacher,14,3,0,40,0,0,0
semantic_trap,medium,no_teacher,14,4,0,9,0,0,0
semantic_trap,medium,no_teacher,14,5,0,40,0,0,0
semantic_trap,medium,no_teacher,14,6,0,40,0,0,0
semantic_trap,medium,no_teacher,14,7,0,8,0,0,0
semantic_trap,medium,no_teacher,14,8,0,40,0,0,0
semantic_trap,medium,no_teacher,14,9,0,9,0,0,0
semantic_trap,medium,no_teacher,15,0,0,40,0,0,0
semantic_trap,medium,no_teacher,15,1,0,40,0,0,0
semantic_trap,medium,no_teacher,15,2,1,21,0,0,0
semantic_trap,medium,no_teacher,15,3,0,9,0,0,0
semantic_trap,medium,no_teacher,15,4,0,40,0,0,0
semantic_trap,medium,no_teacher,15,5,0,40,0,0,0
semantic_trap,medium,no_teacher,15,6,1,20,0,0,0
semantic_trap,medium,no_teacher,15,7,0,40,0,0,0
semantic_trap,medium,no_teacher,15,8,0,10,0,0,0
semantic_trap,medium,no_teacher,15,9,1,18,0,0,0
semantic_trap,medium,no_teacher,16,0,0,40,0,0,0
semantic_trap,medium,no_teacher,16,1,0,40,0,0,0
semantic_trap,medium,no_teacher,16,2,0,11,0,0,0
semantic_trap,medium,no_teacher,16,3,0,10,0,0,0
semantic_trap,medium,no_teacher,16,4,0,40,0,0,0
semantic_trap,medium,no_teacher,16,5,0,15,0,0,0
semantic_trap,medium,no_teacher,16,6,1,18,0,0,0
semantic_trap,medium,no_teacher,16,7,0,40,0,0,0
semantic_trap,medium,no_teacher,16,8,1,18,0,0,0
semantic_trap,medium,no_teacher,16,9,0,9,0,0,0
semantic_trap,medium,no_teacher,17,0,0,40,0,0,0
semantic_trap,medium,no_teacher,17,1,0,40,0,0,0
semantic_trap,medium,no_teacher,17,2,0,40,0,0,0
semantic_trap,medium,no_teacher,17,3,0,40,0,0,0
semantic_trap,medium,no_teacher,17,4,0,40,0,0,0
semantic_trap,medium,no_teacher,17,5,0,40,0,0,0
semantic_trap,medium,no_teacher,17,6,0,40,0,0,0
semantic_trap,medium,no_teacher,17,7,0,40,0,0,0
semantic_trap,medium,no_teacher,17,8,0,40,0,0,0
semantic_trap,medium,no_teacher,17,9,0,40,0,0,0
semantic_trap,medium,no_teacher,18,0,0,40,0,0,0
semantic_trap,medium,no_teacher,18,1,0,40,0,0,0
semantic_trap,medium,no_teacher,18,2,0,40,0,0,0
semantic_trap,medium,no_teacher,18,3,0,40,0,0,0
semantic_trap,medium,no_teacher,18,4,0,40,0,0,0
semantic_trap,medium,no_teacher,18,5,0,40,0,0,0
semantic_trap,medium,no_teacher,18,6,0,40,0,0,0
semantic_trap,medium,no_teacher,18,7,0,40,0,0,0
semantic_trap,medium,no_teacher,18,8,0,40,0,0,0
semantic_trap,medium,no_teacher,18,9,0,40,0,0,0
semantic_trap,medium,no_teacher,19,0,0,40,0,0,0
semantic_trap,medium,no_teacher,19,1,1,18,0,0,0
semantic_trap,medium,no_teacher,19,2,0,18,0,0,0
semantic_trap,medium,no_teacher,19,3,0,40,0,0,0
semantic_trap,medium,no_teacher,19,4,0,40,0,0,0
semantic_trap,medium,no_teacher,19,5,1,19,0,0,0
semantic_trap,medium,no_teacher,19,6,1,19,0,0,0
semantic_trap,medium,no_teacher,19,7,0,20,0,0,0
semantic_trap,medium,no_teacher,19,8,0,8,0,0,0
semantic_trap,medium,no_teacher,19,9,1,21,0,0,0
semantic_trap,medium,wait_warn,0,0,1,18,0,0,0
semantic_trap,medium,wait_warn,0,1,0,10,0,0,0
semantic_trap,medium,wait_warn,0,2,0,40,0,0,0
semantic_trap,medium,wait_warn,0,3,0,40,0,0,0
semantic_trap,medium,wait_warn,0,4,0,40,0,0,0
semantic_trap,medium,wait_warn,0,5,0,40,0,0,0
semantic_trap,medium,wait_warn,0,6,0,40,0,0,0
semantic_trap,medium,wait_warn,0,7,0,40,0,0,0
semantic_trap,medium,wait_warn,0,8,0,40,0,0,0
semantic_trap,medium,wait_warn,0,9,0,40,0,0,0
semantic_trap,medium,wait_warn,1,0,0,40,0,0,0
semantic_trap,medium,wait_warn,1,1,0,40,0,0,0
semantic_trap,medium,wait_warn,1,2,0,40,0,0,0
semantic_trap,medium,wait_warn,1,3,0,8,0,0,0
semantic_trap,medium,wait_warn,1,4,0,9,0,0,0
semantic_trap,medium,wait_warn,1,5,0,40,0,0,0
semantic_trap,medium,wait_warn,1,6,0,40,0,0,0
semantic_trap,medium,wait_warn,1,7,0,13,0,0,0
semantic_trap,medium,wait_warn,1,8,0,40,0,0,0
semantic_trap,medium,wait_warn,1,9,1,20,0,0,0
semantic_trap,medium,wait_warn,2,0,0,40,0,0,0
semantic_trap,medium,wait_warn,2,1,0,40,0,0,0
semantic_trap,medium,wait_warn,2,2,0,40,0,0,0
semantic_trap,medium,wait_warn,2,3,0,40,0,0,0
semantic_trap,medium,wait_warn,2,4,0,40,0,0,0
semantic_trap,medium,wait_warn,2,5,0,40,0,0,0
semantic_trap,medium,wait_warn,2,6,0,40,0,0,0
semantic_trap,medium,wait_warn,2,7,0,40,0,0,0
semantic_trap,medium,wait_warn,2,8,0,40,0,0,0
semantic_trap,medium,wait_warn,2,9,0,40,0,0,0
semantic_trap,medium,wait_warn,3,0,0,40,0,0,0
semantic_trap,medium,wait_warn,3,1,0,40,0,0,0
semantic_trap,medium,wait_warn,3,2,0,40,0,0,0
semantic_trap,medium,wait_warn,3,3,0,40,0,0,0
semantic_trap,medium,wait_warn,3,4,0,40,0,0,0
semantic_trap,medium,wait_warn,3,5,0,40,0,0,0
semantic_trap,medium,wait_warn,3,6,0,40,0,0,0
semantic_trap,medium,wait_warn,3,7,0,40,0,0,0
semantic_trap,medium,wait_warn,3,8,0,40,0,0,0
semantic_trap,medium,wait_warn,3,9,0,40,0,0,0
semantic_trap,medium,wait_warn,4,0,0,9,0,0,0
semantic_trap,medium,wait_warn,4,1,0,40,0,0,0
semantic_trap,medium,wait_warn,4,2,0,40,0,0,0
semantic_trap,medium,wait_warn,4,3,0,9,0,0,0
semantic_trap,medium,wait_warn,4,4,0,10,0,0,0
semantic_trap,medium,wait_warn,4,5,0,40,0,0,0
semantic_trap,medium,wait_warn,4,6,0,40,0,0,0
semantic_trap,medium,wait_warn,4,7,0,40,0,0,0
semantic_trap,medium,wait_warn,4,8,1,18,2,0,0
semantic_trap,medium,wait_warn,4,9,1,18,0,0,0
semantic_trap,easy,wait_warn_block,0,0,1,18,0,0,0
semantic_trap,easy,wait_warn_block,0,1,1,18,0,0,0
semantic_trap,easy,wait_warn_block,0,2,0,50,0,0,0
semantic_trap,easy,wait_warn_block,0,3,0,50,0,0,0
semantic_trap,easy,wait_warn_block,0,4,0,50,0,0,0
semantic_trap,easy,wait_warn_block,0,5,0,50,0,0,0
semantic_trap,easy,wait_warn_block,0,6,0,50,0,0,0
semantic_trap,easy,wait_warn_block,0,7,0,50,0,0,0
semantic_trap,easy,wait_warn_block,0,8,0,50,0,0,0
semantic_trap,easy,wait_warn_block,0,9,0,50,0,0,0
semantic_trap,easy,wait_warn_block,1,0,0,50,0,0,0
semantic_trap,easy,wait_warn_block,1,1,0,50,0,0,0
semantic_trap,easy,wait_warn_block,1,2,0,50,0,0,0
semantic_trap,easy,wait_warn_block,1,3,1,18,2,0,0
semantic_trap,easy,wait_warn_block,1,4,1,18,1,0,0
semantic_trap,easy,wait_warn_block,1,5,0,50,0,0,0
semantic_trap,easy,wait_warn_block,1,6,0,50,0,0,0
semantic_trap,easy,wait_warn_block,1,7,1,25,0,0,0
semantic_trap,easy,wait_warn_block,1,8,0,50,0,0,0
semantic_trap,easy,wait_warn_block,1,9,1,20,0,0,0
semantic_trap,easy,wait_warn_block,2,0,0,50,0,0,0
semantic_trap,easy,wait_warn_block,2,1,0,50,0,0,0
semantic_trap,easy,wait_warn_block,2,2,0,50,0,0,0
semantic_trap,easy,wait_warn_block,2,3,0,50,0,0,0
semantic_trap,easy,wait_warn_block,2,4,0,50,0,0,0
semantic_trap,easy,wait_warn_block,2,5,0,50,0,0,0
semantic_trap,easy,wait_warn_block,2,6,0,50,0,0,0
semantic_trap,easy,wait_warn_block,2,7,0,50,0,0,0
semantic_trap,easy,wait_warn_block,2,8,0,50,0,0,0
semantic_trap,easy,wait_warn_block,2,9,0,50,0,0,0
semantic_trap,easy,wait_warn_block,3,0,0,50,0,0,0
semantic_trap,easy,wait_warn_block,3,1,0,50,0,0,0
semantic_trap,easy,wait_warn_block,3,2,0,50,0,0,0
semantic_trap,easy,wait_warn_block,3,3,0,50,0,0,0
semantic_trap,easy,wait_warn_block,3,4,0,50,0,0,0
semantic_trap,easy,wait_warn_block,3,5,0,50,0,0,0
semantic_trap,easy,wait_warn_block,3,6,0,50,0,0,0
semantic_trap,easy,wait_warn_block,3,7,0,50,0,0,0
semantic_trap,easy,wait_warn_block,3,8,0,50,0,0,0
semantic_trap,easy,wait_warn_block,3,9,0,50,0,0,0
semantic_trap,easy,wait_warn_block,4,0,1,18,1,0,0
semantic_trap,easy,wait_warn_block,4,1,0,50,0,0,0
semantic_trap,easy,wait_warn_block,4,2,0,50,0,0,0
semantic_trap,easy,wait_warn_block,4,3,1,19,1,0,0
semantic_trap,easy,wait_warn_block,4,4,1,18,1,0,0
semantic_trap,easy,wait_warn_block,4,5,0,50,0,0,0
semantic_trap,easy,wait_warn_block,4,6,0,50,0,0,0
semantic_trap,easy,wait_warn_block,4,7,0,50,0,0,0
semantic_trap,easy,wait_warn_block,4,8,1,18,1,0,0
semantic_trap,easy,wait_warn_block,4,9,1,18,1,0,0
semantic_trap,easy,wait_warn_block,5,0,0,50,0,0,0
semantic_trap,easy,wait_warn_block,5,1,0,50,0,0,0
semantic_trap,easy,wait_warn_block,5,2,0,50,0,0,0
semantic_trap,easy,wait_warn_block,5,3,0,50,0,0,0
semantic_trap,easy,wait_warn_block,5,4,0,50,0,0,0
semantic_trap,easy,wait_warn_block,5,5,0,50,0,0,0
semantic_trap,easy,wait_warn_block,5,6,0,50,0,0,0
semantic_trap,easy,wait_warn_block,5,7,0,50,0,0,0
semantic_trap,easy,wait_warn_block,5,8,0,50,0,0,0
semantic_trap,easy,wait_warn_block,5,9,0,50,0,0,0
semantic_trap,easy,wait_warn_block,6,0,0,50,0,0,0
semantic_trap,easy,wait_warn_block,6,1,0,50,0,0,0
semantic_trap,easy,wait_warn_block,6,2,0,50,0,0,0
semantic_trap,easy,wait_warn_block,6,3,0,50,0,0,0
semantic_trap,easy,wait_warn_block,6,4,0,50,0,0,0
semantic_trap,easy,wait_warn_block,6,5,1,21,0,0,0
semantic_trap,easy,wait_warn_block,6,6,0,50,0,0,0
semantic_trap,easy,wait_warn_block,6,7,0,50,0,0,0
semantic_trap,easy,wait_warn_block,6,8,0,50,0,0,0
semantic_trap,easy,wait_warn_block,6,9,0,50,0,0,0
semantic_trap,easy,wait_warn_block,7,0,0,50,0,0,0
semantic_trap,easy,wait_warn_block,7,1,0,50,0,0,0
semantic_trap,easy,wait_warn_block,7,2,1,18,2,0,0
semantic_trap,easy,wait_warn_block,7,3,0,50,0,0,0
semantic_trap,easy,wait_warn_block,7,4,0,50,0,0,0
semantic_trap,easy,wait_warn_block,7,5,0,50,0,0,0
semantic_trap,easy,wait_warn_block,7,6,1,20,0,2,2
semantic_trap,easy,wait_warn_block,7,7,0,12,1,0,0
semantic_trap,easy,wait_warn_block,7,8,0,50,0,0,0
semantic_trap,easy,wait_warn_block,7,9,0,50,0,0,0
semantic_trap,easy,wait_warn_block,8,0,0,50,0,0,0
semantic_trap,easy,wait_warn_block,8,1,0,50,0,0,0
semantic_trap,easy,wait_warn_block,8,2,0,50,0,0,0
semantic_trap,easy,wait_warn_block,8,3,0,50,0,0,0
semantic_trap,easy,wait_warn_block,8,4,0,50,0,0,0
semantic_trap,easy,wait_warn_block,8,5,0,50,0,0,0
semantic_trap,easy,wait_warn_block,8,6,0,50,0,0,0
semantic_trap,easy,wait_warn_block,8,7,0,50,0,0,0
semantic_trap,easy,wait_warn_block,8,8,0,50,0,0,0
semantic_trap,easy,wait_warn_block,8,9,0,50,0,0,0
semantic_trap,easy,wait_warn_block,9,0,0,50,0,0,0
semantic_trap,easy,wait_warn_block,9,1,0,50,0,0,0
semantic_trap,easy,wait_warn_block,9,2,0,50,0,0,0
semantic_trap,easy,wait_warn_block,9,3,0,50,0,0,0
semantic_trap,easy,wait_warn_block,9,4,1,23,1,0,0
semantic_trap,easy,wait_warn_block,9,5,0,50,0,0,0
semantic_trap,easy,wait_warn_block,9,6,0,50,0,0,0
semantic_trap,easy,wait_warn_block,9,7,0,50,0,0,0
semantic_trap,easy,wait_warn_block,9,8,0,50,0,0,0
semantic_trap,easy,wait_warn_block,9,9,0,50,0,0,0
semantic_trap,easy,wait_warn_block,10,0,0,50,0,0,0
semantic_trap,easy,wait_warn_block,10,1,0,50,0,0,0
semantic_trap,easy,wait_warn_block,10,2,0,50,0,0,0
semantic_trap,easy,wait_warn_block,10,3,0,50,0,0,0
semantic_trap,easy,wait_warn_block,10,4,0,50,0,0,0
semantic_trap,easy,wait_warn_block,10,5,0,50,0,0,0
semantic_trap,easy,wait_warn_block,10,6,0,50,0,0,0
semantic_trap,easy,wait_warn_block,10,7,0,50,0,0,0
semantic_trap,easy,wait_warn_block,10,8,0,50,0,0,0
semantic_trap,easy,wait_warn_block,10,9,0,50,0,0,0
semantic_trap,easy,wait_warn_block,11,0,0,50,0,0,0
semantic_trap,easy,wait_warn_block,11,1,1,21,0,0,0
semantic_trap,easy,wait_warn_block,11,2,0,50,0,0,0
semantic_trap,easy,wait_warn_block,11,3,1,18,0,0,0
semantic_trap,easy,wait_warn_block,11,4,0,50,0,0,0
semantic_trap,easy,wait_warn_block,11,5,0,50,0,0,0
semantic_trap,easy,wait_warn_block,11,6,1,18,0,0,0
semantic_trap,easy,wait_warn_block,11,7,0,50,0,0,0
semantic_trap,easy,wait_warn_block,11,8,0,50,0,0,0
semantic_trap,easy,wait_warn_block,11,9,0,50,0,0,0
semantic_trap,easy,wait_warn_block,12,0,0,50,0,0,0
semantic_trap,easy,wait_warn_block,12,1,0,50,0,0,0
semantic_trap,easy,wait_warn_block,12,2,0,50,0,0,0
semantic_trap,easy,wait_warn_block,12,3,0,50,0,0,0
semantic_trap,easy,wait_warn_block,12,4,0,50,0,0,0
semantic_trap,easy,wait_warn_block,12,5,0,50,0,0,0
semantic_trap,easy,wait_warn_block,12,6,0,50,0,0,0
semantic_trap,easy,wait_warn_block,12,7,0,50,0,0,0
semantic_trap,easy,wait_warn_block,12,8,0,50,0,0,0
semantic_trap,easy,wait_warn_block,12,9,0,50,0,0,0
semantic_trap,easy,wait_warn_block,13,0,0,50,0,0,0
semantic_trap,easy,wait_warn_block,13,1,0,50,0,0,0
semantic_trap,easy,wait_warn_block,13,2,0,50,0,0,0
semantic_trap,easy,wait_warn_block,13,3,0,50,0,0,0
semantic_trap,easy,wait_warn_block,13,4,0,50,0,0,0
semantic_trap,easy,wait_warn_block,13,5,0,50,0,0,0
semantic_trap,easy,wait_warn_block,13,6,1,18,2,0,0
semantic_trap,easy,wait_warn_block,13,7,1,20,0,0,0
semantic_trap,easy,wait_warn_block,13,8,0,50,0,0,0
semantic_trap,easy,wait_warn_block,13,9,0,50,0,0,0
semantic_trap,easy,wait_warn_block,14,0,0,50,0,0,0
semantic_trap,easy,wait_warn_block,14,1,0,50,0,0,0
semantic_trap,easy,wait_warn_block,14,2,1,22,1,0,0
semantic_trap,easy,wait_warn_block,14,3,0,50,0,0,0
semantic_trap,easy,wait_warn_block,14,4,1,22,0,0,0
semantic_trap,easy,wait_warn_block,14,5,0,50,0,0,0
semantic_trap,easy,wait_warn_block,14,6,0,50,0,0,0
semantic_trap,easy,wait_warn_block,14,7,1,18,1,0,0
semantic_trap,easy,wait_warn_block,14,8,0,50,0,0,0
semantic_trap,easy,wait_warn_block,14,9,1,18,2,0,0
semantic_trap,medium,wait_warn,5,0,0,40,0,0,0
semantic_trap,medium,wait_warn,5,1,0,40,0,0,0
semantic_trap,medium,wait_warn,5,2,0,40,0,0,0
semantic_trap,medium,wait_warn,5,3,0,40,0,0,0
semantic_trap,medium,wait_warn,5,4,0,40,0,0,0
semantic_trap,medium,wait_warn,5,5,0,40,0,0,0
semantic_trap,medium,wait_warn,5,6,0,40,0,0,0
semantic_trap,medium,wait_warn,5,7,0,40,0,0,0
semantic_trap,medium,wait_warn,5,8,0,40,0,0,0
semantic_trap,medium,wait_warn,5,9,0,40,0,0,0
semantic_trap,medium,wait_warn,6,0,0,40,0,0,0
semantic_trap,medium,wait_warn,6,1,0,40,0,0,0
semantic_trap,medium,wait_warn,6,2,0,40,0,0,0
semantic_trap,medium,wait_warn,6,3,0,40,0,0,0
semantic_trap,medium,wait_warn,6,4,0,40,0,0,0
semantic_trap,medium,wait_warn,6,5,0,12,0,0,0
semantic_trap,medium,wait_warn,6,6,0,40,0,0,0
semantic_trap,medium,wait_warn,6,7,0,40,0,0,0
semantic_trap,medium,wait_warn,6,8,0,40,0,0,0
semantic_trap,medium,wait_warn,6,9,0,40,0,0,0
semantic_trap,medium,wait_warn,7,0,0,40,0,0,0
semantic_trap,medium,wait_warn,7,1,0,40,0,0,0
semantic_trap,medium,wait_warn,7,2,0,9,0,0,0
semantic_trap,medium,wait_warn,7,3,0,40,0,0,0
semantic_trap,medium,wait_warn,7,4,0,40,0,0,0
semantic_trap,medium,wait_warn,7,5,0,40,0,0,0
semantic_trap,medium,wait_warn,7,6,0,12,0,0,0
semantic_trap,medium,wait_warn,7,7,0,9,0,0,0
semantic_trap,medium,wait_warn,7,8,0,40,0,0,0
semantic_trap,medium,wait_warn,7,9,0,40,0,0,0
semantic_trap,medium,wait_warn,8,0,0,40,0,0,0
semantic_trap,medium,wait_warn,8,1,0,40,0,0,0
semantic_trap,medium,wait_warn,8,2,0,40,0,0,0
semantic_trap,medium,wait_warn,8,3,0,40,0,0,0
semantic_trap,medium,wait_warn,8,4,0,40,0,0,0
semantic_trap,medium,wait_warn,8,5,0,40,0,0,0
semantic_trap,medium,wait_warn,8,6,0,40,0,0,0
semantic_trap,medium,wait_warn,8,7,0,40,0,0,0
semantic_trap,medium,wait_warn,8,8,0,40,0,0,0
semantic_trap,medium,wait_warn,8,9,0,40,0,0,0
semantic_trap,medium,wait_warn,9,0,0,40,0,0,0
semantic_trap,medium,wait_warn,9,1,0,40,0,0,0
semantic_trap,medium,wait_warn,9,2,0,40,0,0,0
semantic_trap,medium,wait_warn,9,3,0,40,0,0,0
semantic_trap,medium,wait_warn,9,4,0,13,0,0,0
semantic_trap,medium,wait_warn,9,5,0,40,0,0,0
semantic_trap,medium,wait_warn,9,6,0,40,0,0,0
semantic_trap,medium,wait_warn,9,7,0,40,0,0,0
semantic_trap,medium,wait_warn,9,8,0,40,0,0,0
semantic_trap,medium,wait_warn,9,9,0,40,0,0,0
semantic_trap,medium,wait_warn,10,0,0,40,0,0,0
semantic_trap,medium,wait_warn,10,1,0,40,0,0,0
semantic_trap,medium,wait_warn,10,2,0,40,0,0,0
semantic_trap,medium,wait_warn,10,3,0,40,0,0,0
semantic_trap,medium,wait_warn,10,4,0,40,0,0,0
semantic_trap,medium,wait_warn,10,5,0,40,0,0,0
semantic_trap,medium,wait_warn,10,6,0,40,0,0,0
semantic_trap,medium,wait_warn,10,7,0,40,0,0,0
semantic_trap,medium,wait_warn,10,8,0,40,0,0,0
semantic_trap,medium,wait_warn,10,9,0,40,0,0,0
semantic_trap,medium,wait_warn,11,0,0,40,0,0,0
semantic_trap,medium,wait_warn,11,1,0,13,0,0,0
semantic_trap,medium,wait_warn,11,2,0,40,0,0,0
semantic_trap,medium,wait_warn,11,3,1,18,0,0,0
semantic_trap,medium,wait_warn,11,4,0,40,0,0,0
semantic_trap,medium,wait_warn,11,5,0,40,0,0,0
semantic_trap,medium,wait_warn,11,6,0,9,0,0,0
semantic_trap,medium,wait_warn,11,7,0,40,0,0,0
semantic_trap,medium,wait_warn,11,8,0,40,0,0,0
semantic_trap,medium,wait_warn,11,9,0,40,0,0,0
semantic_trap,medium,wait_warn,12,0,0,40,0,0,0
semantic_trap,medium,wait_warn,12,1,0,40,0,0,0
semantic_trap,medium,wait_warn,12,2,0,40,0,0,0
semantic_trap,medium,wait_warn,12,3,0,40,0,0,0
semantic_trap,medium,wait_warn,12,4,0,40,0,0,0
semantic_trap,medium,wait_warn,12,5,0,40,0,0,0
semantic_trap,medium,wait_warn,12,6,0,40,0,0,0
semantic_trap,medium,wait_warn,12,7,0,40,0,0,0
semantic_trap,medium,wait_warn,12,8,0,40,0,0,0
semantic_trap,medium,wait_warn,12,9,0,40,0,0,0
semantic_trap,medium,wait_warn,13,0,0,40,0,0,0
semantic_trap,medium,wait_warn,13,1,0,40,0,0,0
semantic_trap,medium,wait_warn,13,2,0,40,0,0,0
semantic_trap,medium,wait_warn,13,3,0,40,0,0,0
semantic_trap,medium,wait_warn,13,4,0,40,0,0,0
semantic_trap,medium,wait_warn,13,5,0,40,0,0,0
semantic_trap,medium,wait_warn,13,6,1,18,0,0,0
semantic_trap,medium,wait_warn,13,7,0,12,0,0,0
semantic_trap,medium,wait_warn,13,8,0,40,0,0,0
semantic_trap,medium,wait_warn,13,9,0,40,0,0,0
semantic_trap,medium,wait_warn,14,0,0,40,0,0,0
semantic_trap,medium,wait_warn,14,1,0,40,0,0,0
semantic_trap,medium,wait_warn,14,2,0,10,0,0,0
semantic_trap,medium,wait_warn,14,3,0,40,0,0,0
semantic_trap,medium,wait_warn,14,4,0,9,0,0,0
semantic_trap,medium,wait_warn,14,5,0,40,0,0,0
semantic_trap,medium,wait_warn,14,6,0,40,0,0,0
semantic_trap,medium,wait_warn,14,7,0,8,0,0,0
semantic_trap,medium,wait_warn,14,8,0,40,0,0,0
semantic_trap,medium,wait_warn,14,9,0,9,0,0,0
semantic_trap,medium,wait_warn,15,0,0,40,0,0,0
semantic_trap,medium,wait_warn,15,1,0,40,0,0,0
semantic_trap,medium,wait_warn,15,2,1,21,0,0,0
semantic_trap,medium,wait_warn,15,3,0,9,0,0,0
semantic_trap,medium,wait_warn,15,4,0,40,0,0,0
semantic_trap,medium,wait_warn,15,5,0,40,0,0,0
semantic_trap,medium,wait_warn,15,6,1,20,0,0,0
semantic_trap,medium,wait_warn,15,7,0,40,0,0,0
semantic_trap,medium,wait_warn,15,8,0,10,0,0,0
semantic_trap,medium,wait_warn,15,9,1,18,0,0,0
semantic_trap,medium,wait_warn,16,0,0,40,0,0,0
semantic_trap,medium,wait_warn,16,1,0,40,0,0,0
semantic_trap,medium,wait_warn,16,2,0,11,0,0,0
semantic_trap,medium,wait_warn,16,3,0,10,0,0,0
semantic_trap,medium,wait_warn,16,4,0,40,0,0,0
semantic_trap,medium,wait_warn,16,5,0,15,0,0,0
semantic_trap,medium,wait_warn,16,6,1,18,0,0,0
semantic_trap,medium,wait_warn,16,7,0,40,0,0,0
semantic_trap,medium,wait_warn,16,8,1,18,1,0,0
semantic_trap,medium,wait_warn,16,9,0,9,0,0,0
semantic_trap,medium,wait_warn,17,0,0,40,0,0,0
semantic_trap,medium,wait_warn,17,1,0,40,0,0,0
semantic_trap,medium,wait_warn,17,2,0,40,0,0,0
semantic_trap,medium,wait_warn,17,3,0,40,0,0,0
semantic_trap,medium,wait_warn,17,4,0,40,0,0,0
semantic_trap,medium,wait_warn,17,5,0,40,0,0,0
semantic_trap,medium,wait_warn,17,6,0,40,0,0,0
semantic_trap,medium,wait_warn,17,7,0,40,0,0,0
semantic_trap,medium,wait_warn,17,8,0,40,0,0,0
semantic_trap,medium,wait_warn,17,9,0,40,0,0,0
semantic_trap,medium,wait_warn,18,0,0,40,0,0,0
semantic_trap,medium,wait_warn,18,1,0,40,0,0,0
semantic_trap,medium,wait_warn,18,2,0,40,0,0,0
semantic_trap,medium,wait_warn,18,3,0,40,0,0,0
semantic_trap,medium,wait_warn,18,4,0,40,0,0,0
semantic_trap,medium,wait_warn,18,5,0,40,0,0,0
semantic_trap,medium,wait_warn,18,6,0,40,0,0,0
semantic_trap,medium,wait_warn,18,7,0,40,0,0,0
semantic_trap,medium,wait_warn,18,8,0,40,0,0,0
semantic_trap,medium,wait_warn,18,9,0,40,0,0,0
semantic_trap,medium,wait_warn,19,0,0,40,0,0,0
semantic_trap,medium,wait_warn,19,1,1,18,1,0,0
semantic_trap,medium,wait_warn,19,2,0,18,0,0,0
semantic_trap,medium,wait_warn,19,3,0,40,0,0,0
semantic_trap,medium,wait_warn,19,4,0,40,0,0,0
semantic_trap,medium,wait_warn,19,5,1,19,1,0,0
semantic_trap,medium,wait_warn,19,6,1,19,1,0,0
semantic_trap,medium,wait_warn,19,7,0,20,0,0,0
semantic_trap,medium,wait_warn,19,8,0,8,0,0,0
semantic_trap,medium,wait_warn,19,9,1,21,0,0,0
semantic_trap,medium,wait_warn_block,10,0,0,40,0,0,0
semantic_trap,medium,wait_warn_block,10,1,0,40,0,0,0
semantic_trap,medium,wait_warn_block,10,2,0,40,0,0,0
semantic_trap,medium,wait_warn_block,10,3,0,40,0,0,0
semantic_trap,medium,wait_warn_block,10,4,0,40,0,0,0
semantic_trap,medium,wait_warn_block,10,5,0,40,0,0,0
semantic_trap,medium,wait_warn_block,10,6,0,40,0,0,0
semantic_trap,medium,wait_warn_block,10,7,0,40,0,0,0
semantic_trap,medium,wait_warn_block,10,8,0,40,0,0,0
semantic_trap,medium,wait_warn_block,10,9,0,40,0,0,0
semantic_trap,medium,wait_warn_block,11,0,0,40,0,0,0
semantic_trap,medium,wait_warn_block,11,1,0,13,0,0,0
semantic_trap,medium,wait_warn_block,11,2,0,40,0,0,0
semantic_trap,medium,wait_warn_block,11,3,1,18,0,0,0
semantic_trap,medium,wait_warn_block,11,4,0,40,0,0,0
semantic_trap,medium,wait_warn_block,11,5,0,40,0,0,0
semantic_trap,medium,wait_warn_block,11,6,0,9,0,0,0
semantic_trap,medium,wait_warn_block,11,7,0,40,0,0,0
semantic_trap,medium,wait_warn_block,11,8,0,40,0,0,0
semantic_trap,medium,wait_warn_block,11,9,0,40,0,0,0
semantic_trap,medium,wait_warn_block,12,0,0,40,0,0,0
semantic_trap,medium,wait_warn_block,12,1,0,40,0,0,0
semantic_trap,medium,wait_warn_block,12,2,0,40,0,0,0
semantic_trap,medium,wait_warn_block,12,3,0,40,0,0,0
semantic_trap,medium,wait_warn_block,12,4,0,40,0,0,0
semantic_trap,medium,wait_warn_block,12,5,0,40,0,0,0
semantic_trap,medium,wait_warn_block,12,6,0,40,0,0,0
semantic_trap,medium,wait_warn_block,12,7,0,40,0,0,0
semantic_trap,medium,wait_warn_block,12,8,0,40,0,0,0
semantic_trap,medium,wait_warn_block,12,9,0,40,0,0,0
semantic_trap,medium,wait_warn_block,13,0,0,40,0,0,0
semantic_trap,medium,wait_warn_block,13,1,0,40,0,0,0
semantic_trap,medium,wait_warn_block,13,2,0,40,0,0,0
semantic_trap,medium,wait_warn_block,13,3,0,40,0,0,0
semantic_trap,medium,wait_warn_block,13,4,0,40,0,0,0
semantic_trap,medium,wait_warn_block,13,5,0,40,0,0,0
semantic_trap,medium,wait_warn_block,13,6,1,18,0,0,0
semantic_trap,medium,wait_warn_block,13,7,0,12,0,0,0
semantic_trap,medium,wait_warn_block,13,8,0,40,0,0,0
semantic_trap,medium,wait_warn_block,13,9,0,40,0,0,0
semantic_trap,medium,wait_warn_block,14,0,0,40,0,0,0
semantic_trap,medium,wait_warn_block,14,1,0,40,0,0,0
semantic_trap,medium,wait_warn_block,14,2,0,10,0,0,0
semantic_trap,medium,wait_warn_block,14,3,0,40,0,0,0
semantic_trap,medium,wait_warn_block,14,4,0,9,0,0,0
semantic_trap,medium,wait_warn_block,14,5,0,40,0,0,0
semantic_trap,medium,wait_warn_block,14,6,0,40,0,0,0
semantic_trap,medium,wait_warn_block,14,7,0,8,0,0,0
semantic_trap,medium,wait_warn_block,14,8,0,40,0,0,0
semantic_trap,medium,wait_warn_block,14,9,0,9,0,0,0
semantic_trap,medium,wait_warn_block,15,0,0,40,0,0,0
semantic_trap,medium,wait_warn_block,15,1,0,40,0,0,0
semantic_trap,medium,wait_warn_block,15,2,1,21,0,0,0
semantic_trap,medium,wait_warn_block,15,3,0,9,0,0,0
semantic_trap,medium,wait_warn_block,15,4,0,40,0,0,0
semantic_trap,medium,wait_warn_block,15,5,0,40,0,0,0
semantic_trap,medium,wait_warn_block,15,6,1,20,0,0,0
semantic_trap,medium,wait_warn_block,15,7,0,40,0,0,0
semantic_trap,medium,wait_warn_block,15,8,0,10,0,0,0
semantic_trap,medium,wait_warn_block,15,9,1,18,0,0,0
semantic_trap,medium,wait_warn_block,16,0,0,40,0,0,0
semantic_trap,medium,wait_warn_block,16,1,0,40,0,0,0
semantic_trap,medium,wait_warn_block,16,2,0,11,0,0,0
semantic_trap,medium,wait_warn_block,16,3,0,10,0,0,0
semantic_trap,medium,wait_warn_block,16,4,0,40,0,0,0
semantic_trap,medium,wait_warn_block,16,5,0,15,0,0,0
semantic_trap,medium,wait_warn_block,16,6,1,18,0,0,0
semantic_trap,medium,wait_warn_block,16,7,0,40,0,0,0
semantic_trap,medium,wait_warn_block,16,8,1,18,1,0,0
semantic_trap,medium,wait_warn_block,16,9,0,9,0,0,0
semantic_trap,medium,wait_warn_block,17,0,0,40,0,0,0
semantic_trap,medium,wait_warn_block,17,1,0,40,0,0,0
semantic_trap,medium,wait_warn_block,17,2,0,40,0,0,0
semantic_trap,medium,wait_warn_block,17,3,0,40,0,0,0
semantic_trap,medium,wait_warn_block,17,4,0,40,0,0,0
semantic_trap,medium,wait_warn_block,17,5,0,40,0,0,0
semantic_trap,medium,wait_warn_block,17,6,0,40,0,0,0
semantic_trap,medium,wait_warn_block,17,7,0,40,0,0,0
semantic_trap,medium,wait_warn_block,17,8,0,40,0,0,0
semantic_trap,medium,wait_warn_block,17,9,0,40,0,0,0
semantic_trap,medium,wait_warn_block,18,0,0,40,0,0,0
semantic_trap,medium,wait_warn_block,18,1,0,40,0,0,0
semantic_trap,medium,wait_warn_block,18,2,0,40,0,0,0
semantic_trap,medium,wait_warn_block,18,3,0,40,0,0,0
semantic_trap,medium,wait_warn_block,18,4,0,40,0,0,0
semantic_trap,medium,wait_warn_block,18,5,0,40,0,0,0
semantic_trap,medium,wait_warn_block,18,6,0,40,0,0,0
semantic_trap,medium,wait_warn_block,18,7,0,40,0,0,0
semantic_trap,medium,wait_warn_block,18,8,0,40,0,0,0
semantic_trap,medium,wait_warn_block,18,9,0,40,0,0,0
semantic_trap,medium,wait_warn_block,19,0,0,40,0,0,0
semantic_trap,medium,wait_warn_block,19,1,1,18,1,0,0
semantic_trap,medium,wait_warn_block,19,2,0,18,0,0,0
semantic_trap,medium,wait_warn_block,19,3,0,40,0,0,0
semantic_trap,medium,wait_warn_block,19,4,0,40,0,0,0
semantic_trap,medium,wait_warn_block,19,5,1,19,1,0,0
semantic_trap,medium,wait_warn_block,19,6,1,19,1,0,0
semantic_trap,medium,wait_warn_block,19,7,1,32,0,1,1
semantic_trap,medium,wait_warn_block,19,8,0,8,0,0,0
semantic_trap,medium,wait_warn_block,19,9,1,21,0,0,0
semantic_trap,hard,no_teacher,0,0,1,18,0,0,0
semantic_trap,hard,no_teacher,0,1,0,9,0,0,0
semantic_trap,hard,no_teacher,0,2,0,35,0,0,0
semantic_trap,hard,no_teacher,0,3,0,35,0,0,0
semantic_trap,hard,no_teacher,0,4,0,35,0,0,0
semantic_trap,hard,no_teacher,0,5,0,35,0,0,0
semantic_trap,hard,no_teacher,0,6,0,35,0,0,0
semantic_trap,hard,no_teacher,0,7,0,35,0,0,0
semantic_trap,hard,no_teacher,0,8,0,35,0,0,0
semantic_trap,hard,no_teacher,0,9,0,35,0,0,0
semantic_trap,hard,no_teacher,1,0,0,35,0,0,0
semantic_trap,hard,no_teacher,1,1,0,35,0,0,0
semantic_trap,hard,no_teacher,1,2,0,35,0,0,0
semantic_trap,hard,no_teacher,1,3,0,8,0,0,0
semantic_trap,hard,no_teacher,1,4,0,9,0,0,0
semantic_trap,hard,no_teacher,1,5,0,35,0,0,0
semantic_trap,hard,no_teacher,1,6,0,35,0,0,0
semantic_trap,hard,no_teacher,1,7,0,13,0,0,0
semantic_trap,hard,no_teacher,1,8,0,35,0,0,0
semantic_trap,hard,no_teacher,1,9,1,20,0,0,0
semantic_trap,hard,no_teacher,2,0,0,35,0,0,0
semantic_trap,hard,no_teacher,2,1,0,35,0,0,0
semantic_trap,hard,no_teacher,2,2,0,35,0,0,0
semantic_trap,hard,no_teacher,2,3,0,35,0,0,0
semantic_trap,hard,no_teacher,2,4,0,35,0,0,0
semantic_trap,hard,no_teacher,2,5,0,35,0,0,0
semantic_trap,hard,no_teacher,2,6,0,35,0,0,0
semantic_trap,hard,no_teacher,2,7,0,35,0,0,0
semantic_trap,hard,no_teacher,2,8,0,35,0,0,0
semantic_trap,hard,no_teacher,2,9,0,35,0,0,0
semantic_trap,hard,no_teacher,3,0,0,35,0,0,0
semantic_trap,hard,no_teacher,3,1,0,35,0,0,0
semantic_trap,hard,no_teacher,3,2,0,35,0,0,0
semantic_trap,hard,no_teacher,3,3,0,35,0,0,0
semantic_trap,hard,no_teacher,3,4,0,35,0,0,0
semantic_trap,hard,no_teacher,3,5,0,35,0,0,0
semantic_trap,hard,no_teacher,3,6,0,35,0,0,0
semantic_trap,hard,no_teacher,3,7,0,35,0,0,0
semantic_trap,hard,no_teacher,3,8,0,35,0,0,0
semantic_trap,hard,no_teacher,3,9,0,35,0,0,0
semantic_trap,hard,no_teacher,4,0,0,9,0,0,0
semantic_trap,hard,no_teacher,4,1,0,35,0,0,0
semantic_trap,hard,no_teacher,4,2,0,35,0,0,0
semantic_trap,hard,no_teacher,4,3,0,9,0,0,0
semantic_trap,hard,no_teacher,4,4,0,10,0,0,0
semantic_trap,hard,no_teacher,4,5,0,35,0,0,0
semantic_trap,hard,no_teacher,4,6,0,35,0,0,0
semantic_trap,hard,no_teacher,4,7,0,35,0,0,0
semantic_trap,hard,no_teacher,4,8,1,18,0,0,0
semantic_trap,hard,no_teacher,4,9,1,18,0,0,0
semantic_trap,hard,no_teacher,5,0,0,35,0,0,0
semantic_trap,hard,no_teacher,5,1,0,35,0,0,0
semantic_trap,hard,no_teacher,5,2,0,35,0,0,0
semantic_trap,hard,no_teacher,5,3,0,35,0,0,0
semantic_trap,hard,no_teacher,5,4,0,35,0,0,0
semantic_trap,hard,no_teacher,5,5,0,35,0,0,0
semantic_trap,hard,no_teacher,5,6,0,35,0,0,0
semantic_trap,hard,no_teacher,5,7,0,35,0,0,0
semantic_trap,hard,no_teacher,5,8,0,35,0,0,0
semantic_trap,hard,no_teacher,5,9,0,35,0,0,0
semantic_trap,hard,no_teacher,6,0,0,35,0,0,0
semantic_trap,hard,no_teacher,6,1,0,35,0,0,0
semantic_trap,hard,no_teacher,6,2,0,35,0,0,0
semantic_trap,hard,no_teacher,6,3,0,35,0,0,0
semantic_trap,hard,no_teacher,6,4,0,35,0,0,0
semantic_trap,hard,no_teacher,6,5,0,12,0,0,0
semantic_trap,hard,no_teacher,6,6,0,35,0,0,0
semantic_trap,hard,no_teacher,6,7,0,35,0,0,0
semantic_trap,hard,no_teacher,6,8,0,35,0,0,0
semantic_trap,hard,no_teacher,6,9,0,35,0,0,0
semantic_trap,hard,no_teacher,7,0,0,35,0,0,0
semantic_trap,hard,no_teacher,7,1,0,35,0,0,0
semantic_trap,hard,no_teacher,7,2,0,9,0,0,0
semantic_trap,hard,no_teacher,7,3,0,35,0,0,0
semantic_trap,hard,no_teacher,7,4,0,35,0,0,0
semantic_trap,hard,no_teacher,7,5,0,35,0,0,0
semantic_trap,hard,no_teacher,7,6,0,9,0,0,0
semantic_trap,hard,no_teacher,7,7,0,8,0,0,0
semantic_trap,hard,no_teacher,7,8,0,35,0,0,0
semantic_trap,hard,no_teacher,7,9,0,35,0,0,0
semantic_trap,hard,no_teacher,8,0,0,35,0,0,0
semantic_trap,hard,no_teacher,8,1,0,35,0,0,0
semantic_trap,hard,no_teacher,8,2,0,35,0,0,0
semantic_trap,hard,no_teacher,8,3,0,35,0,0,0
semantic_trap,hard,no_teacher,8,4,0,35,0,0,0
semantic_trap,hard,no_teacher,8,5,0,35,0,0,0
semantic_trap,hard,no_teacher,8,6,0,35,0,0,0
semantic_trap,hard,no_teacher,8,7,0,35,0,0,0
semantic_trap,hard,no_teacher,8,8,0,35,0,0,0
semantic_trap,hard,no_teacher,8,9,0,35,0,0,0
semantic_trap,hard,no_teacher,9,0,0,35,0,0,0
semantic_trap,hard,no_teacher,9,1,0,35,0,0,0
semantic_trap,hard,no_teacher,9,2,0,35,0,0,0
semantic_trap,hard,no_teacher,9,3,0,35,0,0,0
semantic_trap,hard,no_teacher,9,4,1,23,0,0,0
semantic_trap,hard,no_teacher,9,5,0,35,0,0,0
semantic_trap,hard,no_teacher,9,6,0,35,0,0,0
semantic_trap,hard,no_teacher,9,7,0,35,0,0,0
semantic_trap,hard,no_teacher,9,8,0,35,0,0,0
semantic_trap,hard,no_teacher,9,9,0,35,0,0,0
semantic_trap,hard,no_teacher,10,0,0,35,0,0,0
semantic_trap,hard,no_teacher,10,1,0,35,0,0,0
semantic_trap,hard,no_teacher,10,2,0,35,0,0,0
semantic_trap,hard,no_teacher,10,3,0,35,0,0,0
semantic_trap,hard,no_teacher,10,4,0,35,0,0,0
semantic_trap,hard,no_teacher,10,5,0,35,0,0,0
semantic_trap,hard,no_teacher,10,6,0,35,0,0,0
semantic_trap,hard,no_teacher,10,7,0,35,0,0,0
semantic_trap,hard,no_teacher,10,8,0,35,0,0,0
semantic_trap,hard,no_teacher,10,9,0,35,0,0,0
semantic_trap,hard,no_teacher,11,0,0,35,0,0,0
semantic_trap,hard,no_teacher,11,1,0,13,0,0,0
semantic_trap,hard,no_teacher,11,2,0,35,0,0,0
semantic_trap,hard,no_teacher,11,3,1,18,0,0,0
semantic_trap,hard,no_teacher,11,4,0,35,0,0,0
semantic_trap,hard,no_teacher,11,5,0,35,0,0,0
semantic_trap,hard,no_teacher,11,6,0,9,0,0,0
semantic_trap,hard,no_teacher,11,7,0,35,0,0,0
semantic_trap,hard,no_teacher,11,8,0,35,0,0,0
semantic_trap,hard,no_teacher,11,9,0,35,0,0,0
semantic_trap,hard,no_teacher,12,0,0,35,0,0,0
semantic_trap,hard,no_teacher,12,1,0,35,0,0,0
semantic_trap,hard,no_teacher,12,2,0,35,0,0,0
semantic_trap,hard,no_teacher,12,3,0,35,0,0,0
semantic_trap,hard,no_teacher,12,4,0,35,0,0,0
semantic_trap,hard,no_teacher,12,5,0,35,0,0,0
semantic_trap,hard,no_teacher,12,6,0,35,0,0,0
semantic_trap,hard,no_teacher,12,7,0,35,0,0,0
semantic_trap,hard,no_teacher,12,8,0,35,0,0,0
semantic_trap,hard,no_teacher,12,9,0,35,0,0,0
semantic_trap,hard,no_teacher,13,0,0,35,0,0,0
semantic_trap,hard,no_teacher,13,1,0,35,0,0,0
semantic_trap,hard,no_teacher,13,2,0,35,0,0,0
semantic_trap,hard,no_teacher,13,3,0,35,0,0,0
semantic_trap,hard,no_teacher,13,4,0,35,0,0,0
semantic_trap,hard,no_teacher,13,5,0,35,0,0,0
semantic_trap,hard,no_teacher,13,6,0,9,0,0,0
semantic_trap,hard,no_teacher,13,7,0,9,0,0,0
semantic_trap,hard,no_teacher,13,8,0,35,0,0,0
semantic_trap,hard,no_teacher,13,9,0,35,0,0,0
semantic_trap,hard,no_teacher,14,0,0,35,0,0,0
semantic_trap,hard,no_teacher,14,1,0,35,0,0,0
semantic_trap,hard,no_teacher,14,2,0,9,0,0,0
semantic_trap,hard,no_teacher,14,3,0,35,0,0,0
semantic_trap,hard,no_teacher,14,4,0,9,0,0,0
semantic_trap,hard,no_teacher,14,5,0,35,0,0,0
semantic_trap,hard,no_teacher,14,6,0,35,0,0,0
semantic_trap,hard,no_teacher,14,7,0,8,0,0,0
semantic_trap,hard,no_teacher,14,8,0,35,0,0,0
semantic_trap,hard,no_teacher,14,9,0,9,0,0,0
semantic_trap,hard,no_teacher,15,0,0,35,0,0,0
semantic_trap,hard,no_teacher,15,1,0,35,0,0,0
semantic_trap,hard,no_teacher,15,2,0,9,0,0,0
semantic_trap,hard,no_teacher,15,3,0,9,0,0,0
semantic_trap,hard,no_teacher,15,4,0,35,0,0,0
semantic_trap,hard,no_teacher,15,5,0,35,0,0,0
semantic_trap,hard,no_teacher,15,6,1,20,0,0,0
semantic_trap,hard,no_teacher,15,7,0,35,0,0,0
semantic_trap,hard,no_teacher,15,8,0,10,0,0,0
semantic_trap,hard,no_teacher,15,9,1,18,0,0,0
semantic_trap,hard,no_teacher,16,0,0,35,0,0,0
semantic_trap,hard,no_teacher,16,1,0,35,0,0,0
semantic_trap,hard,no_teacher,16,2,0,11,0,0,0
semantic_trap,hard,no_teacher,16,3,0,10,0,0,0
semantic_trap,hard,no_teacher,16,4,0,35,0,0,0
semantic_trap,hard,no_teacher,16,5,1,20,0,0,0
semantic_trap,hard,no_teacher,16,6,1,18,0,0,0
semantic_trap,hard,no_teacher,16,7,0,35,0,0,0
semantic_trap,hard,no_teacher,16,8,0,9,0,0,0
semantic_trap,hard,no_teacher,16,9,0,9,0,0,0
semantic_trap,hard,no_teacher,17,0,0,35,0,0,0
semantic_trap,hard,no_teacher,17,1,0,35,0,0,0
semantic_trap,hard,no_teacher,17,2,0,35,0,0,0
semantic_trap,hard,no_teacher,17,3,0,35,0,0,0
semantic_trap,hard,no_teacher,17,4,0,35,0,0,0
semantic_trap,hard,no_teacher,17,5,0,35,0,0,0
semantic_trap,hard,no_teacher,17,6,0,35,0,0,0
semantic_trap,hard,no_teacher,17,7,0,35,0,0,0
semantic_trap,hard,no_teacher,17,8,0,35,0,0,0
semantic_trap,hard,no_teacher,17,9,0,35,0,0,0
semantic_trap,hard,no_teacher,18,0,0,35,0,0,0
semantic_trap,hard,no_teacher,18,1,0,35,0,0,0
semantic_trap,hard,no_teacher,18,2,0,35,0,0,0
semantic_trap,hard,no_teacher,18,3,0,35,0,0,0
semantic_trap,hard,no_teacher,18,4,0,35,0,0,0
semantic_trap,hard,no_teacher,18,5,0,35,0,0,0
semantic_trap,hard,no_teacher,18,6,0,35,0,0,0
semantic_trap,hard,no_teacher,18,7,0,35,0,0,0
semantic_trap,hard,no_teacher,18,8,0,35,0,0,0
semantic_trap,hard,no_teacher,18,9,0,35,0,0,0
semantic_trap,hard,no_teacher,19,0,0,35,0,0,0
semantic_trap,hard,no_teacher,19,1,1,18,0,0,0
semantic_trap,hard,no_teacher,19,2,0,18,0,0,0
semantic_trap,hard,no_teacher,19,3,0,35,0,0,0
semantic_trap,hard,no_teacher,19,4,0,35,0,0,0
semantic_trap,hard,no_teacher,19,5,1,19,0,0,0
semantic_trap,hard,no_teacher,19,6,1,19,0,0,0
semantic_trap,hard,no_teacher,19,7,0,35,0,0,0
semantic_trap,hard,no_teacher,19,8,0,8,0,0,0
semantic_trap,hard,no_teacher,19,9,1,21,0,0,0
semantic_trap,medium,wait_block,0,0,1,18,0,0,0
semantic_trap,medium,wait_block,0,1,0,10,0,0,0
semantic_trap,medium,wait_block,0,2,0,40,0,0,0
semantic_trap,medium,wait_block,0,3,0,40,0,0,0
semantic_trap,medium,wait_block,0,4,0,40,0,0,0
semantic_trap,medium,wait_block,0,5,0,40,0,0,0
semantic_trap,medium,wait_block,0,6,0,40,0,0,0
semantic_trap,medium,wait_block,0,7,0,40,0,0,0
semantic_trap,medium,wait_block,0,8,0,40,0,0,0
semantic_trap,medium,wait_block,0,9,0,40,0,0,0
semantic_trap,medium,wait_block,1,0,0,40,0,0,0
semantic_trap,medium,wait_block,1,1,0,40,0,0,0
semantic_trap,medium,wait_block,1,2,0,40,0,0,0
semantic_trap,medium,wait_block,1,3,0,8,0,0,0
semantic_trap,medium,wait_block,1,4,0,9,0,0,0
semantic_trap,medium,wait_block,1,5,0,40,0,0,0
semantic_trap,medium,wait_block,1,6,0,40,0,0,0
semantic_trap,medium,wait_block,1,7,0,13,0,0,0
semantic_trap,medium,wait_block,1,8,0,40,0,0,0
semantic_trap,medium,wait_block,1,9,1,20,0,0,0
semantic_trap,medium,wait_block,2,0,0,40,0,0,0
semantic_trap,medium,wait_block,2,1,0,40,0,0,0
semantic_trap,medium,wait_block,2,2,0,40,0,0,0
semantic_trap,medium,wait_block,2,3,0,40,0,0,0
semantic_trap,medium,wait_block,2,4,0,40,0,0,0
semantic_trap,medium,wait_block,2,5,0,40,0,0,0
semantic_trap,medium,wait_block,2,6,0,40,0,0,0
semantic_trap,medium,wait_block,2,7,0,40,0,0,0
semantic_trap,medium,wait_block,2,8,0,40,0,0,0
semantic_trap,medium,wait_block,2,9,0,40,0,0,0
semantic_trap,medium,wait_block,3,0,0,40,0,0,0
semantic_trap,medium,wait_block,3,1,0,40,0,0,0
semantic_trap,medium,wait_block,3,2,0,40,0,0,0
semantic_trap,medium,wait_block,3,3,0,40,0,0,0
semantic_trap,medium,wait_block,3,4,0,40,0,0,0
semantic_trap,medium,wait_block,3,5,0,40,0,0,0
semantic_trap,medium,wait_block,3,6,0,40,0,0,0
semantic_trap,medium,wait_block,3,7,0,40,0,0,0
semantic_trap,medium,wait_block,3,8,0,40,0,0,0
semantic_trap,medium,wait_block,3,9,0,40,0,0,0
semantic_trap,medium,wait_block,4,0,0,9,0,0,0
semantic_trap,medium,wait_block,4,1,0,40,0,0,0
semantic_trap,medium,wait_block,4,2,0,40,0,0,0
semantic_trap,medium,wait_block,4,3,0,9,0,0,0
semantic_trap,medium,wait_block,4,4,0,10,0,0,0
semantic_trap,medium,wait_block,4,5,0,40,0,0,0
semantic_trap,medium,wait_block,4,6,0,40,0,0,0
semantic_trap,medium,wait_block,4,7,0,40,0,0,0
semantic_trap,medium,wait_block,4,8,1,18,0,0,0
semantic_trap,medium,wait_block,4,9,1,18,0,0,0
semantic_trap,medium,wait_block,5,0,0,40,0,0,0
semantic_trap,medium,wait_block,5,1,0,40,0,0,0
semantic_trap,medium,wait_block,5,2,0,40,0,0,0
semantic_trap,medium,wait_block,5,3,0,40,0,0,0
semantic_trap,medium,wait_block,5,4,0,40,0,0,0
semantic_trap,medium,wait_block,5,5,0,40,0,0,0
semantic_trap,medium,wait_block,5,6,0,40,0,0,0
semantic_trap,medium,wait_block,5,7,0,40,0,0,0
semantic_trap,medium,wait_block,5,8,0,40,0,0,0
semantic_trap,medium,wait_block,5,9,0,40,0,0,0
semantic_trap,medium,wait_block,6,0,0,40,0,0,0
semantic_trap,medium,wait_block,6,1,0,40,0,0,0
semantic_trap,medium,wait_block,6,2,0,40,0,0,0
semantic_trap,medium,wait_block,6,3,0,40,0,0,0
semantic_trap,medium,wait_block,6,4,0,40,0,0,0
semantic_trap,medium,wait_block,6,5,0,12,0,0,0
semantic_trap,medium,wait_block,6,6,0,40,0,0,0
semantic_trap,medium,wait_block,6,7,0,40,0,0,0
semantic_trap,medium,wait_block,6,8,0,40,0,0,0
semantic_trap,medium,wait_block,6,9,0,40,0,0,0
semantic_trap,medium,wait_block,7,0,0,40,0,0,0
semantic_trap,medium,wait_block,7,1,0,40,0,0,0
semantic_trap,medium,wait_block,7,2,0,9,0,0,0
semantic_trap,medium,wait_block,7,3,0,40,0,0,0
semantic_trap,medium,wait_block,7,4,0,40,0,0,0
semantic_trap,medium,wait_block,7,5,0,40,0,0,0
semantic_trap,medium,wait_block,7,6,1,20,0,2,2
semantic_trap,medium,wait_block,7,7,0,9,0,0,0
semantic_trap,medium,wait_block,7,8,0,40,0,0,0
semantic_trap,medium,wait_block,7,9,0,40,0,0,0
semantic_trap,medium,wait_block,8,0,0,40,0,0,0
semantic_trap,medium,wait_block,8,1,0,40,0,0,0
semantic_trap,medium,wait_block,8,2,0,40,0,0,0
semantic_trap,medium,wait_block,8,3,0,40,0,0,0
semantic_trap,medium,wait_block,8,4,0,40,0,0,0
semantic_trap,medium,wait_block,8,5,0,40,0,0,0
semantic_trap,medium,wait_block,8,6,0,40,0,0,0
semantic_trap,medium,wait_block,8,7,0,40,0,0,0
semantic_trap,medium,wait_block,8,8,0,40,0,0,0
semantic_trap,medium,wait_block,8,9,0,40,0,0,0
semantic_trap,medium,wait_block,9,0,0,40,0,0,0
semantic_trap,medium,wait_block,9,1,0,40,0,0,0
semantic_trap,medium,wait_block,9,2,0,40,0,0,0
semantic_trap,medium,wait_block,9,3,0,40,0,0,0
semantic_trap,medium,wait_block,9,4,0,13,0,0,0
semantic_trap,medium,wait_block,9,5,0,40,0,0,0
semantic_trap,medium,wait_block,9,6,0,40,0,0,0
semantic_trap,medium,wait_block,9,7,0,40,0,0,0
semantic_trap,medium,wait_block,9,8,0,40,0,0,0
semantic_trap,medium,wait_block,9,9,0,40,0,0,0
semantic_trap,medium,wait_block,10,0,0,40,0,0,0
semantic_trap,medium,wait_block,10,1,0,40,0,0,0
semantic_trap,medium,wait_block,10,2,0,40,0,0,0
semantic_trap,medium,wait_block,10,3,0,40,0,0,0
semantic_trap,medium,wait_block,10,4,0,40,0,0,0
semantic_trap,medium,wait_block,10,5,0,40,0,0,0
semantic_trap,medium,wait_block,10,6,0,40,0,0,0
semantic_trap,medium,wait_block,10,7,0,40,0,0,0
semantic_trap,medium,wait_block,10,8,0,40,0,0,0
semantic_trap,medium,wait_block,10,9,0,40,0,0,0
semantic_trap,medium,wait_block,11,0,0,40,0,0,0
semantic_trap,medium,wait_block,11,1,0,13,0,0,0
semantic_trap,medium,wait_block,11,2,0,40,0,0,0
semantic_trap,medium,wait_block,11,3,1,18,0,0,0
semantic_trap,medium,wait_block,11,4,0,40,0,0,0
semantic_trap,medium,wait_block,11,5,0,40,0,0,0
semantic_trap,medium,wait_block,11,6,0,9,0,0,0
semantic_trap,medium,wait_block,11,7,0,40,0,0,0
semantic_trap,medium,wait_block,11,8,0,40,0,0,0
semantic_trap,medium,wait_block,11,9,0,40,0,0,0
semantic_trap,medium,wait_block,12,0,0,40,0,0,0
semantic_trap,medium,wait_block,12,1,0,40,0,0,0
semantic_trap,medium,wait_block,12,2,0,40,0,0,0
semantic_trap,medium,wait_block,12,3,0,40,0,0,0
semantic_trap,medium,wait_block,12,4,0,40,0,0,0
semantic_trap,medium,wait_block,12,5,0,40,0,0,0
semantic_trap,medium,wait_block,12,6,0,40,0,0,0
semantic_trap,medium,wait_block,12,7,0,40,0,0,0
semantic_trap,medium,wait_block,12,8,0,40,0,0,0
semantic_trap,medium,wait_block,12,9,0,40,0,0,0
semantic_trap,medium,wait_block,13,0,0,40,0,0,0
semantic_trap,medium,wait_block,13,1,0,40,0,0,0
semantic_trap,medium,wait_block,13,2,0,40,0,0,0
semantic_trap,medium,wait_block,13,3,0,40,0,0,0
semantic_trap,medium,wait_block,13,4,0,40,0,0,0
semantic_trap,medium,wait_block,13,5,0,40,0,0,0
semantic_trap,medium,wait_block,13,6,1,18,0,0,0
semantic_trap,medium,wait_block,13,7,0,12,0,0,0
semantic_trap,medium,wait_block,13,8,0,40,0,0,0
semantic_trap,medium,wait_block,13,9,0,40,0,0,0
semantic_trap,medium,wait_block,14,0,0,40,0,0,0
semantic_trap,medium,wait_block,14,1,0,40,0,0,0
semantic_trap,medium,wait_block,14,2,0,10,0,0,0
semantic_trap,medium,wait_block,14,3,0,40,0,0,0
semantic_trap,medium,wait_block,14,4,0,9,0,0,0
semantic_trap,medium,wait_block,14,5,0,40,0,0,0
semantic_trap,medium,wait_block,14,6,0,40,0,0,0
semantic_trap,medium,wait_block,14,7,0,8,0,0,0
semantic_trap,medium,wait_block,14,8,0,40,0,0,0
semantic_trap,medium,wait_block,14,9,0,9,0,0,0
semantic_trap,medium,wait_block,15,0,0,40,0,0,0
semantic_trap,medium,wait_block,15,1,0,40,0,0,0
semantic_trap,medium,wait_block,15,2,1,21,0,0,0
semantic_trap,medium,wait_block,15,3,0,9,0,0,0
semantic_trap,medium,wait_block,15,4,0,40,0,0,0
semantic_trap,medium,wait_block,15,5,0,40,0,0,0
semantic_trap,medium,wait_block,15,6,1,20,0,0,0
semantic_trap,medium,wait_block,15,7,0,40,0,0,0
semantic_trap,medium,wait_block,15,8,0,10,0,0,0
semantic_trap,medium,wait_block,15,9,1,18,0,0,0
semantic_trap,medium,wait_block,16,0,0,40,0,0,0
semantic_trap,medium,wait_block,16,1,0,40,0,0,0
semantic_trap,medium,wait_block,16,2,0,11,0,0,0
semantic_trap,medium,wait_block,16,3,0,10,0,0,0
semantic_trap,medium,wait_block,16,4,0,40,0,0,0
semantic_trap,medium,wait_block,16,5,0,15,0,0,0
semantic_trap,medium,wait_block,16,6,1,18,0,0,0
semantic_trap,medium,wait_block,16,7,0,40,0,0,0
semantic_trap,medium,wait_block,16,8,1,18,0,0,0
semantic_trap,medium,wait_block,16,9,0,9,0,0,0
semantic_trap,medium,wait_block,17,0,0,40,0,0,0
semantic_trap,medium,wait_block,17,1,0,40,0,0,0
semantic_trap,medium,wait_block,17,2,0,40,0,0,0
semantic_trap,medium,wait_block,17,3,0,40,0,0,0
semantic_trap,medium,wait_block,17,4,0,40,0,0,0
semantic_trap,medium,wait_block,17,5,0,40,0,0,0
semantic_trap,medium,wait_block,17,6,0,40,0,0,0
semantic_trap,medium,wait_block,17,7,0,40,0,0,0
semantic_trap,medium,wait_block,17,8,0,40,0,0,0
semantic_trap,medium,wait_block,17,9,0,40,0,0,0
semantic_trap,medium,wait_block,18,0,0,40,0,0,0
semantic_trap,medium,wait_block,18,1,0,40,0,0,0
semantic_trap,medium,wait_block,18,2,0,40,0,0,0
semantic_trap,medium,wait_block,18,3,0,40,0,0,0
semantic_trap,medium,wait_block,18,4,0,40,0,0,0
semantic_trap,medium,wait_block,18,5,0,40,0,0,0
semantic_trap,medium,wait_block,18,6,0,40,0,0,0
semantic_trap,medium,wait_block,18,7,0,40,0,0,0
semantic_trap,medium,wait_block,18,8,0,40,0,0,0
semantic_trap,medium,wait_block,18,9,0,40,0,0,0
semantic_trap,medium,wait_block,19,0,0,40,0,0,0
semantic_trap,medium,wait_block,19,1,1,18,0,0,0
semantic_trap,medium,wait_block,19,2,0,18,0,0,0
semantic_trap,medium,wait_block,19,3,0,40,0,0,0
semantic_trap,medium,wait_block,19,4,0,40,0,0,0
semantic_trap,medium,wait_block,19,5,1,19,0,0,0
semantic_trap,medium,wait_block,19,6,1,19,0,0,0
semantic_trap,medium,wait_block,19,7,1,32,0,1,1
semantic_trap,medium,wait_block,19,8,0,8,0,0,0
semantic_trap,medium,wait_block,19,9,1,21,0,0,0
semantic_trap,medium,wait_warn_block,0,0,1,18,0,0,0
semantic_trap,medium,wait_warn_block,0,1,0,10,0,0,0
semantic_trap,medium,wait_warn_block,0,2,0,40,0,0,0
semantic_trap,medium,wait_warn_block,0,3,0,40,0,0,0
semantic_trap,medium,wait_warn_block,0,4,0,40,0,0,0
semantic_trap,medium,wait_warn_block,0,5,0,40,0,0,0
semantic_trap,medium,wait_warn_block,0,6,0,40,0,0,0
semantic_trap,medium,wait_warn_block,0,7,0,40,0,0,0
semantic_trap,medium,wait_warn_block,0,8,0,40,0,0,0
semantic_trap,medium,wait_warn_block,0,9,0,40,0,0,0
semantic_trap,medium,wait_warn_block,1,0,0,40,0,0,0
semantic_trap,medium,wait_warn_block,1,1,0,40,0,0,0
semantic_trap,medium,wait_warn_block,1,2,0,40,0,0,0
semantic_trap,medium,wait_warn_block,1,3,0,8,0,0,0
semantic_trap,medium,wait_warn_block,1,4,0,9,0,0,0
semantic_trap,medium,wait_warn_block,1,5,0,40,0,0,0
semantic_trap,medium,wait_warn_block,1,6,0,40,0,0,0
semantic_trap,medium,wait_warn_block,1,7,0,13,0,0,0
semantic_trap,medium,wait_warn_block,1,8,0,40,0,0,0
semantic_trap,medium,wait_warn_block,1,9,1,20,0,0,0
semantic_trap,medium,wait_warn_block,2,0,0,40,0,0,0
semantic_trap,medium,wait_warn_block,2,1,0,40,0,0,0
semantic_trap,medium,wait_warn_block,2,2,0,40,0,0,0
semantic_trap,medium,wait_warn_block,2,3,0,40,0,0,0
semantic_trap,medium,wait_warn_block,2,4,0,40,0,0,0
semantic_trap,medium,wait_warn_block,2,5,0,40,0,0,0
semantic_trap,medium,wait_warn_block,2,6,0,40,0,0,0
semantic_trap,medium,wait_warn_block,2,7,0,40,0,0,0
semantic_trap,medium,wait_warn_block,2,8,0,40,0,0,0
semantic_trap,medium,wait_warn_block,2,9,0,40,0,0,0
semantic_trap,medium,wait_warn_block,3,0,0,40,0,0,0
semantic_trap,medium,wait_warn_block,3,1,0,40,0,0,0
semantic_trap,medium,wait_warn_block,3,2,0,40,0,0,0
semantic_trap,medium,wait_warn_block,3,3,0,40,0,0,0
semantic_trap,medium,wait_warn_block,3,4,0,40,0,0,0
semantic_trap,medium,wait_warn_block,3,5,0,40,0,0,0
semantic_trap,medium,wait_warn_block,3,6,0,40,0,0,0
semantic_trap,medium,wait_warn_block,3,7,0,40,0,0,0
semantic_trap,medium,wait_warn_block,3,8,0,40,0,0,0
semantic_trap,medium,wait_warn_block,3,9,0,40,0,0,0
semantic_trap,medium,wait_warn_block,4,0,0,9,0,0,0
semantic_trap,medium,wait_warn_block,4,1,0,40,0,0,0
semantic_trap,medium,wait_warn_block,4,2,0,40,0,0,0
semantic_trap,medium,wait_warn_block,4,3,0,9,0,0,0
semantic_trap,medium,wait_warn_block,4,4,0,10,0,0,0
semantic_trap,medium,wait_warn_block,4,5,0,40,0,0,0
semantic_trap,medium,wait_warn_block,4,6,0,40,0,0,0
semantic_trap,medium,wait_warn_block,4,7,0,40,0,0,0
semantic_trap,medium,wait_warn_block,4,8,1,18,2,0,0
semantic_trap,medium,wait_warn_block,4,9,1,18,0,0,0
semantic_trap,medium,wait_warn_block,5,0,0,40,0,0,0
semantic_trap,medium,wait_warn_block,5,1,0,40,0,0,0
semantic_trap,medium,wait_warn_block,5,2,0,40,0,0,0
semantic_trap,medium,wait_warn_block,5,3,0,40,0,0,0
semantic_trap,medium,wait_warn_block,5,4,0,40,0,0,0
semantic_trap,medium,wait_warn_block,5,5,0,40,0,0,0
semantic_trap,medium,wait_warn_block,5,6,0,40,0,0,0
semantic_trap,medium,wait_warn_block,5,7,0,40,0,0,0
semantic_trap,medium,wait_warn_block,5,8,0,40,0,0,0
semantic_trap,medium,wait_warn_block,5,9,0,40,0,0,0
semantic_trap,medium,wait_warn_block,6,0,0,40,0,0,0
semantic_trap,medium,wait_warn_block,6,1,0,40,0,0,0
semantic_trap,medium,wait_warn_block,6,2,0,40,0,0,0
semantic_trap,medium,wait_warn_block,6,3,0,40,0,0,0
semantic_trap,medium,wait_warn_block,6,4,0,40,0,0,0
semantic_trap,medium,wait_warn_block,6,5,0,12,0,0,0
semantic_trap,medium,wait_warn_block,6,6,0,40,0,0,0
semantic_trap,medium,wait_warn_block,6,7,0,40,0,0,0
semantic_trap,medium,wait_warn_block,6,8,0,40,0,0,0
semantic_trap,medium,wait_warn_block,6,9,0,40,0,0,0
semantic_trap,medium,wait_warn_block,7,0,0,40,0,0,0
semantic_trap,medium,wait_warn_block,7,1,0,40,0,0,0
semantic_trap,medium,wait_warn_block,7,2,0,9,0,0,0
semantic_trap,medium,wait_warn_block,7,3,0,40,0,0,0
semantic_trap,medium,wait_warn_block,7,4,0,40,0,0,0
semantic_trap,medium,wait_warn_block,7,5,0,40,0,0,0
semantic_trap,medium,wait_warn_block,7,6,1,20,1,2,2
semantic_trap,medium,wait_warn_block,7,7,0,9,0,0,0
semantic_trap,medium,wait_warn_block,7,8,0,40,0,0,0
semantic_trap,medium,wait_warn_block,7,9,0,40,0,0,0
semantic_trap,medium,wait_warn_block,8,0,0,40,0,0,0
semantic_trap,medium,wait_warn_block,8,1,0,40,0,0,0
semantic_trap,medium,wait_warn_block,8,2,0,40,0,0,0
semantic_trap,medium,wait_warn_block,8,3,0,40,0,0,0
semantic_trap,medium,wait_warn_block,8,4,0,40,0,0,0
semantic_trap,medium,wait_warn_block,8,5,0,40,0,0,0
semantic_trap,medium,wait_warn_block,8,6,0,40,0,0,0
semantic_trap,medium,wait_warn_block,8,7,0,40,0,0,0
semantic_trap,medium,wait_warn_block,8,8,0,40,0,0,0
semantic_trap,medium,wait_warn_block,8,9,0,40,0,0,0
semantic_trap,medium,wait_warn_block,9,0,0,40,0,0,0
semantic_trap,medium,wait_warn_block,9,1,0,40,0,0,0
semantic_trap,medium,wait_warn_block,9,2,0,40,0,0,0
semantic_trap,medium,wait_warn_block,9,3,0,40,0,0,0
semantic_trap,medium,wait_warn_block,9,4,0,13,0,0,0
semantic_trap,medium,wait_warn_block,9,5,0,40,0,0,0
semantic_trap,medium,wait_warn_block,9,6,0,40,0,0,0
semantic_trap,medium,wait_warn_block,9,7,0,40,0,0,0
semantic_trap,medium,wait_warn_block,9,8,0,40,0,0,0
semantic_trap,medium,wait_warn_block,9,9,0,40,0,0,0
semantic_trap,hard,wait_warn,15,0,0,35,0,0,0
semantic_trap,hard,wait_warn,15,1,0,35,0,0,0
semantic_trap,hard,wait_warn,15,2,0,9,0,0,0
semantic_trap,hard,wait_warn,15,3,0,9,0,0,0
semantic_trap,hard,wait_warn,15,4,0,35,0,0,0
semantic_trap,hard,wait_warn,15,5,0,35,0,0,0
semantic_trap,hard,wait_warn,15,6,1,20,0,0,0
semantic_trap,hard,wait_warn,15,7,0,35,0,0,0
semantic_trap,hard,wait_warn,15,8,0,10,0,0,0
semantic_trap,hard,wait_warn,15,9,1,18,0,0,0
semantic_trap,hard,wait_warn,16,0,0,35,0,0,0
semantic_trap,hard,wait_warn,16,1,0,35,0,0,0
semantic_trap,hard,wait_warn,16,2,0,11,0,0,0
semantic_trap,hard,wait_warn,16,3,0,10,0,0,0
semantic_trap,hard,wait_warn,16,4,0,35,0,0,0
semantic_trap,hard,wait_warn,16,5,1,20,2,0,0
semantic_trap,hard,wait_warn,16,6,1,18,0,0,0
semantic_trap,hard,wait_warn,16,7,0,35,0,0,0
semantic_trap,hard,wait_warn,16,8,0,9,0,0,0
semantic_trap,hard,wait_warn,16,9,0,9,0,0,0
semantic_trap,hard,wait_warn,17,0,0,35,0,0,0
semantic_trap,hard,wait_warn,17,1,0,35,0,0,0
semantic_trap,hard,wait_warn,17,2,0,35,0,0,0
semantic_trap,hard,wait_warn,17,3,0,35,0,0,0
semantic_trap,hard,wait_warn,17,4,0,35,0,0,0
semantic_trap,hard,wait_warn,17,5,0,35,0,0,0
semantic_trap,hard,wait_warn,17,6,0,35,0,0,0
semantic_trap,hard,wait_warn,17,7,0,35,0,0,0
semantic_trap,hard,wait_warn,17,8,0,35,0,0,0
semantic_trap,hard,wait_warn,17,9,0,35,0,0,0
semantic_trap,hard,wait_warn,18,0,0,35,0,0,0
semantic_trap,hard,wait_warn,18,1,0,35,0,0,0
semantic_trap,hard,wait_warn,18,2,0,35,0,0,0
semantic_trap,hard,wait_warn,18,3,0,35,0,0,0
semantic_trap,hard,wait_warn,18,4,0,35,0,0,0
semantic_trap,hard,wait_warn,18,5,0,35,0,0,0
semantic_trap,hard,wait_warn,18,6,0,35,0,0,0
semantic_trap,hard,wait_warn,18,7,0,35,0,0,0
semantic_trap,hard,wait_warn,18,8,0,35,0,0,0
semantic_trap,hard,wait_warn,18,9,0,35,0,0,0
semantic_trap,hard,wait_warn,19,0,0,35,0,0,0
semantic_trap,hard,wait_warn,19,1,1,18,1,0,0
semantic_trap,hard,wait_warn,19,2,0,18,0,0,0
semantic_trap,hard,wait_warn,19,3,0,35,0,0,0
semantic_trap,hard,wait_warn,19,4,0,35,0,0,0
semantic_trap,hard,wait_warn,19,5,1,19,1,0,0
semantic_trap,hard,wait_warn,19,6,1,19,1,0,0
semantic_trap,hard,wait_warn,19,7,0,35,0,0,0
semantic_trap,hard,wait_warn,19,8,0,8,0,0,0
semantic_trap,hard,wait_warn,19,9,1,21,0,0,0
semantic_trap,hard,wait_block,0,0,1,18,0,0,0
semantic_trap,hard,wait_block,0,1,0,9,0,0,0
semantic_trap,hard,wait_block,0,2,0,35,0,0,0
semantic_trap,hard,wait_block,0,3,0,35,0,0,0
semantic_trap,hard,wait_block,0,4,0,35,0,0,0
semantic_trap,hard,wait_block,0,5,0,35,0,0,0
semantic_trap,hard,wait_block,0,6,0,35,0,0,0
semantic_trap,hard,wait_block,0,7,0,35,0,0,0
semantic_trap,hard,wait_block,0,8,0,35,0,0,0
semantic_trap,hard,wait_block,0,9,0,35,0,0,0
semantic_trap,hard,wait_block,1,0,0,35,0,0,0
semantic_trap,hard,wait_block,1,1,0,35,0,0,0
semantic_trap,hard,wait_block,1,2,0,35,0,0,0
semantic_trap,hard,wait_block,1,3,0,8,0,0,0
semantic_trap,hard,wait_block,1,4,0,9,0,0,0
semantic_trap,hard,wait_block,1,5,0,35,0,0,0
semantic_trap,hard,wait_block,1,6,0,35,0,0,0
semantic_trap,hard,wait_block,1,7,0,13,0,0,0
semantic_trap,hard,wait_block,1,8,0,35,0,0,0
semantic_trap,hard,wait_block,1,9,1,20,0,0,0
semantic_trap,hard,wait_block,2,0,0,35,0,0,0
semantic_trap,hard,wait_block,2,1,0,35,0,0,0
semantic_trap,hard,wait_block,2,2,0,35,0,0,0
semantic_trap,hard,wait_block,2,3,0,35,0,0,0
semantic_trap,hard,wait_block,2,4,0,35,0,0,0
semantic_trap,hard,wait_block,2,5,0,35,0,0,0
semantic_trap,hard,wait_block,2,6,0,35,0,0,0
semantic_trap,hard,wait_block,2,7,0,35,0,0,0
semantic_trap,hard,wait_block,2,8,0,35,0,0,0
semantic_trap,hard,wait_block,2,9,0,35,0,0,0
semantic_trap,hard,wait_block,3,0,0,35,0,0,0
semantic_trap,hard,wait_block,3,1,0,35,0,0,0
semantic_trap,hard,wait_block,3,2,0,35,0,0,0
semantic_trap,hard,wait_block,3,3,0,35,0,0,0
semantic_trap,hard,wait_block,3,4,0,35,0,0,0
semantic_trap,hard,wait_block,3,5,0,35,0,0,0
semantic_trap,hard,wait_block,3,6,0,35,0,0,0
semantic_trap,hard,wait_block,3,7,0,35,0,0,0
semantic_trap,hard,wait_block,3,8,0,35,0,0,0
semantic_trap,hard,wait_block,3,9,0,35,0,0,0
semantic_trap,hard,wait_block,4,0,0,9,0,0,0
semantic_trap,hard,wait_block,4,1,0,35,0,0,0
semantic_trap,hard,wait_block,4,2,0,35,0,0,0
semantic_trap,hard,wait_block,4,3,0,9,0,0,0
semantic_trap,hard,wait_block,4,4,0,10,0,0,0
semantic_trap,hard,wait_block,4,5,0,35,0,0,0
semantic_trap,hard,wait_block,4,6,0,35,0,0,0
semantic_trap,hard,wait_block,4,7,0,35,0,0,0
semantic_trap,hard,wait_block,4,8,1,18,0,0,0
semantic_trap,hard,wait_block,4,9,1,18,0,0,0
semantic_trap,hard,wait_block,5,0,0,35,0,0,0
semantic_trap,hard,wait_block,5,1,0,35,0,0,0
semantic_trap,hard,wait_block,5,2,0,35,0,0,0
semantic_trap,hard,wait_block,5,3,0,35,0,0,0
semantic_trap,hard,wait_block,5,4,0,35,0,0,0
semantic_trap,hard,wait_block,5,5,0,35,0,0,0
semantic_trap,hard,wait_block,5,6,0,35,0,0,0
semantic_trap,hard,wait_block,5,7,0,35,0,0,0
semantic_trap,hard,wait_block,5,8,0,35,0,0,0
semantic_trap,hard,wait_block,5,9,0,35,0,0,0
semantic_trap,hard,wait_block,6,0,0,35,0,0,0
semantic_trap,hard,wait_block,6,1,0,35,0,0,0
semantic_trap,hard,wait_block,6,2,0,35,0,0,0
semantic_trap,hard,wait_block,6,3,0,35,0,0,0
semantic_trap,hard,wait_block,6,4,0,35,0,0,0
semantic_trap,hard,wait_block,6,5,0,12,0,0,0
semantic_trap,hard,wait_block,6,6,0,35,0,0,0
semantic_trap,hard,wait_block,6,7,0,35,0,0,0
semantic_trap,hard,wait_block,6,8,0,35,0,0,0
semantic_trap,hard,wait_block,6,9,0,35,0,0,0
semantic_trap,hard,wait_block,7,0,0,35,0,0,0
semantic_trap,hard,wait_block,7,1,0,35,0,0,0
semantic_trap,hard,wait_block,7,2,0,9,0,0,0
semantic_trap,hard,wait_block,7,3,0,35,0,0,0
semantic_trap,hard,wait_block,7,4,0,35,0,0,0
semantic_trap,hard,wait_block,7,5,0,35,0,0,0
semantic_trap,hard,wait_block,7,6,0,9,0,0,0
semantic_trap,hard,wait_block,7,7,0,8,0,0,0
semantic_trap,hard,wait_block,7,8,0,35,0,0,0
semantic_trap,hard,wait_block,7,9,0,35,0,0,0
semantic_trap,hard,wait_block,8,0,0,35,0,0,0
semantic_trap,hard,wait_block,8,1,0,35,0,0,0
semantic_trap,hard,wait_block,8,2,0,35,0,0,0
semantic_trap,hard,wait_block,8,3,0,35,0,0,0
semantic_trap,hard,wait_block,8,4,0,35,0,0,0
semantic_trap,hard,wait_block,8,5,0,35,0,0,0
semantic_trap,hard,wait_block,8,6,0,35,0,0,0
semantic_trap,hard,wait_block,8,7,0,35,0,0,0
semantic_trap,hard,wait_block,8,8,0,35,0,0,0
semantic_trap,hard,wait_block,8,9,0,35,0,0,0
semantic_trap,hard,wait_block,9,0,0,35,0,0,0
semantic_trap,hard,wait_block,9,1,0,35,0,0,0
semantic_trap,hard,wait_block,9,2,0,35,0,0,0
semantic_trap,hard,wait_block,9,3,0,35,0,0,0
semantic_trap,hard,wait_block,9,4,1,23,0,0,0
semantic_trap,hard,wait_block,9,5,0,35,0,0,0
semantic_trap,hard,wait_block,9,6,0,35,0,0,0
semantic_trap,hard,wait_block,9,7,0,35,0,0,0
semantic_trap,hard,wait_block,9,8,0,35,0,0,0
semantic_trap,hard,wait_block,9,9,0,35,0,0,0
semantic_trap,hard,wait_block,10,0,0,35,0,0,0
semantic_trap,hard,wait_block,10,1,0,35,0,0,0
semantic_trap,hard,wait_block,10,2,0,35,0,0,0
semantic_trap,hard,wait_block,10,3,0,35,0,0,0
semantic_trap,hard,wait_block,10,4,0,35,0,0,0
semantic_trap,hard,wait_block,10,5,0,35,0,0,0
semantic_trap,hard,wait_block,10,6,0,35,0,0,0
semantic_trap,hard,wait_block,10,7,0,35,0,0,0
semantic_trap,hard,wait_block,10,8,0,35,0,0,0
semantic_trap,hard,wait_block,10,9,0,35,0,0,0
semantic_trap,hard,wait_block,11,0,0,35,0,0,0
semantic_trap,hard,wait_block,11,1,0,13,0,0,0
semantic_trap,hard,wait_block,11,2,0,35,0,0,0
semantic_trap,hard,wait_block,11,3,1,18,0,0,0
semantic_trap,hard,wait_block,11,4,0,35,0,0,0
semantic_trap,hard,wait_block,11,5,0,35,0,0,0
semantic_trap,hard,wait_block,11,6,0,9,0,0,0
semantic_trap,hard,wait_block,11,7,0,35,0,0,0
semantic_trap,hard,wait_block,11,8,0,35,0,0,0
semantic_trap,hard,wait_block,11,9,0,35,0,0,0
semantic_trap,hard,wait_block,12,0,0,35,0,0,0
semantic_trap,hard,wait_block,12,1,0,35,0,0,0
semantic_trap,hard,wait_block,12,2,0,35,0,0,0
semantic_trap,hard,wait_block,12,3,0,35,0,0,0
semantic_trap,hard,wait_block,12,4,0,35,0,0,0
semantic_trap,hard,wait_block,12,5,0,35,0,0,0
semantic_trap,hard,wait_block,12,6,0,35,0,0,0
semantic_trap,hard,wait_block,12,7,0,35,0,0,0
semantic_trap,hard,wait_block,12,8,0,35,0,0,0
semantic_trap,hard,wait_block,12,9,0,35,0,0,0
semantic_trap,hard,wait_block,13,0,0,35,0,0,0
semantic_trap,hard,wait_block,13,1,0,35,0,0,0
semantic_trap,hard,wait_block,13,2,0,35,0,0,0
semantic_trap,hard,wait_block,13,3,0,35,0,0,0
semantic_trap,hard,wait_block,13,4,0,35,0,0,0
semantic_trap,hard,wait_block,13,5,0,35,0,0,0
semantic_trap,hard,wait_block,13,6,0,9,0,0,0
semantic_trap,hard,wait_block,13,7,0,9,0,0,0
semantic_trap,hard,wait_block,13,8,0,35,0,0,0
semantic_trap,hard,wait_block,13,9,0,35,0,0,0
semantic_trap,hard,wait_block,14,0,0,35,0,0,0
semantic_trap,hard,wait_block,14,1,0,35,0,0,0
semantic_trap,hard,wait_block,14,2,0,9,0,0,0
semantic_trap,hard,wait_block,14,3,0,35,0,0,0
semantic_trap,hard,wait_block,14,4,0,9,0,0,0
semantic_trap,hard,wait_block,14,5,0,35,0,0,0
semantic_trap,hard,wait_block,14,6,0,35,0,0,0
semantic_trap,hard,wait_block,14,7,0,8,0,0,0
semantic_trap,hard,wait_block,14,8,0,35,0,0,0
semantic_trap,hard,wait_block,14,9,0,9,0,0,0
semantic_trap,hard,wait_block,15,0,0,35,0,0,0
semantic_trap,hard,wait_block,15,1,0,35,0,0,0
semantic_trap,hard,wait_block,15,2,0,9,0,0,0
semantic_trap,hard,wait_block,15,3,0,9,0,0,0
semantic_trap,hard,wait_block,15,4,0,35,0,0,0
semantic_trap,hard,wait_block,15,5,0,35,0,0,0
semantic_trap,hard,wait_block,15,6,1,20,0,0,0
semantic_trap,hard,wait_block,15,7,0,35,0,0,0
semantic_trap,hard,wait_block,15,8,0,10,0,0,0
semantic_trap,hard,wait_block,15,9,1,18,0,0,0
semantic_trap,hard,wait_block,16,0,0,35,0,0,0
semantic_trap,hard,wait_block,16,1,0,35,0,0,0
semantic_trap,hard,wait_block,16,2,0,11,0,0,0
semantic_trap,hard,wait_block,16,3,0,10,0,0,0
semantic_trap,hard,wait_block,16,4,0,35,0,0,0
semantic_trap,hard,wait_block,16,5,1,20,0,0,0
semantic_trap,hard,wait_block,16,6,1,18,0,0,0
semantic_trap,hard,wait_block,16,7,0,35,0,0,0
semantic_trap,hard,wait_block,16,8,0,9,0,0,0
semantic_trap,hard,wait_block,16,9,0,9,0,0,0
semantic_trap,hard,wait_block,17,0,0,35,0,0,0
semantic_trap,hard,wait_block,17,1,0,35,0,0,0
semantic_trap,hard,wait_block,17,2,0,35,0,0,0
semantic_trap,hard,wait_block,17,3,0,35,0,0,0
semantic_trap,hard,wait_block,17,4,0,35,0,0,0
semantic_trap,hard,wait_block,17,5,0,35,0,0,0
semantic_trap,hard,wait_block,17,6,0,35,0,0,0
semantic_trap,hard,wait_block,17,7,0,35,0,0,0
semantic_trap,hard,wait_block,17,8,0,35,0,0,0
semantic_trap,hard,wait_block,17,9,0,35,0,0,0
semantic_trap,hard,wait_block,18,0,0,35,0,0,0
semantic_trap,hard,wait_block,18,1,0,35,0,0,0
semantic_trap,hard,wait_block,18,2,0,35,0,0,0
semantic_trap,hard,wait_block,18,3,0,35,0,0,0
semantic_trap,hard,wait_block,18,4,0,35,0,0,0
semantic_trap,hard,wait_block,18,5,0,35,0,0,0
semantic_trap,hard,wait_block,18,6,0,35,0,0,0
semantic_trap,hard,wait_block,18,7,0,35,0,0,0
semantic_trap,hard,wait_block,18,8,0,35,0,0,0
semantic_trap,hard,wait_block,18,9,0,35,0,0,0
semantic_trap,hard,wait_block,19,0,0,35,0,0,0
semantic_trap,hard,wait_block,19,1,1,18,0,0,0
semantic_trap,hard,wait_block,19,2,0,18,0,0,0
semantic_trap,hard,wait_block,19,3,0,35,0,0,0
semantic_trap,hard,wait_block,19,4,0,35,0,0,0
semantic_trap,hard,wait_block,19,5,1,19,0,0,0
semantic_trap,hard,wait_block,19,6,1,19,0,0,0
semantic_trap,hard,wait_block,19,7,0,35,0,0,0
semantic_trap,hard,wait_block,19,8,0,8,0,0,0
semantic_trap,hard,wait_block,19,9,1,21,0,0,0
semantic_trap,hard,wait_warn_block,0,0,1,18,0,0,0
semantic_trap,hard,wait_warn_block,0,1,0,9,0,0,0
semantic_trap,hard,wait_warn_block,0,2,0,35,0,0,0
semantic_trap,hard,wait_warn_block,0,3,0,35,0,0,0
semantic_trap,hard,wait_warn_block,0,4,0,35,0,0,0
semantic_trap,hard,wait_warn_block,0,5,0,35,0,0,0
semantic_trap,hard,wait_warn_block,0,6,0,35,0,0,0
semantic_trap,hard,wait_warn_block,0,7,0,35,0,0,0
semantic_trap,hard,wait_warn_block,0,8,0,35,0,0,0
semantic_trap,hard,wait_warn_block,0,9,0,35,0,0,0
semantic_trap,hard,wait_warn_block,1,0,0,35,0,0,0
semantic_trap,hard,wait_warn_block,1,1,0,35,0,0,0
semantic_trap,hard,wait_warn_block,1,2,0,35,0,0,0
semantic_trap,hard,wait_warn_block,1,3,0,8,0,0,0
semantic_trap,hard,wait_warn_block,1,4,0,9,0,0,0
semantic_trap,hard,wait_warn_block,1,5,0,35,0,0,0
semantic_trap,hard,wait_warn_block,1,6,0,35,0,0,0
semantic_trap,hard,wait_warn_block,1,7,0,13,0,0,0
semantic_trap,hard,wait_warn_block,1,8,0,35,0,0,0
semantic_trap,hard,wait_warn_block,1,9,1,20,0,0,0
semantic_trap,hard,wait_warn_block,2,0,0,35,0,0,0
semantic_trap,hard,wait_warn_block,2,1,0,35,0,0,0
semantic_trap,hard,wait_warn_block,2,2,0,35,0,0,0
semantic_trap,hard,wait_warn_block,2,3,0,35,0,0,0
semantic_trap,hard,wait_warn_block,2,4,0,35,0,0,0
semantic_trap,hard,wait_warn_block,2,5,0,35,0,0,0
semantic_trap,hard,wait_warn_block,2,6,0,35,0,0,0
semantic_trap,hard,wait_warn_block,2,7,0,35,0,0,0
semantic_trap,hard,wait_warn_block,2,8,0,35,0,0,0
semantic_trap,hard,wait_warn_block,2,9,0,35,0,0,0
semantic_trap,hard,wait_warn_block,3,0,0,35,0,0,0
semantic_trap,hard,wait_warn_block,3,1,0,35,0,0,0
semantic_trap,hard,wait_warn_block,3,2,0,35,0,0,0
semantic_trap,hard,wait_warn_block,3,3,0,35,0,0,0
semantic_trap,hard,wait_warn_block,3,4,0,35,0,0,0
semantic_trap,hard,wait_warn_block,3,5,0,35,0,0,0
semantic_trap,hard,wait_warn_block,3,6,0,35,0,0,0
semantic_trap,hard,wait_warn_block,3,7,0,35,0,0,0
semantic_trap,hard,wait_warn_block,3,8,0,35,0,0,0
semantic_trap,hard,wait_warn_block,3,9,0,35,0,0,0
semantic_trap,hard,wait_warn_block,4,0,0,9,0,0,0
semantic_trap,hard,wait_warn_block,4,1,0,35,0,0,0
semantic_trap,hard,wait_warn_block,4,2,0,35,0,0,0
semantic_trap,hard,wait_warn_block,4,3,0,9,0,0,0
semantic_trap,hard,wait_warn_block,4,4,0,10,0,0,0
semantic_trap,hard,wait_warn_block,4,5,0,35,0,0,0
semantic_trap,hard,wait_warn_block,4,6,0,35,0,0,0
semantic_trap,hard,wait_warn_block,4,7,0,35,0,0,0
semantic_trap,hard,wait_warn_block,4,8,1,18,2,0,0
semantic_trap,hard,wait_warn_block,4,9,1,18,0,0,0
semantic_trap,hard,wait_warn,0,0,1,18,0,0,0
semantic_trap,hard,wait_warn,0,1,0,9,0,0,0
semantic_trap,hard,wait_warn,0,2,0,35,0,0,0
semantic_trap,hard,wait_warn,0,3,0,35,0,0,0
semantic_trap,hard,wait_warn,0,4,0,35,0,0,0
semantic_trap,hard,wait_warn,0,5,0,35,0,0,0
semantic_trap,hard,wait_warn,0,6,0,35,0,0,0
semantic_trap,hard,wait_warn,0,7,0,35,0,0,0
semantic_trap,hard,wait_warn,0,8,0,35,0,0,0
semantic_trap,hard,wait_warn,0,9,0,35,0,0,0
semantic_trap,hard,wait_warn,1,0,0,35,0,0,0
semantic_trap,hard,wait_warn,1,1,0,35,0,0,0
semantic_trap,hard,wait_warn,1,2,0,35,0,0,0
semantic_trap,hard,wait_warn,1,3,0,8,0,0,0
semantic_trap,hard,wait_warn,1,4,0,9,0,0,0
semantic_trap,hard,wait_warn,1,5,0,35,0,0,0
semantic_trap,hard,wait_warn,1,6,0,35,0,0,0
semantic_trap,hard,wait_warn,1,7,0,13,0,0,0
semantic_trap,hard,wait_warn,1,8,0,35,0,0,0
semantic_trap,hard,wait_warn,1,9,1,20,0,0,0
semantic_trap,hard,wait_warn,2,0,0,35,0,0,0
semantic_trap,hard,wait_warn,2,1,0,35,0,0,0
semantic_trap,hard,wait_warn,2,2,0,35,0,0,0
semantic_trap,hard,wait_warn,2,3,0,35,0,0,0
semantic_trap,hard,wait_warn,2,4,0,35,0,0,0
semantic_trap,hard,wait_warn,2,5,0,35,0,0,0
semantic_trap,hard,wait_warn,2,6,0,35,0,0,0
semantic_trap,hard,wait_warn,2,7,0,35,0,0,0
semantic_trap,hard,wait_warn,2,8,0,35,0,0,0
semantic_trap,hard,wait_warn,2,9,0,35,0,0,0
semantic_trap,hard,wait_warn,3,0,0,35,0,0,0
semantic_trap,hard,wait_warn,3,1,0,35,0,0,0
semantic_trap,hard,wait_warn,3,2,0,35,0,0,0
semantic_trap,hard,wait_warn,3,3,0,35,0,0,0
semantic_trap,hard,wait_warn,3,4,0,35,0,0,0
semantic_trap,hard,wait_warn,3,5,0,35,0,0,0
semantic_trap,hard,wait_warn,3,6,0,35,0,0,0
semantic_trap,hard,wait_warn,3,7,0,35,0,0,0
semantic_trap,hard,wait_warn,3,8,0,35,0,0,0
semantic_trap,hard,wait_warn,3,9,0,35,0,0,0
semantic_trap,hard,wait_warn,4,0,0,9,0,0,0
semantic_trap,hard,wait_warn,4,1,0,35,0,0,0
semantic_trap,hard,wait_warn,4,2,0,35,0,0,0
semantic_trap,hard,wait_warn,4,3,0,9,0,0,0
semantic_trap,hard,wait_warn,4,4,0,10,0,0,0
semantic_trap,hard,wait_warn,4,5,0,35,0,0,0
semantic_trap,hard,wait_warn,4,6,0,35,0,0,0
semantic_trap,hard,wait_warn,4,7,0,35,0,0,0
semantic_trap,hard,wait_warn,4,8,1,18,2,0,0
semantic_trap,hard,wait_warn,4,9,1,18,0,0,0
semantic_trap,hard,wait_warn,5,0,0,35,0,0,0
semantic_trap,hard,wait_warn,5,1,0,35,0,0,0
semantic_trap,hard,wait_warn,5,2,0,35,0,0,0
semantic_trap,hard,wait_warn,5,3,0,35,0,0,0
semantic_trap,hard,wait_warn,5,4,0,35,0,0,0
semantic_trap,hard,wait_warn,5,5,0,35,0,0,0
semantic_trap,hard,wait_warn,5,6,0,35,0,0,0
semantic_trap,hard,wait_warn,5,7,0,35,0,0,0
semantic_trap,hard,wait_warn,5,8,0,35,0,0,0
semantic_trap,hard,wait_warn,5,9,0,35,0,0,0
semantic_trap,hard,wait_warn,6,0,0,35,0,0,0
semantic_trap,hard,wait_warn,6,1,0,35,0,0,0
semantic_trap,hard,wait_warn,6,2,0,35,0,0,0
semantic_trap,hard,wait_warn,6,3,0,35,0,0,0
semantic_trap,hard,wait_warn,6,4,0,35,0,0,0
semantic_trap,hard,wait_warn,6,5,0,12,0,0,0
semantic_trap,hard,wait_warn,6,6,0,35,0,0,0
semantic_trap,hard,wait_warn,6,7,0,35,0,0,0
semantic_trap,hard,wait_warn,6,8,0,35,0,0,0
semantic_trap,hard,wait_warn,6,9,0,35,0,0,0
semantic_trap,hard,wait_warn,7,0,0,35,0,0,0
semantic_trap,hard,wait_warn,7,1,0,35,0,0,0
semantic_trap,hard,wait_warn,7,2,0,9,0,0,0
semantic_trap,hard,wait_warn,7,3,0,35,0,0,0
semantic_trap,hard,wait_warn,7,4,0,35,0,0,0
semantic_trap,hard,wait_warn,7,5,0,35,0,0,0
semantic_trap,hard,wait_warn,7,6,0,9,0,0,0
semantic_trap,hard,wait_warn,7,7,0,8,0,0,0
semantic_trap,hard,wait_warn,7,8,0,35,0,0,0
semantic_trap,hard,wait_warn,7,9,0,35,0,0,0
semantic_trap,hard,wait_warn,8,0,0,35,0,0,0
semantic_trap,hard,wait_warn,8,1,0,35,0,0,0
semantic_trap,hard,wait_warn,8,2,0,35,0,0,0
semantic_trap,hard,wait_warn,8,3,0,35,0,0,0
semantic_trap,hard,wait_warn,8,4,0,35,0,0,0
semantic_trap,hard,wait_warn,8,5,0,35,0,0,0
semantic_trap,hard,wait_warn,8,6,0,35,0,0,0
semantic_trap,hard,wait_warn,8,7,0,35,0,0,0
semantic_trap,hard,wait_warn,8,8,0,35,0,0,0
semantic_trap,hard,wait_warn,8,9,0,35,0,0,0
semantic_trap,hard,wait_warn,9,0,0,35,0,0,0
semantic_trap,hard,wait_warn,9,1,0,35,0,0,0
semantic_trap,hard,wait_warn,9,2,0,35,0,0,0
semantic_trap,hard,wait_warn,9,3,0,35,0,0,0
semantic_trap,hard,wait_warn,9,4,1,23,1,0,0
semantic_trap,hard,wait_warn,9,5,0,35,0,0,0
semantic_trap,hard,wait_warn,9,6,0,35,0,0,0
semantic_trap,hard,wait_warn,9,7,0,35,0,0,0
semantic_trap,hard,wait_warn,9,8,0,35,0,0,0
semantic_trap,hard,wait_warn,9,9,0,35,0,0,0
semantic_trap,hard,wait_warn,10,0,0,35,0,0,0
semantic_trap,hard,wait_warn,10,1,0,35,0,0,0
semantic_trap,hard,wait_warn,10,2,0,35,0,0,0
semantic_trap,hard,wait_warn,10,3,0,35,0,0,0
semantic_trap,hard,wait_warn,10,4,0,35,0,0,0
semantic_trap,hard,wait_warn,10,5,0,35,0,0,0
semantic_trap,hard,wait_warn,10,6,0,35,0,0,0
semantic_trap,hard,wait_warn,10,7,0,35,0,0,0
semantic_trap,hard,wait_warn,10,8,0,35,0,0,0
semantic_trap,hard,wait_warn,10,9,0,35,0,0,0
semantic_trap,hard,wait_warn,11,0,0,35,0,0,0
semantic_trap,hard,wait_warn,11,1,0,13,0,0,0
semantic_trap,hard,wait_warn,11,2,0,35,0,0,0
semantic_trap,hard,wait_warn,11,3,1,18,0,0,0
semantic_trap,hard,wait_warn,11,4,0,35,0,0,0
semantic_trap,hard,wait_warn,11,5,0,35,0,0,0
semantic_trap,hard,wait_warn,11,6,0,9,0,0,0
semantic_trap,hard,wait_warn,11,7,0,35,0,0,0
semantic_trap,hard,wait_warn,11,8,0,35,0,0,0
semantic_trap,hard,wait_warn,11,9,0,35,0,0,0
semantic_trap,hard,wait_warn,12,0,0,35,0,0,0
semantic_trap,hard,wait_warn,12,1,0,35,0,0,0
semantic_trap,hard,wait_warn,12,2,0,35,0,0,0
semantic_trap,hard,wait_warn,12,3,0,35,0,0,0
semantic_trap,hard,wait_warn,12,4,0,35,0,0,0
semantic_trap,hard,wait_warn,12,5,0,35,0,0,0
semantic_trap,hard,wait_warn,12,6,0,35,0,0,0
semantic_trap,hard,wait_warn,12,7,0,35,0,0,0
semantic_trap,hard,wait_warn,12,8,0,35,0,0,0
semantic_trap,hard,wait_warn,12,9,0,35,0,0,0
semantic_trap,hard,wait_warn,13,0,0,35,0,0,0
semantic_trap,hard,wait_warn,13,1,0,35,0,0,0
semantic_trap,hard,wait_warn,13,2,0,35,0,0,0
semantic_trap,hard,wait_warn,13,3,0,35,0,0,0
semantic_trap,hard,wait_warn,13,4,0,35,0,0,0
semantic_trap,hard,wait_warn,13,5,0,35,0,0,0
semantic_trap,hard,wait_warn,13,6,0,9,0,0,0
semantic_trap,hard,wait_warn,13,7,0,9,0,0,0
semantic_trap,hard,wait_warn,13,8,0,35,0,0,0
semantic_trap,hard,wait_warn,13,9,0,35,0,0,0
semantic_trap,hard,wait_warn,14,0,0,35,0,0,0
semantic_trap,hard,wait_warn,14,1,0,35,0,0,0
semantic_trap,hard,wait_warn,14,2,0,9,0,0,0
semantic_trap,hard,wait_warn,14,3,0,35,0,0,0
semantic_trap,hard,wait_warn,14,4,0,9,0,0,0
semantic_trap,hard,wait_warn,14,5,0,35,0,0,0
semantic_trap,hard,wait_warn,14,6,0,35,0,0,0
semantic_trap,hard,wait_warn,14,7,0,8,0,0,0
semantic_trap,hard,wait_warn,14,8,0,35,0,0,0
semantic_trap,hard,wait_warn,14,9,0,9,0,0,0
semantic_trap,hard,wait_warn_block,5,0,0,35,0,0,0
semantic_trap,hard,wait_warn_block,5,1,0,35,0,0,0
semantic_trap,hard,wait_warn_block,5,2,0,35,0,0,0
semantic_trap,hard,wait_warn_block,5,3,0,35,0,0,0
semantic_trap,hard,wait_warn_block,5,4,0,35,0,0,0
semantic_trap,hard,wait_warn_block,5,5,0,35,0,0,0
semantic_trap,hard,wait_warn_block,5,6,0,35,0,0,0
semantic_trap,hard,wait_warn_block,5,7,0,35,0,0,0
semantic_trap,hard,wait_warn_block,5,8,0,35,0,0,0
semantic_trap,hard,wait_warn_block,5,9,0,35,0,0,0
semantic_trap,hard,wait_warn_block,6,0,0,35,0,0,0
semantic_trap,hard,wait_warn_block,6,1,0,35,0,0,0
semantic_trap,hard,wait_warn_block,6,2,0,35,0,0,0
semantic_trap,hard,wait_warn_block,6,3,0,35,0,0,0
semantic_trap,hard,wait_warn_block,6,4,0,35,0,0,0
semantic_trap,hard,wait_warn_block,6,5,0,12,0,0,0
semantic_trap,hard,wait_warn_block,6,6,0,35,0,0,0
semantic_trap,hard,wait_warn_block,6,7,0,35,0,0,0
semantic_trap,hard,wait_warn_block,6,8,0,35,0,0,0
semantic_trap,hard,wait_warn_block,6,9,0,35,0,0,0
semantic_trap,hard,wait_warn_block,7,0,0,35,0,0,0
semantic_trap,hard,wait_warn_block,7,1,0,35,0,0,0
semantic_trap,hard,wait_warn_block,7,2,0,9,0,0,0
semantic_trap,hard,wait_warn_block,7,3,0,35,0,0,0
semantic_trap,hard,wait_warn_block,7,4,0,35,0,0,0
semantic_trap,hard,wait_warn_block,7,5,0,35,0,0,0
semantic_trap,hard,wait_warn_block,7,6,0,9,0,0,0
semantic_trap,hard,wait_warn_block,7,7,0,8,0,0,0
semantic_trap,hard,wait_warn_block,7,8,0,35,0,0,0
semantic_trap,hard,wait_warn_block,7,9,0,35,0,0,0
semantic_trap,hard,wait_warn_block,8,0,0,35,0,0,0
semantic_trap,hard,wait_warn_block,8,1,0,35,0,0,0
semantic_trap,hard,wait_warn_block,8,2,0,35,0,0,0
semantic_trap,hard,wait_warn_block,8,3,0,35,0,0,0
semantic_trap,hard,wait_warn_block,8,4,0,35,0,0,0
semantic_trap,hard,wait_warn_block,8,5,0,35,0,0,0
semantic_trap,hard,wait_warn_block,8,6,0,35,0,0,0
semantic_trap,hard,wait_warn_block,8,7,0,35,0,0,0
semantic_trap,hard,wait_warn_block,8,8,0,35,0,0,0
semantic_trap,hard,wait_warn_block,8,9,0,35,0,0,0
semantic_trap,hard,wait_warn_block,9,0,0,35,0,0,0
semantic_trap,hard,wait_warn_block,9,1,0,35,0,0,0
semantic_trap,hard,wait_warn_block,9,2,0,35,0,0,0
semantic_trap,hard,wait_warn_block,9,3,0,35,0,0,0
semantic_trap,hard,wait_warn_block,9,4,1,23,1,0,0
semantic_trap,hard,wait_warn_block,9,5,0,35,0,0,0
semantic_trap,hard,wait_warn_block,9,6,0,35,0,0,0
semantic_trap,hard,wait_warn_block,9,7,0,35,0,0,0
semantic_trap,hard,wait_warn_block,9,8,0,35,0,0,0
semantic_trap,hard,wait_warn_block,9,9,0,35,0,0,0
semantic_trap,hard,wait_warn_block,10,0,0,35,0,0,0
semantic_trap,hard,wait_warn_block,10,1,0,35,0,0,0
semantic_trap,hard,wait_warn_block,10,2,0,35,0,0,0
semantic_trap,hard,wait_warn_block,10,3,0,35,0,0,0
semantic_trap,hard,wait_warn_block,10,4,0,35,0,0,0
semantic_trap,hard,wait_warn_block,10,5,0,35,0,0,0
semantic_trap,hard,wait_warn_block,10,6,0,35,0,0,0
semantic_trap,hard,wait_warn_block,10,7,0,35,0,0,0
semantic_trap,hard,wait_warn_block,10,8,0,35,0,0,0
semantic_trap,hard,wait_warn_block,10,9,0,35,0,0,0
semantic_trap,hard,wait_warn_block,11,0,0,35,0,0,0
semantic_trap,hard,wait_warn_block,11,1,0,13,0,0,0
semantic_trap,hard,wait_warn_block,11,2,0,35,0,0,0
semantic_trap,hard,wait_warn_block,11,3,1,18,0,0,0
semantic_trap,hard,wait_warn_block,11,4,0,35,0,0,0
semantic_trap,hard,wait_warn_block,11,5,0,35,0,0,0
semantic_trap,hard,wait_warn_block,11,6,0,9,0,0,0
semantic_trap,hard,wait_warn_block,11,7,0,35,0,0,0
semantic_trap,hard,wait_warn_block,11,8,0,35,0,0,0
semantic_trap,hard,wait_warn_block,11,9,0,35,0,0,0
semantic_trap,hard,wait_warn_block,12,0,0,35,0,0,0
semantic_trap,hard,wait_warn_block,12,1,0,35,0,0,0
semantic_trap,hard,wait_warn_block,12,2,0,35,0,0,0
semantic_trap,hard,wait_warn_block,12,3,0,35,0,0,0
semantic_trap,hard,wait_warn_block,12,4,0,35,0,0,0
semantic_trap,hard,wait_warn_block,12,5,0,35,0,0,0
semantic_trap,hard,wait_warn_block,12,6,0,35,0,0,0
semantic_trap,hard,wait_warn_block,12,7,0,35,0,0,0
semantic_trap,hard,wait_warn_block,12,8,0,35,0,0,0
semantic_trap,hard,wait_warn_block,12,9,0,35,0,0,0
semantic_trap,hard,wait_warn_block,13,0,0,35,0,0,0
semantic_trap,hard,wait_warn_block,13,1,0,35,0,0,0
semantic_trap,hard,wait_warn_block,13,2,0,35,0,0,0
semantic_trap,hard,wait_warn_block,13,3,0,35,0,0,0
semantic_trap,hard,wait_warn_block,13,4,0,35,0,0,0
semantic_trap,hard,wait_warn_block,13,5,0,35,0,0,0
semantic_trap,hard,wait_warn_block,13,6,0,9,0,0,0
semantic_trap,hard,wait_warn_block,13,7,0,9,0,0,0
semantic_trap,hard,wait_warn_block,13,8,0,35,0,0,0
semantic_trap,hard,wait_warn_block,13,9,0,35,0,0,0
semantic_trap,hard,wait_warn_block,14,0,0,35,0,0,0
semantic_trap,hard,wait_warn_block,14,1,0,35,0,0,0
semantic_trap,hard,wait_warn_block,14,2,0,9,0,0,0
semantic_trap,hard,wait_warn_block,14,3,0,35,0,0,0
semantic_trap,hard,wait_warn_block,14,4,0,9,0,0,0
semantic_trap,hard,wait_warn_block,14,5,0,35,0,0,0
semantic_trap,hard,wait_warn_block,14,6,0,35,0,0,0
semantic_trap,hard,wait_warn_block,14,7,0,8,0,0,0
semantic_trap,hard,wait_warn_block,14,8,0,35,0,0,0
semantic_trap,hard,wait_warn_block,14,9,0,9,0,0,0
semantic_trap,hard,wait_warn_block,15,0,0,35,0,0,0
semantic_trap,hard,wait_warn_block,15,1,0,35,0,0,0
semantic_trap,hard,wait_warn_block,15,2,0,9,0,0,0
semantic_trap,hard,wait_warn_block,15,3,0,9,0,0,0
semantic_trap,hard,wait_warn_block,15,4,0,35,0,0,0
semantic_trap,hard,wait_warn_block,15,5,0,35,0,0,0
semantic_trap,hard,wait_warn_block,15,6,1,20,0,0,0
semantic_trap,hard,wait_warn_block,15,7,0,35,0,0,0
semantic_trap,hard,wait_warn_block,15,8,0,10,0,0,0
semantic_trap,hard,wait_warn_block,15,9,1,18,0,0,0
semantic_trap,hard,wait_warn_block,16,0,0,35,0,0,0
semantic_trap,hard,wait_warn_block,16,1,0,35,0,0,0
semantic_trap,hard,wait_warn_block,16,2,0,11,0,0,0
semantic_trap,hard,wait_warn_block,16,3,0,10,0,0,0
semantic_trap,hard,wait_warn_block,16,4,0,35,0,0,0
semantic_trap,hard,wait_warn_block,16,5,1,20,2,0,0
semantic_trap,hard,wait_warn_block,16,6,1,18,0,0,0
semantic_trap,hard,wait_warn_block,16,7,0,35,0,0,0
semantic_trap,hard,wait_warn_block,16,8,0,9,0,0,0
semantic_trap,hard,wait_warn_block,16,9,0,9,0,0,0
semantic_trap,hard,wait_warn_block,17,0,0,35,0,0,0
semantic_trap,hard,wait_warn_block,17,1,0,35,0,0,0
semantic_trap,hard,wait_warn_block,17,2,0,35,0,0,0
semantic_trap,hard,wait_warn_block,17,3,0,35,0,0,0
semantic_trap,hard,wait_warn_block,17,4,0,35,0,0,0
semantic_trap,hard,wait_warn_block,17,5,0,35,0,0,0
semantic_trap,hard,wait_warn_block,17,6,0,35,0,0,0
semantic_trap,hard,wait_warn_block,17,7,0,35,0,0,0
semantic_trap,hard,wait_warn_block,17,8,0,35,0,0,0
semantic_trap,hard,wait_warn_block,17,9,0,35,0,0,0
semantic_trap,hard,wait_warn_block,18,0,0,35,0,0,0
semantic_trap,hard,wait_warn_block,18,1,0,35,0,0,0
semantic_trap,hard,wait_warn_block,18,2,0,35,0,0,0
semantic_trap,hard,wait_warn_block,18,3,0,35,0,0,0
semantic_trap,hard,wait_warn_block,18,4,0,35,0,0,0
semantic_trap,hard,wait_warn_block,18,5,0,35,0,0,0
semantic_trap,hard,wait_warn_block,18,6,0,35,0,0,0
semantic_trap,hard,wait_warn_block,18,7,0,35,0,0,0
semantic_trap,hard,wait_warn_block,18,8,0,35,0,0,0
semantic_trap,hard,wait_warn_block,18,9,0,35,0,0,0
semantic_trap,hard,wait_warn_block,19,0,0,35,0,0,0
semantic_trap,hard,wait_warn_block,19,1,1,18,1,0,0
semantic_trap,hard,wait_warn_block,19,2,0,18,0,0,0
semantic_trap,hard,wait_warn_block,19,3,0,35,0,0,0
semantic_trap,hard,wait_warn_block,19,4,0,35,0,0,0
semantic_trap,hard,wait_warn_block,19,5,1,19,1,0,0
semantic_trap,hard,wait_warn_block,19,6,1,19,1,0,0
semantic_trap,hard,wait_warn_block,19,7,0,35,0,0,0
semantic_trap,hard,wait_warn_block,19,8,0,8,0,0,0
semantic_trap,hard,wait_warn_block,19,9,1,21,0,0,0
