seed,family,difficulty,variant,survived,reached_goal,steps,risky_entered,warn_count,safe_branch_chosen,rsa_n_updates,rsa_entropy_final,delta_H,M_true_before,M_true_after,risk_delta,delta_nll_local,nll_before,nll_after
0,fork_trap,easy,legacy_bias,False,False,3,1,1,False,0,0.0,0.0,0.25,0.25,0.0,-0.638,0.6931,0.0551
1,fork_trap,easy,legacy_bias,True,True,11,0,1,True,0,0.0,0.0,0.25,0.25,0.0,-0.638,0.6931,0.0551
2,fork_trap,easy,legacy_bias,False,False,4,2,1,False,0,0.0,0.0,0.25,0.25,0.0,-0.638,0.6931,0.0551
3,fork_trap,easy,legacy_bias,False,False,4,2,1,False,0,0.0,0.0,0.25,0.25,0.0,-0.638,0.6931,0.0551
4,fork_trap,easy,legacy_bias,True,True,11,2,1,False,0,0.0,0.0,0.25,0.25,0.0,-0.638,0.6931,0.0551
5,fork_trap,easy,legacy_bias,True,True,11,2,1,False,0,0.0,0.0,0.25,0.25,0.0,-0.638,0.6931,0.0551
6,fork_trap,easy,legacy_bias,True,True,11,0,1,True,0,0.0,0.0,0.25,0.25,0.0,-0.638,0.6931,0.0551
7,fork_trap,easy,legacy_bias,False,False,4,2,1,False,0,0.0,0.0,0.25,0.25,0.0,-0.638,0.6931,0.0551
8,fork_trap,easy,legacy_bias,False,False,3,1,1,False,0,0.0,0.0,0.25,0.25,0.0,-0.638,0.6931,0.0551
9,fork_trap,easy,legacy_bias,True,True,11,0,1,True,0,0.0,0.0,0.25,0.25,0.0,-0.638,0.6931,0.0551
10,fork_trap,easy,legacy_bias,True,True,11,2,1,False,0,0.0,0.0,0.25,0.25,0.0,-0.638,0.6931,0.0551
11,fork_trap,easy,legacy_bias,True,True,11,0,1,True,0,0.0,0.0,0.25,0.25,0.0,-0.638,0.6931,0.0551
12,fork_trap,easy,legacy_bias,True,True,11,2,1,False,0,0.0,0.0,0.25,0.25,0.0,-0.638,0.6931,0.0551
13,fork_trap,easy,legacy_bias,False,False,4,2,1,False,0,0.0,0.0,0.25,0.25,0.0,-0.638,0.6931,0.0551
14,fork_trap,easy,legacy_bias,True,True,11,0,1,True,0,0.0,0.0,0.25,0.25,0.0,-0.638,0.6931,0.0551
15,fork_trap,easy,legacy_bias,True,True,11,2,1,False,0,0.0,0.0,0.25,0.25,0.0,-0.638,0.6931,0.0551
16,fork_trap,easy,legacy_bias,False,False,3,1,1,False,0,0.0,0.0,0.25,0.25,0.0,-0.638,0.6931,0.0551
17,fork_trap,easy,legacy_bias,True,True,11,2,1,False,0,0.0,0.0,0.25,0.25,0.0,-0.638,0.6931,0.0551
18,fork_trap,easy,legacy_bias,True,True,11,2,1,False,0,0.0,0.0,0.25,0.25,0.0,-0.638,0.6931,0.0551
19,fork_trap,easy,legacy_bias,True,True,11,2,1,False,0,0.0,0.0,0.25,0.25,0.0,-0.638,0.6931,0.0551
20,fork_trap,easy,legacy_bias,False,False,4,2,1,False,0,0.0,0.0,0.25,0.25,0.0,-0.638,0.6931,0.0551
21,fork_trap,easy,legacy_bias,True,True,11,0,1,True,0,0.0,0.0,0.25,0.25,0.0,-0.638,0.6931,0.0551
22,fork_trap,easy,legacy_bias,False,False,4,2,1,False,0,0.0,0.0,0.25,0.25,0.0,-0.638,0.6931,0.0551
23,fork_trap,easy,legacy_bias,True,True,11,0,1,True,0,0.0,0.0,0.25,0.25,0.0,-0.638,0.6931,0.0551
24,fork_trap,easy,legacy_bias,True,True,11,0,1,True,0,0.0,0.0,0.25,0.25,0.0,-0.638,0.6931,0.0551
25,fork_trap,easy,legacy_bias,False,False,8,2,1,False,0,0.0,0.0,0.25,0.25,0.0,-0.638,0.6931,0.0551
26,fork_trap,easy,legacy_bias,False,False,8,2,1,False,0,0.0,0.0,0.25,0.25,0.0,-0.638,0.6931,0.0551
27,fork_trap,easy,legacy_bias,True,True,11,0,1,True,0,0.0,0.0,0.25,0.25,0.0,-0.638,0.6931,0.0551
28,fork_trap,easy,legacy_bias,False,False,4,2,1,False,0,0.0,0.0,0.25,0.25,0.0,-0.638,0.6931,0.0551
29,fork_trap,easy,legacy_bias,False,False,8,2,1,False,0,0.0,0.0,0.25,0.25,0.0,-0.638,0.6931,0.0551
30,fork_trap,easy,legacy_bias,True,True,11,0,1,True,0,0.0,0.0,0.25,0.25,0.0,-0.638,0.6931,0.0551
31,fork_trap,easy,legacy_bias,False,False,4,2,1,False,0,0.0,0.0,0.25,0.25,0.0,-0.638,0.6931,0.0551
32,fork_trap,easy,legacy_bias,False,False,4,2,1,False,0,0.0,0.0,0.25,0.25,0.0,-0.638,0.6931,0.0551
33,fork_trap,easy,legacy_bias,True,True,9,4,1,False,0,0.0,0.0,0.25,0.25,0.0,-0.638,0.6931,0.0551
34,fork_trap,easy,legacy_bias,True,True,11,0,1,True,0,0.0,0.0,0.25,0.25,0.0,-0.638,0.6931,0.0551
35,fork_trap,easy,legacy_bias,True,True,11,0,1,True,0,0.0,0.0,0.25,0.25,0.0,-0.638,0.6931,0.0551
36,fork_trap,easy,legacy_bias,True,True,11,0,1,True,0,0.0,0.0,0.25,0.25,0.0,-0.638,0.6931,0.0551
37,fork_trap,easy,legacy_bias,True,True,11,0,1,True,0,0.0,0.0,0.25,0.25,0.0,-0.638,0.6931,0.0551
38,fork_trap,easy,legacy_bias,True,True,11,0,1,True,0,0.0,0.0,0.25,0.25,0.0,-0.638,0.6931,0.0551
39,fork_trap,easy,legacy_bias,False,False,8,2,1,False,0,0.0,0.0,0.25,0.25,0.0,-0.638,0.6931,0.0551
40,fork_trap,easy,legacy_bias,True,True,11,2,1,False,0,0.0,0.0,0.25,0.25,0.0,-0.638,0.6931,0.0551
41,fork_trap,easy,legacy_bias,False,False,3,1,1,False,0,0.0,0.0,0.25,0.25,0.0,-0.638,0.6931,0.0551
42,fork_trap,easy,legacy_bias,True,True,11,0,1,True,0,0.0,0.0,0.25,0.25,0.0,-0.638,0.6931,0.0551
43,fork_trap,easy,legacy_bias,False,False,8,2,1,False,0,0.0,0.0,0.25,0.25,0.0,-0.638,0.6931,0.0551
44,fork_trap,easy,legacy_bias,False,False,4,2,1,False,0,0.0,0.0,0.25,0.25,0.0,-0.638,0.6931,0.0551
45,fork_trap,easy,legacy_bias,False,False,4,2,1,False,0,0.0,0.0,0.25,0.25,0.0,-0.638,0.6931,0.0551
46,fork_trap,easy,legacy_bias,True,True,11,2,1,False,0,0.0,0.0,0.25,0.25,0.0,-0.638,0.6931,0.0551
47,fork_trap,easy,legacy_bias,True,True,11,0,1,True,0,0.0,0.0,0.25,0.25,0.0,-0.638,0.6931,0.0551
48,fork_trap,easy,legacy_bias,True,True,11,0,1,True,0,0.0,0.0,0.25,0.25,0.0,-0.638,0.6931,0.0551
49,fork_trap,easy,legacy_bias,True,True,11,0,1,True,0,0.0,0.0,0.25,0.25,0.0,-0.638,0.6931,0.0551
0,fork_trap,easy,rsa_obs_l0,False,False,3,1,1,False,1,0.8038857373903147,0.5824,0.25,0.7417407204913656,0.3104,-0.5661,0.6931,0.1271
1,fork_trap,easy,rsa_obs_l0,True,True,11,0,1,True,1,0.8038857373903147,0.5824,0.25,0.7417407204913656,0.3104,-0.5661,0.6931,0.1271
2,fork_trap,easy,rsa_obs_l0,False,False,4,2,1,False,1,0.8038857373903147,0.5824,0.25,0.7417407204913656,0.3104,-0.5661,0.6931,0.1271
3,fork_trap,easy,rsa_obs_l0,False,False,4,2,1,False,1,0.8038857373903147,0.5824,0.25,0.7417407204913656,0.3104,-0.5661,0.6931,0.1271
4,fork_trap,easy,rsa_obs_l0,False,False,4,2,1,False,1,0.8038857373903147,0.5824,0.25,0.7417407204913656,0.3104,-0.5661,0.6931,0.1271
5,fork_trap,easy,rsa_obs_l0,False,False,4,2,1,False,1,0.8038857373903147,0.5824,0.25,0.7417407204913656,0.3104,-0.5661,0.6931,0.1271
6,fork_trap,easy,rsa_obs_l0,True,True,11,0,1,True,1,0.8038857373903147,0.5824,0.25,0.7417407204913656,0.3104,-0.5661,0.6931,0.1271
7,fork_trap,easy,rsa_obs_l0,False,False,4,2,1,False,1,0.8038857373903147,0.5824,0.25,0.7417407204913656,0.3104,-0.5661,0.6931,0.1271
8,fork_trap,easy,rsa_obs_l0,False,False,3,1,1,False,1,0.8038857373903147,0.5824,0.25,0.7417407204913656,0.3104,-0.5661,0.6931,0.1271
9,fork_trap,easy,rsa_obs_l0,True,True,11,0,1,True,1,0.8038857373903147,0.5824,0.25,0.7417407204913656,0.3104,-0.5661,0.6931,0.1271
10,fork_trap,easy,rsa_obs_l0,False,False,4,2,1,False,1,0.8038857373903147,0.5824,0.25,0.7417407204913656,0.3104,-0.5661,0.6931,0.1271
11,fork_trap,easy,rsa_obs_l0,True,True,11,0,1,True,1,0.8038857373903147,0.5824,0.25,0.7417407204913656,0.3104,-0.5661,0.6931,0.1271
12,fork_trap,easy,rsa_obs_l0,False,False,4,2,1,False,1,0.8038857373903147,0.5824,0.25,0.7417407204913656,0.3104,-0.5661,0.6931,0.1271
13,fork_trap,easy,rsa_obs_l0,False,False,4,2,1,False,1,0.8038857373903147,0.5824,0.25,0.7417407204913656,0.3104,-0.5661,0.6931,0.1271
14,fork_trap,easy,rsa_obs_l0,True,True,11,0,1,True,1,0.8038857373903147,0.5824,0.25,0.7417407204913656,0.3104,-0.5661,0.6931,0.1271
15,fork_trap,easy,rsa_obs_l0,False,False,4,2,1,False,1,0.8038857373903147,0.5824,0.25,0.7417407204913656,0.3104,-0.5661,0.6931,0.1271
16,fork_trap,easy,rsa_obs_l0,False,False,3,1,1,False,1,0.8038857373903147,0.5824,0.25,0.7417407204913656,0.3104,-0.5661,0.6931,0.1271
17,fork_trap,easy,rsa_obs_l0,False,False,6,4,1,False,1,0.8038857373903147,0.5824,0.25,0.7417407204913656,0.3104,-0.5661,0.6931,0.1271
18,fork_trap,easy,rsa_obs_l0,False,False,4,2,1,False,1,0.8038857373903147,0.5824,0.25,0.7417407204913656,0.3104,-0.5661,0.6931,0.1271
19,fork_trap,easy,rsa_obs_l0,False,False,4,2,1,False,1,0.8038857373903147,0.5824,0.25,0.7417407204913656,0.3104,-0.5661,0.6931,0.1271
20,fork_trap,easy,rsa_obs_l0,False,False,4,2,1,False,1,0.8038857373903147,0.5824,0.25,0.7417407204913656,0.3104,-0.5661,0.6931,0.1271
21,fork_trap,easy,rsa_obs_l0,True,True,11,0,1,True,1,0.8038857373903147,0.5824,0.25,0.7417407204913656,0.3104,-0.5661,0.6931,0.1271
22,fork_trap,easy,rsa_obs_l0,False,False,4,2,1,False,1,0.8038857373903147,0.5824,0.25,0.7417407204913656,0.3104,-0.5661,0.6931,0.1271
23,fork_trap,easy,rsa_obs_l0,True,True,11,0,1,True,1,0.8038857373903147,0.5824,0.25,0.7417407204913656,0.3104,-0.5661,0.6931,0.1271
24,fork_trap,easy,rsa_obs_l0,True,True,11,0,1,True,1,0.8038857373903147,0.5824,0.25,0.7417407204913656,0.3104,-0.5661,0.6931,0.1271
25,fork_trap,easy,rsa_obs_l0,False,False,4,2,1,False,1,0.8038857373903147,0.5824,0.25,0.7417407204913656,0.3104,-0.5661,0.6931,0.1271
26,fork_trap,easy,rsa_obs_l0,False,False,4,2,1,False,1,0.8038857373903147,0.5824,0.25,0.7417407204913656,0.3104,-0.5661,0.6931,0.1271
27,fork_trap,easy,rsa_obs_l0,True,True,11,0,1,True,1,0.8038857373903147,0.5824,0.25,0.7417407204913656,0.3104,-0.5661,0.6931,0.1271
28,fork_trap,easy,rsa_obs_l0,False,False,4,2,1,False,1,0.8038857373903147,0.5824,0.25,0.7417407204913656,0.3104,-0.5661,0.6931,0.1271
29,fork_trap,easy,rsa_obs_l0,False,False,4,2,1,False,1,0.8038857373903147,0.5824,0.25,0.7417407204913656,0.3104,-0.5661,0.6931,0.1271
30,fork_trap,easy,rsa_obs_l0,True,True,11,0,1,True,1,0.8038857373903147,0.5824,0.25,0.7417407204913656,0.3104,-0.5661,0.6931,0.1271
31,fork_trap,easy,rsa_obs_l0,False,False,4,2,1,False,1,0.8038857373903147,0.5824,0.25,0.7417407204913656,0.3104,-0.5661,0.6931,0.1271
32,fork_trap,easy,rsa_obs_l0,False,False,4,2,1,False,1,0.8038857373903147,0.5824,0.25,0.7417407204913656,0.3104,-0.5661,0.6931,0.1271
33,fork_trap,easy,rsa_obs_l0,True,True,9,4,1,False,1,0.8038857373903147,0.5824,0.25,0.7417407204913656,0.3104,-0.5661,0.6931,0.1271
34,fork_trap,easy,rsa_obs_l0,True,True,11,0,1,True,1,0.8038857373903147,0.5824,0.25,0.7417407204913656,0.3104,-0.5661,0.6931,0.1271
35,fork_trap,easy,rsa_obs_l0,True,True,11,0,1,True,1,0.8038857373903147,0.5824,0.25,0.7417407204913656,0.3104,-0.5661,0.6931,0.1271
36,fork_trap,easy,rsa_obs_l0,True,True,11,0,1,True,1,0.8038857373903147,0.5824,0.25,0.7417407204913656,0.3104,-0.5661,0.6931,0.1271
37,fork_trap,easy,rsa_obs_l0,True,True,11,0,1,True,1,0.8038857373903147,0.5824,0.25,0.7417407204913656,0.3104,-0.5661,0.6931,0.1271
38,fork_trap,easy,rsa_obs_l0,True,True,11,0,1,True,1,0.8038857373903147,0.5824,0.25,0.7417407204913656,0.3104,-0.5661,0.6931,0.1271
39,fork_trap,easy,rsa_obs_l0,False,False,4,2,1,False,1,0.8038857373903147,0.5824,0.25,0.7417407204913656,0.3104,-0.5661,0.6931,0.1271
40,fork_trap,easy,rsa_obs_l0,False,False,4,2,1,False,1,0.8038857373903147,0.5824,0.25,0.7417407204913656,0.3104,-0.5661,0.6931,0.1271
41,fork_trap,easy,rsa_obs_l0,False,False,3,1,1,False,1,0.8038857373903147,0.5824,0.25,0.7417407204913656,0.3104,-0.5661,0.6931,0.1271
42,fork_trap,easy,rsa_obs_l0,True,True,11,0,1,True,1,0.8038857373903147,0.5824,0.25,0.7417407204913656,0.3104,-0.5661,0.6931,0.1271
43,fork_trap,easy,rsa_obs_l0,False,False,4,2,1,False,1,0.8038857373903147,0.5824,0.25,0.7417407204913656,0.3104,-0.5661,0.6931,0.1271
44,fork_trap,easy,rsa_obs_l0,False,False,4,2,1,False,1,0.8038857373903147,0.5824,0.25,0.7417407204913656,0.3104,-0.5661,0.6931,0.1271
45,fork_trap,easy,rsa_obs_l0,False,False,4,2,1,False,1,0.8038857373903147,0.5824,0.25,0.7417407204913656,0.3104,-0.5661,0.6931,0.1271
46,fork_trap,easy,rsa_obs_l0,False,False,4,2,1,False,1,0.8038857373903147,0.5824,0.25,0.7417407204913656,0.3104,-0.5661,0.6931,0.1271
47,fork_trap,easy,rsa_obs_l0,True,True,11,0,1,True,1,0.8038857373903147,0.5824,0.25,0.7417407204913656,0.3104,-0.5661,0.6931,0.1271
48,fork_trap,easy,rsa_obs_l0,True,True,11,0,1,True,1,0.8038857373903147,0.5824,0.25,0.7417407204913656,0.3104,-0.5661,0.6931,0.1271
49,fork_trap,easy,rsa_obs_l0,True,True,11,0,1,True,1,0.8038857373903147,0.5824,0.25,0.7417407204913656,0.3104,-0.5661,0.6931,0.1271
0,fork_trap,easy,rsa_obs_s1,False,False,3,1,1,False,1,0.6989234189833419,0.6874,0.25,0.7695345137374588,0.2921,-0.5547,0.6931,0.1385
1,fork_trap,easy,rsa_obs_s1,True,True,11,0,1,True,1,0.6989234189833419,0.6874,0.25,0.7695345137374588,0.2921,-0.5547,0.6931,0.1385
2,fork_trap,easy,rsa_obs_s1,False,False,4,2,1,False,1,0.6989234189833419,0.6874,0.25,0.7695345137374588,0.2921,-0.5547,0.6931,0.1385
3,fork_trap,easy,rsa_obs_s1,False,False,4,2,1,False,1,0.6989234189833419,0.6874,0.25,0.7695345137374588,0.2921,-0.5547,0.6931,0.1385
4,fork_trap,easy,rsa_obs_s1,False,False,4,2,1,False,1,0.6989234189833419,0.6874,0.25,0.7695345137374588,0.2921,-0.5547,0.6931,0.1385
5,fork_trap,easy,rsa_obs_s1,False,False,4,2,1,False,1,0.6989234189833419,0.6874,0.25,0.7695345137374588,0.2921,-0.5547,0.6931,0.1385
6,fork_trap,easy,rsa_obs_s1,True,True,11,0,1,True,1,0.6989234189833419,0.6874,0.25,0.7695345137374588,0.2921,-0.5547,0.6931,0.1385
7,fork_trap,easy,rsa_obs_s1,False,False,4,2,1,False,1,0.6989234189833419,0.6874,0.25,0.7695345137374588,0.2921,-0.5547,0.6931,0.1385
8,fork_trap,easy,rsa_obs_s1,False,False,3,1,1,False,1,0.6989234189833419,0.6874,0.25,0.7695345137374588,0.2921,-0.5547,0.6931,0.1385
9,fork_trap,easy,rsa_obs_s1,True,True,11,0,1,True,1,0.6989234189833419,0.6874,0.25,0.7695345137374588,0.2921,-0.5547,0.6931,0.1385
10,fork_trap,easy,rsa_obs_s1,False,False,4,2,1,False,1,0.6989234189833419,0.6874,0.25,0.7695345137374588,0.2921,-0.5547,0.6931,0.1385
11,fork_trap,easy,rsa_obs_s1,True,True,11,0,1,True,1,0.6989234189833419,0.6874,0.25,0.7695345137374588,0.2921,-0.5547,0.6931,0.1385
12,fork_trap,easy,rsa_obs_s1,False,False,4,2,1,False,1,0.6989234189833419,0.6874,0.25,0.7695345137374588,0.2921,-0.5547,0.6931,0.1385
13,fork_trap,easy,rsa_obs_s1,False,False,4,2,1,False,1,0.6989234189833419,0.6874,0.25,0.7695345137374588,0.2921,-0.5547,0.6931,0.1385
14,fork_trap,easy,rsa_obs_s1,True,True,11,0,1,True,1,0.6989234189833419,0.6874,0.25,0.7695345137374588,0.2921,-0.5547,0.6931,0.1385
15,fork_trap,easy,rsa_obs_s1,False,False,4,2,1,False,1,0.6989234189833419,0.6874,0.25,0.7695345137374588,0.2921,-0.5547,0.6931,0.1385
16,fork_trap,easy,rsa_obs_s1,False,False,3,1,1,False,1,0.6989234189833419,0.6874,0.25,0.7695345137374588,0.2921,-0.5547,0.6931,0.1385
17,fork_trap,easy,rsa_obs_s1,False,False,6,4,1,False,1,0.6989234189833419,0.6874,0.25,0.7695345137374588,0.2921,-0.5547,0.6931,0.1385
18,fork_trap,easy,rsa_obs_s1,False,False,4,2,1,False,1,0.6989234189833419,0.6874,0.25,0.7695345137374588,0.2921,-0.5547,0.6931,0.1385
19,fork_trap,easy,rsa_obs_s1,False,False,4,2,1,False,1,0.6989234189833419,0.6874,0.25,0.7695345137374588,0.2921,-0.5547,0.6931,0.1385
20,fork_trap,easy,rsa_obs_s1,False,False,4,2,1,False,1,0.6989234189833419,0.6874,0.25,0.7695345137374588,0.2921,-0.5547,0.6931,0.1385
21,fork_trap,easy,rsa_obs_s1,True,True,11,0,1,True,1,0.6989234189833419,0.6874,0.25,0.7695345137374588,0.2921,-0.5547,0.6931,0.1385
22,fork_trap,easy,rsa_obs_s1,False,False,4,2,1,False,1,0.6989234189833419,0.6874,0.25,0.7695345137374588,0.2921,-0.5547,0.6931,0.1385
23,fork_trap,easy,rsa_obs_s1,True,True,11,0,1,True,1,0.6989234189833419,0.6874,0.25,0.7695345137374588,0.2921,-0.5547,0.6931,0.1385
24,fork_trap,easy,rsa_obs_s1,True,True,11,0,1,True,1,0.6989234189833419,0.6874,0.25,0.7695345137374588,0.2921,-0.5547,0.6931,0.1385
25,fork_trap,easy,rsa_obs_s1,False,False,4,2,1,False,1,0.6989234189833419,0.6874,0.25,0.7695345137374588,0.2921,-0.5547,0.6931,0.1385
26,fork_trap,easy,rsa_obs_s1,False,False,4,2,1,False,1,0.6989234189833419,0.6874,0.25,0.7695345137374588,0.2921,-0.5547,0.6931,0.1385
27,fork_trap,easy,rsa_obs_s1,True,True,11,0,1,True,1,0.6989234189833419,0.6874,0.25,0.7695345137374588,0.2921,-0.5547,0.6931,0.1385
28,fork_trap,easy,rsa_obs_s1,False,False,4,2,1,False,1,0.6989234189833419,0.6874,0.25,0.7695345137374588,0.2921,-0.5547,0.6931,0.1385
29,fork_trap,easy,rsa_obs_s1,False,False,4,2,1,False,1,0.6989234189833419,0.6874,0.25,0.7695345137374588,0.2921,-0.5547,0.6931,0.1385
30,fork_trap,easy,rsa_obs_s1,True,True,11,0,1,True,1,0.6989234189833419,0.6874,0.25,0.7695345137374588,0.2921,-0.5547,0.6931,0.1385
31,fork_trap,easy,rsa_obs_s1,False,False,4,2,1,False,1,0.6989234189833419,0.6874,0.25,0.7695345137374588,0.2921,-0.5547,0.6931,0.1385
32,fork_trap,easy,rsa_obs_s1,False,False,4,2,1,False,1,0.6989234189833419,0.6874,0.25,0.7695345137374588,0.2921,-0.5547,0.6931,0.1385
33,fork_trap,easy,rsa_obs_s1,True,True,9,4,1,False,1,0.6989234189833419,0.6874,0.25,0.7695345137374588,0.2921,-0.5547,0.6931,0.1385
34,fork_trap,easy,rsa_obs_s1,True,True,11,0,1,True,1,0.6989234189833419,0.6874,0.25,0.7695345137374588,0.2921,-0.5547,0.6931,0.1385
35,fork_trap,easy,rsa_obs_s1,True,True,11,0,1,True,1,0.6989234189833419,0.6874,0.25,0.7695345137374588,0.2921,-0.5547,0.6931,0.1385
36,fork_trap,easy,rsa_obs_s1,True,True,11,0,1,True,1,0.6989234189833419,0.6874,0.25,0.7695345137374588,0.2921,-0.5547,0.6931,0.1385
37,fork_trap,easy,rsa_obs_s1,True,True,11,0,1,True,1,0.6989234189833419,0.6874,0.25,0.7695345137374588,0.2921,-0.5547,0.6931,0.1385
38,fork_trap,easy,rsa_obs_s1,True,True,11,0,1,True,1,0.6989234189833419,0.6874,0.25,0.7695345137374588,0.2921,-0.5547,0.6931,0.1385
39,fork_trap,easy,rsa_obs_s1,False,False,4,2,1,False,1,0.6989234189833419,0.6874,0.25,0.7695345137374588,0.2921,-0.5547,0.6931,0.1385
40,fork_trap,easy,rsa_obs_s1,False,False,4,2,1,False,1,0.6989234189833419,0.6874,0.25,0.7695345137374588,0.2921,-0.5547,0.6931,0.1385
41,fork_trap,easy,rsa_obs_s1,False,False,3,1,1,False,1,0.6989234189833419,0.6874,0.25,0.7695345137374588,0.2921,-0.5547,0.6931,0.1385
42,fork_trap,easy,rsa_obs_s1,True,True,11,0,1,True,1,0.6989234189833419,0.6874,0.25,0.7695345137374588,0.2921,-0.5547,0.6931,0.1385
43,fork_trap,easy,rsa_obs_s1,False,False,4,2,1,False,1,0.6989234189833419,0.6874,0.25,0.7695345137374588,0.2921,-0.5547,0.6931,0.1385
44,fork_trap,easy,rsa_obs_s1,False,False,4,2,1,False,1,0.6989234189833419,0.6874,0.25,0.7695345137374588,0.2921,-0.5547,0.6931,0.1385
45,fork_trap,easy,rsa_obs_s1,False,False,4,2,1,False,1,0.6989234189833419,0.6874,0.25,0.7695345137374588,0.2921,-0.5547,0.6931,0.1385
46,fork_trap,easy,rsa_obs_s1,False,False,4,2,1,False,1,0.6989234189833419,0.6874,0.25,0.7695345137374588,0.2921,-0.5547,0.6931,0.1385
47,fork_trap,easy,rsa_obs_s1,True,True,11,0,1,True,1,0.6989234189833419,0.6874,0.25,0.7695345137374588,0.2921,-0.5547,0.6931,0.1385
48,fork_trap,easy,rsa_obs_s1,True,True,11,0,1,True,1,0.6989234189833419,0.6874,0.25,0.7695345137374588,0.2921,-0.5547,0.6931,0.1385
49,fork_trap,easy,rsa_obs_s1,True,True,11,0,1,True,1,0.6989234189833419,0.6874,0.25,0.7695345137374588,0.2921,-0.5547,0.6931,0.1385
0,fork_trap,easy,rsa_obs_s1_trust,False,False,3,1,1,False,1,1.2550215804305218,0.1313,0.25,0.4335234601619351,0.1133,-0.3236,0.6931,0.3696
1,fork_trap,easy,rsa_obs_s1_trust,False,False,4,2,1,False,1,1.2550215804305218,0.1313,0.25,0.4335234601619351,0.1133,-0.3236,0.6931,0.3696
2,fork_trap,easy,rsa_obs_s1_trust,False,False,4,2,1,False,1,1.2550215804305218,0.1313,0.25,0.4335234601619351,0.1133,-0.3236,0.6931,0.3696
3,fork_trap,easy,rsa_obs_s1_trust,False,False,4,2,1,False,1,1.2550215804305218,0.1313,0.25,0.4335234601619351,0.1133,-0.3236,0.6931,0.3696
4,fork_trap,easy,rsa_obs_s1_trust,False,False,4,2,1,False,1,1.2550215804305218,0.1313,0.25,0.4335234601619351,0.1133,-0.3236,0.6931,0.3696
5,fork_trap,easy,rsa_obs_s1_trust,False,False,4,2,1,False,1,1.2550215804305218,0.1313,0.25,0.4335234601619351,0.1133,-0.3236,0.6931,0.3696
6,fork_trap,easy,rsa_obs_s1_trust,False,False,3,1,1,False,1,1.2550215804305218,0.1313,0.25,0.4335234601619351,0.1133,-0.3236,0.6931,0.3696
7,fork_trap,easy,rsa_obs_s1_trust,False,False,4,2,1,False,1,1.2550215804305218,0.1313,0.25,0.4335234601619351,0.1133,-0.3236,0.6931,0.3696
8,fork_trap,easy,rsa_obs_s1_trust,False,False,3,1,1,False,1,1.2550215804305218,0.1313,0.25,0.4335234601619351,0.1133,-0.3236,0.6931,0.3696
9,fork_trap,easy,rsa_obs_s1_trust,False,False,4,2,1,False,1,1.2550215804305218,0.1313,0.25,0.4335234601619351,0.1133,-0.3236,0.6931,0.3696
10,fork_trap,easy,rsa_obs_s1_trust,False,False,4,2,1,False,1,1.2550215804305218,0.1313,0.25,0.4335234601619351,0.1133,-0.3236,0.6931,0.3696
11,fork_trap,easy,rsa_obs_s1_trust,False,False,3,1,1,False,1,1.2550215804305218,0.1313,0.25,0.4335234601619351,0.1133,-0.3236,0.6931,0.3696
12,fork_trap,easy,rsa_obs_s1_trust,False,False,4,2,1,False,1,1.2550215804305218,0.1313,0.25,0.4335234601619351,0.1133,-0.3236,0.6931,0.3696
13,fork_trap,easy,rsa_obs_s1_trust,False,False,4,2,1,False,1,1.2550215804305218,0.1313,0.25,0.4335234601619351,0.1133,-0.3236,0.6931,0.3696
14,fork_trap,easy,rsa_obs_s1_trust,False,False,4,2,1,False,1,1.2550215804305218,0.1313,0.25,0.4335234601619351,0.1133,-0.3236,0.6931,0.3696
15,fork_trap,easy,rsa_obs_s1_trust,False,False,4,2,1,False,1,1.2550215804305218,0.1313,0.25,0.4335234601619351,0.1133,-0.3236,0.6931,0.3696
16,fork_trap,easy,rsa_obs_s1_trust,False,False,3,1,1,False,1,1.2550215804305218,0.1313,0.25,0.4335234601619351,0.1133,-0.3236,0.6931,0.3696
17,fork_trap,easy,rsa_obs_s1_trust,False,False,6,4,1,False,1,1.2550215804305218,0.1313,0.25,0.4335234601619351,0.1133,-0.3236,0.6931,0.3696
18,fork_trap,easy,rsa_obs_s1_trust,False,False,4,2,1,False,1,1.2550215804305218,0.1313,0.25,0.4335234601619351,0.1133,-0.3236,0.6931,0.3696
19,fork_trap,easy,rsa_obs_s1_trust,False,False,4,2,1,False,1,1.2550215804305218,0.1313,0.25,0.4335234601619351,0.1133,-0.3236,0.6931,0.3696
20,fork_trap,easy,rsa_obs_s1_trust,False,False,4,2,1,False,1,1.2550215804305218,0.1313,0.25,0.4335234601619351,0.1133,-0.3236,0.6931,0.3696
21,fork_trap,easy,rsa_obs_s1_trust,False,False,3,1,1,False,1,1.2550215804305218,0.1313,0.25,0.4335234601619351,0.1133,-0.3236,0.6931,0.3696
22,fork_trap,easy,rsa_obs_s1_trust,False,False,4,2,1,False,1,1.2550215804305218,0.1313,0.25,0.4335234601619351,0.1133,-0.3236,0.6931,0.3696
23,fork_trap,easy,rsa_obs_s1_trust,False,False,4,2,1,False,1,1.2550215804305218,0.1313,0.25,0.4335234601619351,0.1133,-0.3236,0.6931,0.3696
24,fork_trap,easy,rsa_obs_s1_trust,False,False,5,3,1,False,1,1.2550215804305218,0.1313,0.25,0.4335234601619351,0.1133,-0.3236,0.6931,0.3696
25,fork_trap,easy,rsa_obs_s1_trust,False,False,4,2,1,False,1,1.2550215804305218,0.1313,0.25,0.4335234601619351,0.1133,-0.3236,0.6931,0.3696
26,fork_trap,easy,rsa_obs_s1_trust,False,False,4,2,1,False,1,1.2550215804305218,0.1313,0.25,0.4335234601619351,0.1133,-0.3236,0.6931,0.3696
27,fork_trap,easy,rsa_obs_s1_trust,False,False,4,2,1,False,1,1.2550215804305218,0.1313,0.25,0.4335234601619351,0.1133,-0.3236,0.6931,0.3696
28,fork_trap,easy,rsa_obs_s1_trust,False,False,4,2,1,False,1,1.2550215804305218,0.1313,0.25,0.4335234601619351,0.1133,-0.3236,0.6931,0.3696
29,fork_trap,easy,rsa_obs_s1_trust,False,False,4,2,1,False,1,1.2550215804305218,0.1313,0.25,0.4335234601619351,0.1133,-0.3236,0.6931,0.3696
30,fork_trap,easy,rsa_obs_s1_trust,False,False,3,1,1,False,1,1.2550215804305218,0.1313,0.25,0.4335234601619351,0.1133,-0.3236,0.6931,0.3696
31,fork_trap,easy,rsa_obs_s1_trust,False,False,4,2,1,False,1,1.2550215804305218,0.1313,0.25,0.4335234601619351,0.1133,-0.3236,0.6931,0.3696
32,fork_trap,easy,rsa_obs_s1_trust,False,False,4,2,1,False,1,1.2550215804305218,0.1313,0.25,0.4335234601619351,0.1133,-0.3236,0.6931,0.3696
33,fork_trap,easy,rsa_obs_s1_trust,True,True,9,4,1,False,1,1.2550215804305218,0.1313,0.25,0.4335234601619351,0.1133,-0.3236,0.6931,0.3696
34,fork_trap,easy,rsa_obs_s1_trust,False,False,3,1,1,False,1,1.2550215804305218,0.1313,0.25,0.4335234601619351,0.1133,-0.3236,0.6931,0.3696
35,fork_trap,easy,rsa_obs_s1_trust,False,False,3,1,1,False,1,1.2550215804305218,0.1313,0.25,0.4335234601619351,0.1133,-0.3236,0.6931,0.3696
36,fork_trap,easy,rsa_obs_s1_trust,False,False,4,2,1,False,1,1.2550215804305218,0.1313,0.25,0.4335234601619351,0.1133,-0.3236,0.6931,0.3696
37,fork_trap,easy,rsa_obs_s1_trust,False,False,3,1,1,False,1,1.2550215804305218,0.1313,0.25,0.4335234601619351,0.1133,-0.3236,0.6931,0.3696
38,fork_trap,easy,rsa_obs_s1_trust,False,False,6,4,1,False,1,1.2550215804305218,0.1313,0.25,0.4335234601619351,0.1133,-0.3236,0.6931,0.3696
39,fork_trap,easy,rsa_obs_s1_trust,False,False,4,2,1,False,1,1.2550215804305218,0.1313,0.25,0.4335234601619351,0.1133,-0.3236,0.6931,0.3696
40,fork_trap,easy,rsa_obs_s1_trust,False,False,4,2,1,False,1,1.2550215804305218,0.1313,0.25,0.4335234601619351,0.1133,-0.3236,0.6931,0.3696
41,fork_trap,easy,rsa_obs_s1_trust,False,False,3,1,1,False,1,1.2550215804305218,0.1313,0.25,0.4335234601619351,0.1133,-0.3236,0.6931,0.3696
42,fork_trap,easy,rsa_obs_s1_trust,False,False,3,1,1,False,1,1.2550215804305218,0.1313,0.25,0.4335234601619351,0.1133,-0.3236,0.6931,0.3696
43,fork_trap,easy,rsa_obs_s1_trust,False,False,4,2,1,False,1,1.2550215804305218,0.1313,0.25,0.4335234601619351,0.1133,-0.3236,0.6931,0.3696
44,fork_trap,easy,rsa_obs_s1_trust,False,False,4,2,1,False,1,1.2550215804305218,0.1313,0.25,0.4335234601619351,0.1133,-0.3236,0.6931,0.3696
45,fork_trap,easy,rsa_obs_s1_trust,False,False,4,2,1,False,1,1.2550215804305218,0.1313,0.25,0.4335234601619351,0.1133,-0.3236,0.6931,0.3696
46,fork_trap,easy,rsa_obs_s1_trust,False,False,4,2,1,False,1,1.2550215804305218,0.1313,0.25,0.4335234601619351,0.1133,-0.3236,0.6931,0.3696
47,fork_trap,easy,rsa_obs_s1_trust,True,True,9,4,1,False,1,1.2550215804305218,0.1313,0.25,0.4335234601619351,0.1133,-0.3236,0.6931,0.3696
48,fork_trap,easy,rsa_obs_s1_trust,True,True,9,4,1,False,1,1.2550215804305218,0.1313,0.25,0.4335234601619351,0.1133,-0.3236,0.6931,0.3696
49,fork_trap,easy,rsa_obs_s1_trust,False,False,4,2,1,False,1,1.2550215804305218,0.1313,0.25,0.4335234601619351,0.1133,-0.3236,0.6931,0.3696
0,fork_trap,easy,rsa_plus_phase10,False,False,3,1,1,False,1,0.6989234189833419,0.6874,0.25,0.7695345137374588,0.2921,-0.5547,0.6931,0.1385
1,fork_trap,easy,rsa_plus_phase10,False,False,4,2,1,False,1,0.6989234189833419,0.6874,0.25,0.7695345137374588,0.2921,-0.5547,0.6931,0.1385
2,fork_trap,easy,rsa_plus_phase10,False,False,4,2,1,False,1,0.6989234189833419,0.6874,0.25,0.7695345137374588,0.2921,-0.5547,0.6931,0.1385
3,fork_trap,easy,rsa_plus_phase10,False,False,4,2,1,False,1,0.6989234189833419,0.6874,0.25,0.7695345137374588,0.2921,-0.5547,0.6931,0.1385
4,fork_trap,easy,rsa_plus_phase10,False,False,4,2,1,False,1,0.6989234189833419,0.6874,0.25,0.7695345137374588,0.2921,-0.5547,0.6931,0.1385
5,fork_trap,easy,rsa_plus_phase10,False,False,4,2,1,False,1,0.6989234189833419,0.6874,0.25,0.7695345137374588,0.2921,-0.5547,0.6931,0.1385
6,fork_trap,easy,rsa_plus_phase10,False,False,3,1,1,False,1,0.6989234189833419,0.6874,0.25,0.7695345137374588,0.2921,-0.5547,0.6931,0.1385
7,fork_trap,easy,rsa_plus_phase10,False,False,4,2,1,False,1,0.6989234189833419,0.6874,0.25,0.7695345137374588,0.2921,-0.5547,0.6931,0.1385
8,fork_trap,easy,rsa_plus_phase10,False,False,3,1,1,False,1,0.6989234189833419,0.6874,0.25,0.7695345137374588,0.2921,-0.5547,0.6931,0.1385
9,fork_trap,easy,rsa_plus_phase10,False,False,4,2,1,False,1,0.6989234189833419,0.6874,0.25,0.7695345137374588,0.2921,-0.5547,0.6931,0.1385
10,fork_trap,easy,rsa_plus_phase10,False,False,4,2,1,False,1,0.6989234189833419,0.6874,0.25,0.7695345137374588,0.2921,-0.5547,0.6931,0.1385
11,fork_trap,easy,rsa_plus_phase10,False,False,3,1,1,False,1,0.6989234189833419,0.6874,0.25,0.7695345137374588,0.2921,-0.5547,0.6931,0.1385
12,fork_trap,easy,rsa_plus_phase10,False,False,4,2,1,False,1,0.6989234189833419,0.6874,0.25,0.7695345137374588,0.2921,-0.5547,0.6931,0.1385
13,fork_trap,easy,rsa_plus_phase10,False,False,4,2,1,False,1,0.6989234189833419,0.6874,0.25,0.7695345137374588,0.2921,-0.5547,0.6931,0.1385
14,fork_trap,easy,rsa_plus_phase10,False,False,4,2,1,False,1,0.6989234189833419,0.6874,0.25,0.7695345137374588,0.2921,-0.5547,0.6931,0.1385
15,fork_trap,easy,rsa_plus_phase10,False,False,4,2,1,False,1,0.6989234189833419,0.6874,0.25,0.7695345137374588,0.2921,-0.5547,0.6931,0.1385
16,fork_trap,easy,rsa_plus_phase10,False,False,3,1,1,False,1,0.6989234189833419,0.6874,0.25,0.7695345137374588,0.2921,-0.5547,0.6931,0.1385
17,fork_trap,easy,rsa_plus_phase10,False,False,6,4,1,False,1,0.6989234189833419,0.6874,0.25,0.7695345137374588,0.2921,-0.5547,0.6931,0.1385
18,fork_trap,easy,rsa_plus_phase10,False,False,4,2,1,False,1,0.6989234189833419,0.6874,0.25,0.7695345137374588,0.2921,-0.5547,0.6931,0.1385
19,fork_trap,easy,rsa_plus_phase10,False,False,4,2,1,False,1,0.6989234189833419,0.6874,0.25,0.7695345137374588,0.2921,-0.5547,0.6931,0.1385
20,fork_trap,easy,rsa_plus_phase10,False,False,4,2,1,False,1,0.6989234189833419,0.6874,0.25,0.7695345137374588,0.2921,-0.5547,0.6931,0.1385
21,fork_trap,easy,rsa_plus_phase10,False,False,3,1,1,False,1,0.6989234189833419,0.6874,0.25,0.7695345137374588,0.2921,-0.5547,0.6931,0.1385
22,fork_trap,easy,rsa_plus_phase10,False,False,4,2,1,False,1,0.6989234189833419,0.6874,0.25,0.7695345137374588,0.2921,-0.5547,0.6931,0.1385
23,fork_trap,easy,rsa_plus_phase10,False,False,4,2,1,False,1,0.6989234189833419,0.6874,0.25,0.7695345137374588,0.2921,-0.5547,0.6931,0.1385
24,fork_trap,easy,rsa_plus_phase10,False,False,5,3,1,False,1,0.6989234189833419,0.6874,0.25,0.7695345137374588,0.2921,-0.5547,0.6931,0.1385
25,fork_trap,easy,rsa_plus_phase10,False,False,4,2,1,False,1,0.6989234189833419,0.6874,0.25,0.7695345137374588,0.2921,-0.5547,0.6931,0.1385
26,fork_trap,easy,rsa_plus_phase10,False,False,4,2,1,False,1,0.6989234189833419,0.6874,0.25,0.7695345137374588,0.2921,-0.5547,0.6931,0.1385
27,fork_trap,easy,rsa_plus_phase10,False,False,4,2,1,False,1,0.6989234189833419,0.6874,0.25,0.7695345137374588,0.2921,-0.5547,0.6931,0.1385
28,fork_trap,easy,rsa_plus_phase10,False,False,4,2,1,False,1,0.6989234189833419,0.6874,0.25,0.7695345137374588,0.2921,-0.5547,0.6931,0.1385
29,fork_trap,easy,rsa_plus_phase10,False,False,4,2,1,False,1,0.6989234189833419,0.6874,0.25,0.7695345137374588,0.2921,-0.5547,0.6931,0.1385
30,fork_trap,easy,rsa_plus_phase10,False,False,3,1,1,False,1,0.6989234189833419,0.6874,0.25,0.7695345137374588,0.2921,-0.5547,0.6931,0.1385
31,fork_trap,easy,rsa_plus_phase10,False,False,4,2,1,False,1,0.6989234189833419,0.6874,0.25,0.7695345137374588,0.2921,-0.5547,0.6931,0.1385
32,fork_trap,easy,rsa_plus_phase10,False,False,4,2,1,False,1,0.6989234189833419,0.6874,0.25,0.7695345137374588,0.2921,-0.5547,0.6931,0.1385
33,fork_trap,easy,rsa_plus_phase10,True,True,9,4,1,False,1,0.6989234189833419,0.6874,0.25,0.7695345137374588,0.2921,-0.5547,0.6931,0.1385
34,fork_trap,easy,rsa_plus_phase10,False,False,3,1,1,False,1,0.6989234189833419,0.6874,0.25,0.7695345137374588,0.2921,-0.5547,0.6931,0.1385
35,fork_trap,easy,rsa_plus_phase10,False,False,3,1,1,False,1,0.6989234189833419,0.6874,0.25,0.7695345137374588,0.2921,-0.5547,0.6931,0.1385
36,fork_trap,easy,rsa_plus_phase10,False,False,4,2,1,False,1,0.6989234189833419,0.6874,0.25,0.7695345137374588,0.2921,-0.5547,0.6931,0.1385
37,fork_trap,easy,rsa_plus_phase10,False,False,3,1,1,False,1,0.6989234189833419,0.6874,0.25,0.7695345137374588,0.2921,-0.5547,0.6931,0.1385
38,fork_trap,easy,rsa_plus_phase10,False,False,6,4,1,False,1,0.6989234189833419,0.6874,0.25,0.7695345137374588,0.2921,-0.5547,0.6931,0.1385
39,fork_trap,easy,rsa_plus_phase10,False,False,4,2,1,False,1,0.6989234189833419,0.6874,0.25,0.7695345137374588,0.2921,-0.5547,0.6931,0.1385
40,fork_trap,easy,rsa_plus_phase10,False,False,4,2,1,False,1,0.6989234189833419,0.6874,0.25,0.7695345137374588,0.2921,-0.5547,0.6931,0.1385
41,fork_trap,easy,rsa_plus_phase10,False,False,3,1,1,False,1,0.6989234189833419,0.6874,0.25,0.7695345137374588,0.2921,-0.5547,0.6931,0.1385
42,fork_trap,easy,rsa_plus_phase10,False,False,3,1,1,False,1,0.6989234189833419,0.6874,0.25,0.7695345137374588,0.2921,-0.5547,0.6931,0.1385
43,fork_trap,easy,rsa_plus_phase10,False,False,4,2,1,False,1,0.6989234189833419,0.6874,0.25,0.7695345137374588,0.2921,-0.5547,0.6931,0.1385
44,fork_trap,easy,rsa_plus_phase10,False,False,4,2,1,False,1,0.6989234189833419,0.6874,0.25,0.7695345137374588,0.2921,-0.5547,0.6931,0.1385
45,fork_trap,easy,rsa_plus_phase10,False,False,4,2,1,False,1,0.6989234189833419,0.6874,0.25,0.7695345137374588,0.2921,-0.5547,0.6931,0.1385
46,fork_trap,easy,rsa_plus_phase10,False,False,4,2,1,False,1,0.6989234189833419,0.6874,0.25,0.7695345137374588,0.2921,-0.5547,0.6931,0.1385
47,fork_trap,easy,rsa_plus_phase10,True,True,9,4,1,False,1,0.6989234189833419,0.6874,0.25,0.7695345137374588,0.2921,-0.5547,0.6931,0.1385
48,fork_trap,easy,rsa_plus_phase10,True,True,9,4,1,False,1,0.6989234189833419,0.6874,0.25,0.7695345137374588,0.2921,-0.5547,0.6931,0.1385
49,fork_trap,easy,rsa_plus_phase10,False,False,4,2,1,False,1,0.6989234189833419,0.6874,0.25,0.7695345137374588,0.2921,-0.5547,0.6931,0.1385
0,fork_trap,medium,legacy_bias,False,False,3,1,1,False,0,0.0,0.0,0.25,0.25,0.0,-0.638,0.6931,0.0551
1,fork_trap,medium,legacy_bias,True,True,11,0,1,True,0,0.0,0.0,0.25,0.25,0.0,-0.638,0.6931,0.0551
2,fork_trap,medium,legacy_bias,False,False,5,3,1,False,0,0.0,0.0,0.25,0.25,0.0,-0.638,0.6931,0.0551
3,fork_trap,medium,legacy_bias,False,False,5,3,1,False,0,0.0,0.0,0.25,0.25,0.0,-0.638,0.6931,0.0551
4,fork_trap,medium,legacy_bias,True,True,11,2,1,False,0,0.0,0.0,0.25,0.25,0.0,-0.638,0.6931,0.0551
5,fork_trap,medium,legacy_bias,True,True,11,2,1,False,0,0.0,0.0,0.25,0.25,0.0,-0.638,0.6931,0.0551
6,fork_trap,medium,legacy_bias,True,True,11,0,1,True,0,0.0,0.0,0.25,0.25,0.0,-0.638,0.6931,0.0551
7,fork_trap,medium,legacy_bias,False,False,8,2,1,False,0,0.0,0.0,0.25,0.25,0.0,-0.638,0.6931,0.0551
8,fork_trap,medium,legacy_bias,False,False,3,1,1,False,0,0.0,0.0,0.25,0.25,0.0,-0.638,0.6931,0.0551
9,fork_trap,medium,legacy_bias,True,True,11,0,1,True,0,0.0,0.0,0.25,0.25,0.0,-0.638,0.6931,0.0551
10,fork_trap,medium,legacy_bias,True,True,11,2,1,False,0,0.0,0.0,0.25,0.25,0.0,-0.638,0.6931,0.0551
11,fork_trap,medium,legacy_bias,True,True,11,0,1,True,0,0.0,0.0,0.25,0.25,0.0,-0.638,0.6931,0.0551
12,fork_trap,medium,legacy_bias,True,True,11,2,1,False,0,0.0,0.0,0.25,0.25,0.0,-0.638,0.6931,0.0551
13,fork_trap,medium,legacy_bias,False,False,4,2,1,False,0,0.0,0.0,0.25,0.25,0.0,-0.638,0.6931,0.0551
14,fork_trap,medium,legacy_bias,True,True,11,0,1,True,0,0.0,0.0,0.25,0.25,0.0,-0.638,0.6931,0.0551
15,fork_trap,medium,legacy_bias,True,True,11,2,1,False,0,0.0,0.0,0.25,0.25,0.0,-0.638,0.6931,0.0551
16,fork_trap,medium,legacy_bias,False,False,3,1,1,False,0,0.0,0.0,0.25,0.25,0.0,-0.638,0.6931,0.0551
17,fork_trap,medium,legacy_bias,True,True,11,2,1,False,0,0.0,0.0,0.25,0.25,0.0,-0.638,0.6931,0.0551
18,fork_trap,medium,legacy_bias,True,True,11,2,1,False,0,0.0,0.0,0.25,0.25,0.0,-0.638,0.6931,0.0551
19,fork_trap,medium,legacy_bias,True,True,11,2,1,False,0,0.0,0.0,0.25,0.25,0.0,-0.638,0.6931,0.0551
20,fork_trap,medium,legacy_bias,False,False,4,2,1,False,0,0.0,0.0,0.25,0.25,0.0,-0.638,0.6931,0.0551
21,fork_trap,medium,legacy_bias,True,True,11,0,1,True,0,0.0,0.0,0.25,0.25,0.0,-0.638,0.6931,0.0551
22,fork_trap,medium,legacy_bias,False,False,5,3,1,False,0,0.0,0.0,0.25,0.25,0.0,-0.638,0.6931,0.0551
23,fork_trap,medium,legacy_bias,True,True,11,0,1,True,0,0.0,0.0,0.25,0.25,0.0,-0.638,0.6931,0.0551
24,fork_trap,medium,legacy_bias,True,True,11,0,1,True,0,0.0,0.0,0.25,0.25,0.0,-0.638,0.6931,0.0551
25,fork_trap,medium,legacy_bias,False,False,8,2,1,False,0,0.0,0.0,0.25,0.25,0.0,-0.638,0.6931,0.0551
26,fork_trap,medium,legacy_bias,False,False,8,2,1,False,0,0.0,0.0,0.25,0.25,0.0,-0.638,0.6931,0.0551
27,fork_trap,medium,legacy_bias,True,True,11,0,1,True,0,0.0,0.0,0.25,0.25,0.0,-0.638,0.6931,0.0551
28,fork_trap,medium,legacy_bias,False,False,5,3,1,False,0,0.0,0.0,0.25,0.25,0.0,-0.638,0.6931,0.0551
29,fork_trap,medium,legacy_bias,False,False,8,2,1,False,0,0.0,0.0,0.25,0.25,0.0,-0.638,0.6931,0.0551
30,fork_trap,medium,legacy_bias,True,True,11,0,1,True,0,0.0,0.0,0.25,0.25,0.0,-0.638,0.6931,0.0551
31,fork_trap,medium,legacy_bias,False,False,5,3,1,False,0,0.0,0.0,0.25,0.25,0.0,-0.638,0.6931,0.0551
32,fork_trap,medium,legacy_bias,False,False,4,2,1,False,0,0.0,0.0,0.25,0.25,0.0,-0.638,0.6931,0.0551
33,fork_trap,medium,legacy_bias,False,False,5,3,1,False,0,0.0,0.0,0.25,0.25,0.0,-0.638,0.6931,0.0551
34,fork_trap,medium,legacy_bias,True,True,11,0,1,True,0,0.0,0.0,0.25,0.25,0.0,-0.638,0.6931,0.0551
35,fork_trap,medium,legacy_bias,True,True,11,0,1,True,0,0.0,0.0,0.25,0.25,0.0,-0.638,0.6931,0.0551
36,fork_trap,medium,legacy_bias,True,True,11,0,1,True,0,0.0,0.0,0.25,0.25,0.0,-0.638,0.6931,0.0551
37,fork_trap,medium,legacy_bias,True,True,11,0,1,True,0,0.0,0.0,0.25,0.25,0.0,-0.638,0.6931,0.0551
38,fork_trap,medium,legacy_bias,True,True,11,0,1,True,0,0.0,0.0,0.25,0.25,0.0,-0.638,0.6931,0.0551
39,fork_trap,medium,legacy_bias,False,False,8,2,1,False,0,0.0,0.0,0.25,0.25,0.0,-0.638,0.6931,0.0551
40,fork_trap,medium,legacy_bias,True,True,11,2,1,False,0,0.0,0.0,0.25,0.25,0.0,-0.638,0.6931,0.0551
41,fork_trap,medium,legacy_bias,False,False,3,1,1,False,0,0.0,0.0,0.25,0.25,0.0,-0.638,0.6931,0.0551
42,fork_trap,medium,legacy_bias,True,True,11,0,1,True,0,0.0,0.0,0.25,0.25,0.0,-0.638,0.6931,0.0551
43,fork_trap,medium,legacy_bias,False,False,8,2,1,False,0,0.0,0.0,0.25,0.25,0.0,-0.638,0.6931,0.0551
44,fork_trap,medium,legacy_bias,False,False,5,3,1,False,0,0.0,0.0,0.25,0.25,0.0,-0.638,0.6931,0.0551
45,fork_trap,medium,legacy_bias,False,False,5,3,1,False,0,0.0,0.0,0.25,0.25,0.0,-0.638,0.6931,0.0551
46,fork_trap,medium,legacy_bias,True,True,11,2,1,False,0,0.0,0.0,0.25,0.25,0.0,-0.638,0.6931,0.0551
47,fork_trap,medium,legacy_bias,True,True,11,0,1,True,0,0.0,0.0,0.25,0.25,0.0,-0.638,0.6931,0.0551
48,fork_trap,medium,legacy_bias,True,True,11,0,1,True,0,0.0,0.0,0.25,0.25,0.0,-0.638,0.6931,0.0551
49,fork_trap,medium,legacy_bias,True,True,11,0,1,True,0,0.0,0.0,0.25,0.25,0.0,-0.638,0.6931,0.0551
0,fork_trap,medium,rsa_obs_l0,False,False,3,1,1,False,1,0.8038857373903147,0.5824,0.25,0.7417407204913656,0.3104,-0.5661,0.6931,0.1271
1,fork_trap,medium,rsa_obs_l0,True,True,11,0,1,True,1,0.8038857373903147,0.5824,0.25,0.7417407204913656,0.3104,-0.5661,0.6931,0.1271
2,fork_trap,medium,rsa_obs_l0,False,False,5,3,1,False,1,0.8038857373903147,0.5824,0.25,0.7417407204913656,0.3104,-0.5661,0.6931,0.1271
3,fork_trap,medium,rsa_obs_l0,False,False,5,3,1,False,1,0.8038857373903147,0.5824,0.25,0.7417407204913656,0.3104,-0.5661,0.6931,0.1271
4,fork_trap,medium,rsa_obs_l0,False,False,5,3,1,False,1,0.8038857373903147,0.5824,0.25,0.7417407204913656,0.3104,-0.5661,0.6931,0.1271
5,fork_trap,medium,rsa_obs_l0,False,False,5,3,1,False,1,0.8038857373903147,0.5824,0.25,0.7417407204913656,0.3104,-0.5661,0.6931,0.1271
6,fork_trap,medium,rsa_obs_l0,True,True,11,0,1,True,1,0.8038857373903147,0.5824,0.25,0.7417407204913656,0.3104,-0.5661,0.6931,0.1271
7,fork_trap,medium,rsa_obs_l0,False,False,5,3,1,False,1,0.8038857373903147,0.5824,0.25,0.7417407204913656,0.3104,-0.5661,0.6931,0.1271
8,fork_trap,medium,rsa_obs_l0,False,False,3,1,1,False,1,0.8038857373903147,0.5824,0.25,0.7417407204913656,0.3104,-0.5661,0.6931,0.1271
9,fork_trap,medium,rsa_obs_l0,True,True,11,0,1,True,1,0.8038857373903147,0.5824,0.25,0.7417407204913656,0.3104,-0.5661,0.6931,0.1271
10,fork_trap,medium,rsa_obs_l0,True,True,9,4,1,False,1,0.8038857373903147,0.5824,0.25,0.7417407204913656,0.3104,-0.5661,0.6931,0.1271
11,fork_trap,medium,rsa_obs_l0,True,True,11,0,1,True,1,0.8038857373903147,0.5824,0.25,0.7417407204913656,0.3104,-0.5661,0.6931,0.1271
12,fork_trap,medium,rsa_obs_l0,False,False,4,2,1,False,1,0.8038857373903147,0.5824,0.25,0.7417407204913656,0.3104,-0.5661,0.6931,0.1271
13,fork_trap,medium,rsa_obs_l0,False,False,4,2,1,False,1,0.8038857373903147,0.5824,0.25,0.7417407204913656,0.3104,-0.5661,0.6931,0.1271
14,fork_trap,medium,rsa_obs_l0,True,True,11,0,1,True,1,0.8038857373903147,0.5824,0.25,0.7417407204913656,0.3104,-0.5661,0.6931,0.1271
15,fork_trap,medium,rsa_obs_l0,False,False,5,3,1,False,1,0.8038857373903147,0.5824,0.25,0.7417407204913656,0.3104,-0.5661,0.6931,0.1271
16,fork_trap,medium,rsa_obs_l0,False,False,3,1,1,False,1,0.8038857373903147,0.5824,0.25,0.7417407204913656,0.3104,-0.5661,0.6931,0.1271
17,fork_trap,medium,rsa_obs_l0,False,False,6,4,1,False,1,0.8038857373903147,0.5824,0.25,0.7417407204913656,0.3104,-0.5661,0.6931,0.1271
18,fork_trap,medium,rsa_obs_l0,False,False,5,3,1,False,1,0.8038857373903147,0.5824,0.25,0.7417407204913656,0.3104,-0.5661,0.6931,0.1271
19,fork_trap,medium,rsa_obs_l0,False,False,6,4,1,False,1,0.8038857373903147,0.5824,0.25,0.7417407204913656,0.3104,-0.5661,0.6931,0.1271
20,fork_trap,medium,rsa_obs_l0,False,False,4,2,1,False,1,0.8038857373903147,0.5824,0.25,0.7417407204913656,0.3104,-0.5661,0.6931,0.1271
21,fork_trap,medium,rsa_obs_l0,True,True,11,0,1,True,1,0.8038857373903147,0.5824,0.25,0.7417407204913656,0.3104,-0.5661,0.6931,0.1271
22,fork_trap,medium,rsa_obs_l0,False,False,5,3,1,False,1,0.8038857373903147,0.5824,0.25,0.7417407204913656,0.3104,-0.5661,0.6931,0.1271
23,fork_trap,medium,rsa_obs_l0,True,True,11,0,1,True,1,0.8038857373903147,0.5824,0.25,0.7417407204913656,0.3104,-0.5661,0.6931,0.1271
24,fork_trap,medium,rsa_obs_l0,True,True,11,0,1,True,1,0.8038857373903147,0.5824,0.25,0.7417407204913656,0.3104,-0.5661,0.6931,0.1271
25,fork_trap,medium,rsa_obs_l0,False,False,5,3,1,False,1,0.8038857373903147,0.5824,0.25,0.7417407204913656,0.3104,-0.5661,0.6931,0.1271
26,fork_trap,medium,rsa_obs_l0,False,False,5,3,1,False,1,0.8038857373903147,0.5824,0.25,0.7417407204913656,0.3104,-0.5661,0.6931,0.1271
27,fork_trap,medium,rsa_obs_l0,True,True,11,0,1,True,1,0.8038857373903147,0.5824,0.25,0.7417407204913656,0.3104,-0.5661,0.6931,0.1271
28,fork_trap,medium,rsa_obs_l0,False,False,5,3,1,False,1,0.8038857373903147,0.5824,0.25,0.7417407204913656,0.3104,-0.5661,0.6931,0.1271
29,fork_trap,medium,rsa_obs_l0,False,False,5,3,1,False,1,0.8038857373903147,0.5824,0.25,0.7417407204913656,0.3104,-0.5661,0.6931,0.1271
30,fork_trap,medium,rsa_obs_l0,True,True,11,0,1,True,1,0.8038857373903147,0.5824,0.25,0.7417407204913656,0.3104,-0.5661,0.6931,0.1271
31,fork_trap,medium,rsa_obs_l0,False,False,5,3,1,False,1,0.8038857373903147,0.5824,0.25,0.7417407204913656,0.3104,-0.5661,0.6931,0.1271
32,fork_trap,medium,rsa_obs_l0,False,False,4,2,1,False,1,0.8038857373903147,0.5824,0.25,0.7417407204913656,0.3104,-0.5661,0.6931,0.1271
33,fork_trap,medium,rsa_obs_l0,False,False,5,3,1,False,1,0.8038857373903147,0.5824,0.25,0.7417407204913656,0.3104,-0.5661,0.6931,0.1271
34,fork_trap,medium,rsa_obs_l0,True,True,11,0,1,True,1,0.8038857373903147,0.5824,0.25,0.7417407204913656,0.3104,-0.5661,0.6931,0.1271
35,fork_trap,medium,rsa_obs_l0,True,True,11,0,1,True,1,0.8038857373903147,0.5824,0.25,0.7417407204913656,0.3104,-0.5661,0.6931,0.1271
36,fork_trap,medium,rsa_obs_l0,True,True,11,0,1,True,1,0.8038857373903147,0.5824,0.25,0.7417407204913656,0.3104,-0.5661,0.6931,0.1271
37,fork_trap,medium,rsa_obs_l0,True,True,11,0,1,True,1,0.8038857373903147,0.5824,0.25,0.7417407204913656,0.3104,-0.5661,0.6931,0.1271
38,fork_trap,medium,rsa_obs_l0,True,True,11,0,1,True,1,0.8038857373903147,0.5824,0.25,0.7417407204913656,0.3104,-0.5661,0.6931,0.1271
39,fork_trap,medium,rsa_obs_l0,False,False,5,3,1,False,1,0.8038857373903147,0.5824,0.25,0.7417407204913656,0.3104,-0.5661,0.6931,0.1271
40,fork_trap,medium,rsa_obs_l0,False,False,5,3,1,False,1,0.8038857373903147,0.5824,0.25,0.7417407204913656,0.3104,-0.5661,0.6931,0.1271
41,fork_trap,medium,rsa_obs_l0,False,False,3,1,1,False,1,0.8038857373903147,0.5824,0.25,0.7417407204913656,0.3104,-0.5661,0.6931,0.1271
42,fork_trap,medium,rsa_obs_l0,True,True,11,0,1,True,1,0.8038857373903147,0.5824,0.25,0.7417407204913656,0.3104,-0.5661,0.6931,0.1271
43,fork_trap,medium,rsa_obs_l0,False,False,4,2,1,False,1,0.8038857373903147,0.5824,0.25,0.7417407204913656,0.3104,-0.5661,0.6931,0.1271
44,fork_trap,medium,rsa_obs_l0,False,False,5,3,1,False,1,0.8038857373903147,0.5824,0.25,0.7417407204913656,0.3104,-0.5661,0.6931,0.1271
45,fork_trap,medium,rsa_obs_l0,False,False,5,3,1,False,1,0.8038857373903147,0.5824,0.25,0.7417407204913656,0.3104,-0.5661,0.6931,0.1271
46,fork_trap,medium,rsa_obs_l0,False,False,5,3,1,False,1,0.8038857373903147,0.5824,0.25,0.7417407204913656,0.3104,-0.5661,0.6931,0.1271
47,fork_trap,medium,rsa_obs_l0,True,True,11,0,1,True,1,0.8038857373903147,0.5824,0.25,0.7417407204913656,0.3104,-0.5661,0.6931,0.1271
48,fork_trap,medium,rsa_obs_l0,True,True,11,0,1,True,1,0.8038857373903147,0.5824,0.25,0.7417407204913656,0.3104,-0.5661,0.6931,0.1271
49,fork_trap,medium,rsa_obs_l0,True,True,11,0,1,True,1,0.8038857373903147,0.5824,0.25,0.7417407204913656,0.3104,-0.5661,0.6931,0.1271
0,fork_trap,medium,rsa_obs_s1,False,False,3,1,1,False,1,0.6989234189833419,0.6874,0.25,0.7695345137374588,0.2921,-0.5547,0.6931,0.1385
1,fork_trap,medium,rsa_obs_s1,True,True,11,0,1,True,1,0.6989234189833419,0.6874,0.25,0.7695345137374588,0.2921,-0.5547,0.6931,0.1385
2,fork_trap,medium,rsa_obs_s1,False,False,5,3,1,False,1,0.6989234189833419,0.6874,0.25,0.7695345137374588,0.2921,-0.5547,0.6931,0.1385
3,fork_trap,medium,rsa_obs_s1,False,False,5,3,1,False,1,0.6989234189833419,0.6874,0.25,0.7695345137374588,0.2921,-0.5547,0.6931,0.1385
4,fork_trap,medium,rsa_obs_s1,False,False,5,3,1,False,1,0.6989234189833419,0.6874,0.25,0.7695345137374588,0.2921,-0.5547,0.6931,0.1385
5,fork_trap,medium,rsa_obs_s1,False,False,5,3,1,False,1,0.6989234189833419,0.6874,0.25,0.7695345137374588,0.2921,-0.5547,0.6931,0.1385
6,fork_trap,medium,rsa_obs_s1,True,True,11,0,1,True,1,0.6989234189833419,0.6874,0.25,0.7695345137374588,0.2921,-0.5547,0.6931,0.1385
7,fork_trap,medium,rsa_obs_s1,False,False,5,3,1,False,1,0.6989234189833419,0.6874,0.25,0.7695345137374588,0.2921,-0.5547,0.6931,0.1385
8,fork_trap,medium,rsa_obs_s1,False,False,3,1,1,False,1,0.6989234189833419,0.6874,0.25,0.7695345137374588,0.2921,-0.5547,0.6931,0.1385
9,fork_trap,medium,rsa_obs_s1,True,True,11,0,1,True,1,0.6989234189833419,0.6874,0.25,0.7695345137374588,0.2921,-0.5547,0.6931,0.1385
10,fork_trap,medium,rsa_obs_s1,True,True,9,4,1,False,1,0.6989234189833419,0.6874,0.25,0.7695345137374588,0.2921,-0.5547,0.6931,0.1385
11,fork_trap,medium,rsa_obs_s1,True,True,11,0,1,True,1,0.6989234189833419,0.6874,0.25,0.7695345137374588,0.2921,-0.5547,0.6931,0.1385
12,fork_trap,medium,rsa_obs_s1,False,False,4,2,1,False,1,0.6989234189833419,0.6874,0.25,0.7695345137374588,0.2921,-0.5547,0.6931,0.1385
13,fork_trap,medium,rsa_obs_s1,False,False,4,2,1,False,1,0.6989234189833419,0.6874,0.25,0.7695345137374588,0.2921,-0.5547,0.6931,0.1385
14,fork_trap,medium,rsa_obs_s1,True,True,11,0,1,True,1,0.6989234189833419,0.6874,0.25,0.7695345137374588,0.2921,-0.5547,0.6931,0.1385
15,fork_trap,medium,rsa_obs_s1,False,False,5,3,1,False,1,0.6989234189833419,0.6874,0.25,0.7695345137374588,0.2921,-0.5547,0.6931,0.1385
16,fork_trap,medium,rsa_obs_s1,False,False,3,1,1,False,1,0.6989234189833419,0.6874,0.25,0.7695345137374588,0.2921,-0.5547,0.6931,0.1385
17,fork_trap,medium,rsa_obs_s1,False,False,6,4,1,False,1,0.6989234189833419,0.6874,0.25,0.7695345137374588,0.2921,-0.5547,0.6931,0.1385
18,fork_trap,medium,rsa_obs_s1,False,False,5,3,1,False,1,0.6989234189833419,0.6874,0.25,0.7695345137374588,0.2921,-0.5547,0.6931,0.1385
19,fork_trap,medium,rsa_obs_s1,False,False,6,4,1,False,1,0.6989234189833419,0.6874,0.25,0.7695345137374588,0.2921,-0.5547,0.6931,0.1385
20,fork_trap,medium,rsa_obs_s1,False,False,4,2,1,False,1,0.6989234189833419,0.6874,0.25,0.7695345137374588,0.2921,-0.5547,0.6931,0.1385
21,fork_trap,medium,rsa_obs_s1,True,True,11,0,1,True,1,0.6989234189833419,0.6874,0.25,0.7695345137374588,0.2921,-0.5547,0.6931,0.1385
22,fork_trap,medium,rsa_obs_s1,False,False,5,3,1,False,1,0.6989234189833419,0.6874,0.25,0.7695345137374588,0.2921,-0.5547,0.6931,0.1385
23,fork_trap,medium,rsa_obs_s1,True,True,11,0,1,True,1,0.6989234189833419,0.6874,0.25,0.7695345137374588,0.2921,-0.5547,0.6931,0.1385
24,fork_trap,medium,rsa_obs_s1,True,True,11,0,1,True,1,0.6989234189833419,0.6874,0.25,0.7695345137374588,0.2921,-0.5547,0.6931,0.1385
25,fork_trap,medium,rsa_obs_s1,False,False,5,3,1,False,1,0.6989234189833419,0.6874,0.25,0.7695345137374588,0.2921,-0.5547,0.6931,0.1385
26,fork_trap,medium,rsa_obs_s1,False,False,5,3,1,False,1,0.6989234189833419,0.6874,0.25,0.7695345137374588,0.2921,-0.5547,0.6931,0.1385
27,fork_trap,medium,rsa_obs_s1,True,True,11,0,1,True,1,0.6989234189833419,0.6874,0.25,0.7695345137374588,0.2921,-0.5547,0.6931,0.1385
28,fork_trap,medium,rsa_obs_s1,False,False,5,3,1,False,1,0.6989234189833419,0.6874,0.25,0.7695345137374588,0.2921,-0.5547,0.6931,0.1385
29,fork_trap,medium,rsa_obs_s1,False,False,5,3,1,False,1,0.6989234189833419,0.6874,0.25,0.7695345137374588,0.2921,-0.5547,0.6931,0.1385
30,fork_trap,medium,rsa_obs_s1,True,True,11,0,1,True,1,0.6989234189833419,0.6874,0.25,0.7695345137374588,0.2921,-0.5547,0.6931,0.1385
31,fork_trap,medium,rsa_obs_s1,False,False,5,3,1,False,1,0.6989234189833419,0.6874,0.25,0.7695345137374588,0.2921,-0.5547,0.6931,0.1385
32,fork_trap,medium,rsa_obs_s1,False,False,4,2,1,False,1,0.6989234189833419,0.6874,0.25,0.7695345137374588,0.2921,-0.5547,0.6931,0.1385
33,fork_trap,medium,rsa_obs_s1,False,False,5,3,1,False,1,0.6989234189833419,0.6874,0.25,0.7695345137374588,0.2921,-0.5547,0.6931,0.1385
34,fork_trap,medium,rsa_obs_s1,True,True,11,0,1,True,1,0.6989234189833419,0.6874,0.25,0.7695345137374588,0.2921,-0.5547,0.6931,0.1385
35,fork_trap,medium,rsa_obs_s1,True,True,11,0,1,True,1,0.6989234189833419,0.6874,0.25,0.7695345137374588,0.2921,-0.5547,0.6931,0.1385
36,fork_trap,medium,rsa_obs_s1,True,True,11,0,1,True,1,0.6989234189833419,0.6874,0.25,0.7695345137374588,0.2921,-0.5547,0.6931,0.1385
37,fork_trap,medium,rsa_obs_s1,True,True,11,0,1,True,1,0.6989234189833419,0.6874,0.25,0.7695345137374588,0.2921,-0.5547,0.6931,0.1385
38,fork_trap,medium,rsa_obs_s1,True,True,11,0,1,True,1,0.6989234189833419,0.6874,0.25,0.7695345137374588,0.2921,-0.5547,0.6931,0.1385
39,fork_trap,medium,rsa_obs_s1,False,False,5,3,1,False,1,0.6989234189833419,0.6874,0.25,0.7695345137374588,0.2921,-0.5547,0.6931,0.1385
40,fork_trap,medium,rsa_obs_s1,False,False,5,3,1,False,1,0.6989234189833419,0.6874,0.25,0.7695345137374588,0.2921,-0.5547,0.6931,0.1385
41,fork_trap,medium,rsa_obs_s1,False,False,3,1,1,False,1,0.6989234189833419,0.6874,0.25,0.7695345137374588,0.2921,-0.5547,0.6931,0.1385
42,fork_trap,medium,rsa_obs_s1,True,True,11,0,1,True,1,0.6989234189833419,0.6874,0.25,0.7695345137374588,0.2921,-0.5547,0.6931,0.1385
43,fork_trap,medium,rsa_obs_s1,False,False,4,2,1,False,1,0.6989234189833419,0.6874,0.25,0.7695345137374588,0.2921,-0.5547,0.6931,0.1385
44,fork_trap,medium,rsa_obs_s1,False,False,5,3,1,False,1,0.6989234189833419,0.6874,0.25,0.7695345137374588,0.2921,-0.5547,0.6931,0.1385
45,fork_trap,medium,rsa_obs_s1,False,False,5,3,1,False,1,0.6989234189833419,0.6874,0.25,0.7695345137374588,0.2921,-0.5547,0.6931,0.1385
46,fork_trap,medium,rsa_obs_s1,False,False,5,3,1,False,1,0.6989234189833419,0.6874,0.25,0.7695345137374588,0.2921,-0.5547,0.6931,0.1385
47,fork_trap,medium,rsa_obs_s1,True,True,11,0,1,True,1,0.6989234189833419,0.6874,0.25,0.7695345137374588,0.2921,-0.5547,0.6931,0.1385
48,fork_trap,medium,rsa_obs_s1,True,True,11,0,1,True,1,0.6989234189833419,0.6874,0.25,0.7695345137374588,0.2921,-0.5547,0.6931,0.1385
49,fork_trap,medium,rsa_obs_s1,True,True,11,0,1,True,1,0.6989234189833419,0.6874,0.25,0.7695345137374588,0.2921,-0.5547,0.6931,0.1385
0,fork_trap,medium,rsa_obs_s1_trust,False,False,3,1,1,False,1,1.2550215804305218,0.1313,0.25,0.4335234601619351,0.1133,-0.3236,0.6931,0.3696
1,fork_trap,medium,rsa_obs_s1_trust,False,False,5,3,1,False,1,1.2550215804305218,0.1313,0.25,0.4335234601619351,0.1133,-0.3236,0.6931,0.3696
2,fork_trap,medium,rsa_obs_s1_trust,False,False,5,3,1,False,1,1.2550215804305218,0.1313,0.25,0.4335234601619351,0.1133,-0.3236,0.6931,0.3696
3,fork_trap,medium,rsa_obs_s1_trust,False,False,5,3,1,False,1,1.2550215804305218,0.1313,0.25,0.4335234601619351,0.1133,-0.3236,0.6931,0.3696
4,fork_trap,medium,rsa_obs_s1_trust,False,False,5,3,1,False,1,1.2550215804305218,0.1313,0.25,0.4335234601619351,0.1133,-0.3236,0.6931,0.3696
5,fork_trap,medium,rsa_obs_s1_trust,False,False,5,3,1,False,1,1.2550215804305218,0.1313,0.25,0.4335234601619351,0.1133,-0.3236,0.6931,0.3696
6,fork_trap,medium,rsa_obs_s1_trust,False,False,3,1,1,False,1,1.2550215804305218,0.1313,0.25,0.4335234601619351,0.1133,-0.3236,0.6931,0.3696
7,fork_trap,medium,rsa_obs_s1_trust,False,False,5,3,1,False,1,1.2550215804305218,0.1313,0.25,0.4335234601619351,0.1133,-0.3236,0.6931,0.3696
8,fork_trap,medium,rsa_obs_s1_trust,False,False,3,1,1,False,1,1.2550215804305218,0.1313,0.25,0.4335234601619351,0.1133,-0.3236,0.6931,0.3696
9,fork_trap,medium,rsa_obs_s1_trust,False,False,6,4,1,False,1,1.2550215804305218,0.1313,0.25,0.4335234601619351,0.1133,-0.3236,0.6931,0.3696
10,fork_trap,medium,rsa_obs_s1_trust,True,True,9,4,1,False,1,1.2550215804305218,0.1313,0.25,0.4335234601619351,0.1133,-0.3236,0.6931,0.3696
11,fork_trap,medium,rsa_obs_s1_trust,False,False,3,1,1,False,1,1.2550215804305218,0.1313,0.25,0.4335234601619351,0.1133,-0.3236,0.6931,0.3696
12,fork_trap,medium,rsa_obs_s1_trust,False,False,4,2,1,False,1,1.2550215804305218,0.1313,0.25,0.4335234601619351,0.1133,-0.3236,0.6931,0.3696
13,fork_trap,medium,rsa_obs_s1_trust,False,False,4,2,1,False,1,1.2550215804305218,0.1313,0.25,0.4335234601619351,0.1133,-0.3236,0.6931,0.3696
14,fork_trap,medium,rsa_obs_s1_trust,False,False,4,2,1,False,1,1.2550215804305218,0.1313,0.25,0.4335234601619351,0.1133,-0.3236,0.6931,0.3696
15,fork_trap,medium,rsa_obs_s1_trust,False,False,5,3,1,False,1,1.2550215804305218,0.1313,0.25,0.4335234601619351,0.1133,-0.3236,0.6931,0.3696
16,fork_trap,medium,rsa_obs_s1_trust,False,False,3,1,1,False,1,1.2550215804305218,0.1313,0.25,0.4335234601619351,0.1133,-0.3236,0.6931,0.3696
17,fork_trap,medium,rsa_obs_s1_trust,False,False,6,4,1,False,1,1.2550215804305218,0.1313,0.25,0.4335234601619351,0.1133,-0.3236,0.6931,0.3696
18,fork_trap,medium,rsa_obs_s1_trust,False,False,5,3,1,False,1,1.2550215804305218,0.1313,0.25,0.4335234601619351,0.1133,-0.3236,0.6931,0.3696
19,fork_trap,medium,rsa_obs_s1_trust,False,False,6,4,1,False,1,1.2550215804305218,0.1313,0.25,0.4335234601619351,0.1133,-0.3236,0.6931,0.3696
20,fork_trap,medium,rsa_obs_s1_trust,False,False,4,2,1,False,1,1.2550215804305218,0.1313,0.25,0.4335234601619351,0.1133,-0.3236,0.6931,0.3696
21,fork_trap,medium,rsa_obs_s1_trust,False,False,3,1,1,False,1,1.2550215804305218,0.1313,0.25,0.4335234601619351,0.1133,-0.3236,0.6931,0.3696
22,fork_trap,medium,rsa_obs_s1_trust,False,False,5,3,1,False,1,1.2550215804305218,0.1313,0.25,0.4335234601619351,0.1133,-0.3236,0.6931,0.3696
23,fork_trap,medium,rsa_obs_s1_trust,False,False,5,3,1,False,1,1.2550215804305218,0.1313,0.25,0.4335234601619351,0.1133,-0.3236,0.6931,0.3696
24,fork_trap,medium,rsa_obs_s1_trust,False,False,5,3,1,False,1,1.2550215804305218,0.1313,0.25,0.4335234601619351,0.1133,-0.3236,0.6931,0.3696
25,fork_trap,medium,rsa_obs_s1_trust,False,False,5,3,1,False,1,1.2550215804305218,0.1313,0.25,0.4335234601619351,0.1133,-0.3236,0.6931,0.3696
26,fork_trap,medium,rsa_obs_s1_trust,False,False,5,3,1,False,1,1.2550215804305218,0.1313,0.25,0.4335234601619351,0.1133,-0.3236,0.6931,0.3696
27,fork_trap,medium,rsa_obs_s1_trust,False,False,4,2,1,False,1,1.2550215804305218,0.1313,0.25,0.4335234601619351,0.1133,-0.3236,0.6931,0.3696
28,fork_trap,medium,rsa_obs_s1_trust,False,False,5,3,1,False,1,1.2550215804305218,0.1313,0.25,0.4335234601619351,0.1133,-0.3236,0.6931,0.3696
29,fork_trap,medium,rsa_obs_s1_trust,False,False,5,3,1,False,1,1.2550215804305218,0.1313,0.25,0.4335234601619351,0.1133,-0.3236,0.6931,0.3696
30,fork_trap,medium,rsa_obs_s1_trust,False,False,3,1,1,False,1,1.2550215804305218,0.1313,0.25,0.4335234601619351,0.1133,-0.3236,0.6931,0.3696
31,fork_trap,medium,rsa_obs_s1_trust,False,False,5,3,1,False,1,1.2550215804305218,0.1313,0.25,0.4335234601619351,0.1133,-0.3236,0.6931,0.3696
32,fork_trap,medium,rsa_obs_s1_trust,False,False,4,2,1,False,1,1.2550215804305218,0.1313,0.25,0.4335234601619351,0.1133,-0.3236,0.6931,0.3696
33,fork_trap,medium,rsa_obs_s1_trust,False,False,5,3,1,False,1,1.2550215804305218,0.1313,0.25,0.4335234601619351,0.1133,-0.3236,0.6931,0.3696
34,fork_trap,medium,rsa_obs_s1_trust,False,False,3,1,1,False,1,1.2550215804305218,0.1313,0.25,0.4335234601619351,0.1133,-0.3236,0.6931,0.3696
35,fork_trap,medium,rsa_obs_s1_trust,False,False,3,1,1,False,1,1.2550215804305218,0.1313,0.25,0.4335234601619351,0.1133,-0.3236,0.6931,0.3696
36,fork_trap,medium,rsa_obs_s1_trust,False,False,5,3,1,False,1,1.2550215804305218,0.1313,0.25,0.4335234601619351,0.1133,-0.3236,0.6931,0.3696
37,fork_trap,medium,rsa_obs_s1_trust,False,False,3,1,1,False,1,1.2550215804305218,0.1313,0.25,0.4335234601619351,0.1133,-0.3236,0.6931,0.3696
38,fork_trap,medium,rsa_obs_s1_trust,False,False,5,3,1,False,1,1.2550215804305218,0.1313,0.25,0.4335234601619351,0.1133,-0.3236,0.6931,0.3696
39,fork_trap,medium,rsa_obs_s1_trust,False,False,5,3,1,False,1,1.2550215804305218,0.1313,0.25,0.4335234601619351,0.1133,-0.3236,0.6931,0.3696
40,fork_trap,medium,rsa_obs_s1_trust,False,False,5,3,1,False,1,1.2550215804305218,0.1313,0.25,0.4335234601619351,0.1133,-0.3236,0.6931,0.3696
41,fork_trap,medium,rsa_obs_s1_trust,False,False,3,1,1,False,1,1.2550215804305218,0.1313,0.25,0.4335234601619351,0.1133,-0.3236,0.6931,0.3696
42,fork_trap,medium,rsa_obs_s1_trust,False,False,3,1,1,False,1,1.2550215804305218,0.1313,0.25,0.4335234601619351,0.1133,-0.3236,0.6931,0.3696
43,fork_trap,medium,rsa_obs_s1_trust,False,False,4,2,1,False,1,1.2550215804305218,0.1313,0.25,0.4335234601619351,0.1133,-0.3236,0.6931,0.3696
44,fork_trap,medium,rsa_obs_s1_trust,False,False,5,3,1,False,1,1.2550215804305218,0.1313,0.25,0.4335234601619351,0.1133,-0.3236,0.6931,0.3696
45,fork_trap,medium,rsa_obs_s1_trust,False,False,5,3,1,False,1,1.2550215804305218,0.1313,0.25,0.4335234601619351,0.1133,-0.3236,0.6931,0.3696
46,fork_trap,medium,rsa_obs_s1_trust,False,False,5,3,1,False,1,1.2550215804305218,0.1313,0.25,0.4335234601619351,0.1133,-0.3236,0.6931,0.3696
47,fork_trap,medium,rsa_obs_s1_trust,True,True,9,4,1,False,1,1.2550215804305218,0.1313,0.25,0.4335234601619351,0.1133,-0.3236,0.6931,0.3696
48,fork_trap,medium,rsa_obs_s1_trust,False,False,5,3,1,False,1,1.2550215804305218,0.1313,0.25,0.4335234601619351,0.1133,-0.3236,0.6931,0.3696
49,fork_trap,medium,rsa_obs_s1_trust,False,False,5,3,1,False,1,1.2550215804305218,0.1313,0.25,0.4335234601619351,0.1133,-0.3236,0.6931,0.3696
0,fork_trap,medium,rsa_plus_phase10,False,False,3,1,1,False,1,0.6989234189833419,0.6874,0.25,0.7695345137374588,0.2921,-0.5547,0.6931,0.1385
1,fork_trap,medium,rsa_plus_phase10,False,False,5,3,1,False,1,0.6989234189833419,0.6874,0.25,0.7695345137374588,0.2921,-0.5547,0.6931,0.1385
2,fork_trap,medium,rsa_plus_phase10,False,False,5,3,1,False,1,0.6989234189833419,0.6874,0.25,0.7695345137374588,0.2921,-0.5547,0.6931,0.1385
3,fork_trap,medium,rsa_plus_phase10,False,False,5,3,1,False,1,0.6989234189833419,0.6874,0.25,0.7695345137374588,0.2921,-0.5547,0.6931,0.1385
4,fork_trap,medium,rsa_plus_phase10,False,False,5,3,1,False,1,0.6989234189833419,0.6874,0.25,0.7695345137374588,0.2921,-0.5547,0.6931,0.1385
5,fork_trap,medium,rsa_plus_phase10,False,False,5,3,1,False,1,0.6989234189833419,0.6874,0.25,0.7695345137374588,0.2921,-0.5547,0.6931,0.1385
6,fork_trap,medium,rsa_plus_phase10,False,False,3,1,1,False,1,0.6989234189833419,0.6874,0.25,0.7695345137374588,0.2921,-0.5547,0.6931,0.1385
7,fork_trap,medium,rsa_plus_phase10,False,False,5,3,1,False,1,0.6989234189833419,0.6874,0.25,0.7695345137374588,0.2921,-0.5547,0.6931,0.1385
8,fork_trap,medium,rsa_plus_phase10,False,False,3,1,1,False,1,0.6989234189833419,0.6874,0.25,0.7695345137374588,0.2921,-0.5547,0.6931,0.1385
9,fork_trap,medium,rsa_plus_phase10,False,False,6,4,1,False,1,0.6989234189833419,0.6874,0.25,0.7695345137374588,0.2921,-0.5547,0.6931,0.1385
10,fork_trap,medium,rsa_plus_phase10,True,True,9,4,1,False,1,0.6989234189833419,0.6874,0.25,0.7695345137374588,0.2921,-0.5547,0.6931,0.1385
11,fork_trap,medium,rsa_plus_phase10,False,False,3,1,1,False,1,0.6989234189833419,0.6874,0.25,0.7695345137374588,0.2921,-0.5547,0.6931,0.1385
12,fork_trap,medium,rsa_plus_phase10,False,False,4,2,1,False,1,0.6989234189833419,0.6874,0.25,0.7695345137374588,0.2921,-0.5547,0.6931,0.1385
13,fork_trap,medium,rsa_plus_phase10,False,False,4,2,1,False,1,0.6989234189833419,0.6874,0.25,0.7695345137374588,0.2921,-0.5547,0.6931,0.1385
14,fork_trap,medium,rsa_plus_phase10,False,False,4,2,1,False,1,0.6989234189833419,0.6874,0.25,0.7695345137374588,0.2921,-0.5547,0.6931,0.1385
15,fork_trap,medium,rsa_plus_phase10,False,False,5,3,1,False,1,0.6989234189833419,0.6874,0.25,0.7695345137374588,0.2921,-0.5547,0.6931,0.1385
16,fork_trap,medium,rsa_plus_phase10,False,False,3,1,1,False,1,0.6989234189833419,0.6874,0.25,0.7695345137374588,0.2921,-0.5547,0.6931,0.1385
17,fork_trap,medium,rsa_plus_phase10,False,False,6,4,1,False,1,0.6989234189833419,0.6874,0.25,0.7695345137374588,0.2921,-0.5547,0.6931,0.1385
18,fork_trap,medium,rsa_plus_phase10,False,False,5,3,1,False,1,0.6989234189833419,0.6874,0.25,0.7695345137374588,0.2921,-0.5547,0.6931,0.1385
19,fork_trap,medium,rsa_plus_phase10,False,False,6,4,1,False,1,0.6989234189833419,0.6874,0.25,0.7695345137374588,0.2921,-0.5547,0.6931,0.1385
20,fork_trap,medium,rsa_plus_phase10,False,False,4,2,1,False,1,0.6989234189833419,0.6874,0.25,0.7695345137374588,0.2921,-0.5547,0.6931,0.1385
21,fork_trap,medium,rsa_plus_phase10,False,False,3,1,1,False,1,0.6989234189833419,0.6874,0.25,0.7695345137374588,0.2921,-0.5547,0.6931,0.1385
22,fork_trap,medium,rsa_plus_phase10,False,False,5,3,1,False,1,0.6989234189833419,0.6874,0.25,0.7695345137374588,0.2921,-0.5547,0.6931,0.1385
23,fork_trap,medium,rsa_plus_phase10,False,False,5,3,1,False,1,0.6989234189833419,0.6874,0.25,0.7695345137374588,0.2921,-0.5547,0.6931,0.1385
24,fork_trap,medium,rsa_plus_phase10,False,False,5,3,1,False,1,0.6989234189833419,0.6874,0.25,0.7695345137374588,0.2921,-0.5547,0.6931,0.1385
25,fork_trap,medium,rsa_plus_phase10,False,False,5,3,1,False,1,0.6989234189833419,0.6874,0.25,0.7695345137374588,0.2921,-0.5547,0.6931,0.1385
26,fork_trap,medium,rsa_plus_phase10,False,False,5,3,1,False,1,0.6989234189833419,0.6874,0.25,0.7695345137374588,0.2921,-0.5547,0.6931,0.1385
27,fork_trap,medium,rsa_plus_phase10,False,False,4,2,1,False,1,0.6989234189833419,0.6874,0.25,0.7695345137374588,0.2921,-0.5547,0.6931,0.1385
28,fork_trap,medium,rsa_plus_phase10,False,False,5,3,1,False,1,0.6989234189833419,0.6874,0.25,0.7695345137374588,0.2921,-0.5547,0.6931,0.1385
29,fork_trap,medium,rsa_plus_phase10,False,False,5,3,1,False,1,0.6989234189833419,0.6874,0.25,0.7695345137374588,0.2921,-0.5547,0.6931,0.1385
30,fork_trap,medium,rsa_plus_phase10,False,False,3,1,1,False,1,0.6989234189833419,0.6874,0.25,0.7695345137374588,0.2921,-0.5547,0.6931,0.1385
31,fork_trap,medium,rsa_plus_phase10,False,False,5,3,1,False,1,0.6989234189833419,0.6874,0.25,0.7695345137374588,0.2921,-0.5547,0.6931,0.1385
32,fork_trap,medium,rsa_plus_phase10,False,False,4,2,1,False,1,0.6989234189833419,0.6874,0.25,0.7695345137374588,0.2921,-0.5547,0.6931,0.1385
33,fork_trap,medium,rsa_plus_phase10,False,False,5,3,1,False,1,0.6989234189833419,0.6874,0.25,0.7695345137374588,0.2921,-0.5547,0.6931,0.1385
34,fork_trap,medium,rsa_plus_phase10,False,False,3,1,1,False,1,0.6989234189833419,0.6874,0.25,0.7695345137374588,0.2921,-0.5547,0.6931,0.1385
35,fork_trap,medium,rsa_plus_phase10,False,False,3,1,1,False,1,0.6989234189833419,0.6874,0.25,0.7695345137374588,0.2921,-0.5547,0.6931,0.1385
36,fork_trap,medium,rsa_plus_phase10,False,False,5,3,1,False,1,0.6989234189833419,0.6874,0.25,0.7695345137374588,0.2921,-0.5547,0.6931,0.1385
37,fork_trap,medium,rsa_plus_phase10,False,False,3,1,1,False,1,0.6989234189833419,0.6874,0.25,0.7695345137374588,0.2921,-0.5547,0.6931,0.1385
38,fork_trap,medium,rsa_plus_phase10,False,False,5,3,1,False,1,0.6989234189833419,0.6874,0.25,0.7695345137374588,0.2921,-0.5547,0.6931,0.1385
39,fork_trap,medium,rsa_plus_phase10,False,False,5,3,1,False,1,0.6989234189833419,0.6874,0.25,0.7695345137374588,0.2921,-0.5547,0.6931,0.1385
40,fork_trap,medium,rsa_plus_phase10,False,False,5,3,1,False,1,0.6989234189833419,0.6874,0.25,0.7695345137374588,0.2921,-0.5547,0.6931,0.1385
41,fork_trap,medium,rsa_plus_phase10,False,False,3,1,1,False,1,0.6989234189833419,0.6874,0.25,0.7695345137374588,0.2921,-0.5547,0.6931,0.1385
42,fork_trap,medium,rsa_plus_phase10,False,False,3,1,1,False,1,0.6989234189833419,0.6874,0.25,0.7695345137374588,0.2921,-0.5547,0.6931,0.1385
43,fork_trap,medium,rsa_plus_phase10,False,False,4,2,1,False,1,0.6989234189833419,0.6874,0.25,0.7695345137374588,0.2921,-0.5547,0.6931,0.1385
44,fork_trap,medium,rsa_plus_phase10,False,False,5,3,1,False,1,0.6989234189833419,0.6874,0.25,0.7695345137374588,0.2921,-0.5547,0.6931,0.1385
45,fork_trap,medium,rsa_plus_phase10,False,False,5,3,1,False,1,0.6989234189833419,0.6874,0.25,0.7695345137374588,0.2921,-0.5547,0.6931,0.1385
46,fork_trap,medium,rsa_plus_phase10,False,False,5,3,1,False,1,0.6989234189833419,0.6874,0.25,0.7695345137374588,0.2921,-0.5547,0.6931,0.1385
47,fork_trap,medium,rsa_plus_phase10,True,True,9,4,1,False,1,0.6989234189833419,0.6874,0.25,0.7695345137374588,0.2921,-0.5547,0.6931,0.1385
48,fork_trap,medium,rsa_plus_phase10,False,False,5,3,1,False,1,0.6989234189833419,0.6874,0.25,0.7695345137374588,0.2921,-0.5547,0.6931,0.1385
49,fork_trap,medium,rsa_plus_phase10,False,False,5,3,1,False,1,0.6989234189833419,0.6874,0.25,0.7695345137374588,0.2921,-0.5547,0.6931,0.1385
0,fork_trap,hard,legacy_bias,False,False,3,1,1,False,0,0.0,0.0,0.25,0.25,0.0,-0.6409,0.6931,0.0523
1,fork_trap,hard,legacy_bias,True,True,12,0,1,True,0,0.0,0.0,0.25,0.25,0.0,-0.6409,0.6931,0.0523
2,fork_trap,hard,legacy_bias,True,True,12,3,1,False,0,0.0,0.0,0.25,0.25,0.0,-0.6409,0.6931,0.0523
3,fork_trap,hard,legacy_bias,True,True,12,3,1,False,0,0.0,0.0,0.25,0.25,0.0,-0.6409,0.6931,0.0523
4,fork_trap,hard,legacy_bias,False,False,8,2,1,False,0,0.0,0.0,0.25,0.25,0.0,-0.6409,0.6931,0.0523
5,fork_trap,hard,legacy_bias,False,False,8,2,1,False,0,0.0,0.0,0.25,0.25,0.0,-0.6409,0.6931,0.0523
6,fork_trap,hard,legacy_bias,True,True,12,0,1,True,0,0.0,0.0,0.25,0.25,0.0,-0.6409,0.6931,0.0523
7,fork_trap,hard,legacy_bias,False,False,8,2,1,False,0,0.0,0.0,0.25,0.25,0.0,-0.6409,0.6931,0.0523
8,fork_trap,hard,legacy_bias,False,False,9,3,1,False,0,0.0,0.0,0.25,0.25,0.0,-0.6409,0.6931,0.0523
9,fork_trap,hard,legacy_bias,True,True,12,0,1,True,0,0.0,0.0,0.25,0.25,0.0,-0.6409,0.6931,0.0523
10,fork_trap,hard,legacy_bias,True,True,12,3,1,False,0,0.0,0.0,0.25,0.25,0.0,-0.6409,0.6931,0.0523
11,fork_trap,hard,legacy_bias,True,True,12,0,1,True,0,0.0,0.0,0.25,0.25,0.0,-0.6409,0.6931,0.0523
12,fork_trap,hard,legacy_bias,False,False,8,2,1,False,0,0.0,0.0,0.25,0.25,0.0,-0.6409,0.6931,0.0523
13,fork_trap,hard,legacy_bias,False,False,8,2,1,False,0,0.0,0.0,0.25,0.25,0.0,-0.6409,0.6931,0.0523
14,fork_trap,hard,legacy_bias,True,True,12,0,1,True,0,0.0,0.0,0.25,0.25,0.0,-0.6409,0.6931,0.0523
15,fork_trap,hard,legacy_bias,False,False,8,2,1,False,0,0.0,0.0,0.25,0.25,0.0,-0.6409,0.6931,0.0523
16,fork_trap,hard,legacy_bias,False,False,3,1,1,False,0,0.0,0.0,0.25,0.25,0.0,-0.6409,0.6931,0.0523
17,fork_trap,hard,legacy_bias,False,False,3,1,1,False,0,0.0,0.0,0.25,0.25,0.0,-0.6409,0.6931,0.0523
18,fork_trap,hard,legacy_bias,False,False,9,3,1,False,0,0.0,0.0,0.25,0.25,0.0,-0.6409,0.6931,0.0523
19,fork_trap,hard,legacy_bias,False,False,8,2,1,False,0,0.0,0.0,0.25,0.25,0.0,-0.6409,0.6931,0.0523
20,fork_trap,hard,legacy_bias,True,True,12,3,1,False,0,0.0,0.0,0.25,0.25,0.0,-0.6409,0.6931,0.0523
21,fork_trap,hard,legacy_bias,True,True,12,0,1,True,0,0.0,0.0,0.25,0.25,0.0,-0.6409,0.6931,0.0523
22,fork_trap,hard,legacy_bias,False,False,8,2,1,False,0,0.0,0.0,0.25,0.25,0.0,-0.6409,0.6931,0.0523
23,fork_trap,hard,legacy_bias,True,True,12,0,1,True,0,0.0,0.0,0.25,0.25,0.0,-0.6409,0.6931,0.0523
24,fork_trap,hard,legacy_bias,True,True,12,0,1,True,0,0.0,0.0,0.25,0.25,0.0,-0.6409,0.6931,0.0523
25,fork_trap,hard,legacy_bias,False,False,8,2,1,False,0,0.0,0.0,0.25,0.25,0.0,-0.6409,0.6931,0.0523
26,fork_trap,hard,legacy_bias,False,False,8,2,1,False,0,0.0,0.0,0.25,0.25,0.0,-0.6409,0.6931,0.0523
27,fork_trap,hard,legacy_bias,True,True,12,0,1,True,0,0.0,0.0,0.25,0.25,0.0,-0.6409,0.6931,0.0523
28,fork_trap,hard,legacy_bias,False,False,8,2,1,False,0,0.0,0.0,0.25,0.25,0.0,-0.6409,0.6931,0.0523
29,fork_trap,hard,legacy_bias,False,False,8,2,1,False,0,0.0,0.0,0.25,0.25,0.0,-0.6409,0.6931,0.0523
30,fork_trap,hard,legacy_bias,True,True,12,0,1,True,0,0.0,0.0,0.25,0.25,0.0,-0.6409,0.6931,0.0523
31,fork_trap,hard,legacy_bias,False,False,8,2,1,False,0,0.0,0.0,0.25,0.25,0.0,-0.6409,0.6931,0.0523
32,fork_trap,hard,legacy_bias,False,False,8,2,1,False,0,0.0,0.0,0.25,0.25,0.0,-0.6409,0.6931,0.0523
33,fork_trap,hard,legacy_bias,False,False,8,2,1,False,0,0.0,0.0,0.25,0.25,0.0,-0.6409,0.6931,0.0523
34,fork_trap,hard,legacy_bias,True,True,12,0,1,True,0,0.0,0.0,0.25,0.25,0.0,-0.6409,0.6931,0.0523
35,fork_trap,hard,legacy_bias,True,True,12,0,1,True,0,0.0,0.0,0.25,0.25,0.0,-0.6409,0.6931,0.0523
36,fork_trap,hard,legacy_bias,True,True,12,0,1,True,0,0.0,0.0,0.25,0.25,0.0,-0.6409,0.6931,0.0523
37,fork_trap,hard,legacy_bias,True,True,12,0,1,True,0,0.0,0.0,0.25,0.25,0.0,-0.6409,0.6931,0.0523
38,fork_trap,hard,legacy_bias,True,True,12,0,1,True,0,0.0,0.0,0.25,0.25,0.0,-0.6409,0.6931,0.0523
39,fork_trap,hard,legacy_bias,False,False,8,2,1,False,0,0.0,0.0,0.25,0.25,0.0,-0.6409,0.6931,0.0523
40,fork_trap,hard,legacy_bias,True,True,12,3,1,False,0,0.0,0.0,0.25,0.25,0.0,-0.6409,0.6931,0.0523
41,fork_trap,hard,legacy_bias,False,False,3,1,1,False,0,0.0,0.0,0.25,0.25,0.0,-0.6409,0.6931,0.0523
42,fork_trap,hard,legacy_bias,True,True,12,0,1,True,0,0.0,0.0,0.25,0.25,0.0,-0.6409,0.6931,0.0523
43,fork_trap,hard,legacy_bias,False,False,8,2,1,False,0,0.0,0.0,0.25,0.25,0.0,-0.6409,0.6931,0.0523
44,fork_trap,hard,legacy_bias,False,False,8,2,1,False,0,0.0,0.0,0.25,0.25,0.0,-0.6409,0.6931,0.0523
45,fork_trap,hard,legacy_bias,False,False,8,2,1,False,0,0.0,0.0,0.25,0.25,0.0,-0.6409,0.6931,0.0523
46,fork_trap,hard,legacy_bias,False,False,9,3,1,False,0,0.0,0.0,0.25,0.25,0.0,-0.6409,0.6931,0.0523
47,fork_trap,hard,legacy_bias,True,True,12,0,1,True,0,0.0,0.0,0.25,0.25,0.0,-0.6409,0.6931,0.0523
48,fork_trap,hard,legacy_bias,True,True,12,0,1,True,0,0.0,0.0,0.25,0.25,0.0,-0.6409,0.6931,0.0523
49,fork_trap,hard,legacy_bias,True,True,12,0,1,True,0,0.0,0.0,0.25,0.25,0.0,-0.6409,0.6931,0.0523
0,fork_trap,hard,rsa_obs_l0,False,False,3,1,1,False,1,0.8038857373903147,0.5824,0.25,0.7417407204913656,0.3104,-0.5661,0.6931,0.1271
1,fork_trap,hard,rsa_obs_l0,True,True,12,0,1,True,1,0.8038857373903147,0.5824,0.25,0.7417407204913656,0.3104,-0.5661,0.6931,0.1271
2,fork_trap,hard,rsa_obs_l0,False,False,6,4,1,False,1,0.8038857373903147,0.5824,0.25,0.7417407204913656,0.3104,-0.5661,0.6931,0.1271
3,fork_trap,hard,rsa_obs_l0,False,False,7,5,1,False,1,0.8038857373903147,0.5824,0.25,0.7417407204913656,0.3104,-0.5661,0.6931,0.1271
4,fork_trap,hard,rsa_obs_l0,False,False,4,2,1,False,1,0.8038857373903147,0.5824,0.25,0.7417407204913656,0.3104,-0.5661,0.6931,0.1271
5,fork_trap,hard,rsa_obs_l0,False,False,5,3,1,False,1,0.8038857373903147,0.5824,0.25,0.7417407204913656,0.3104,-0.5661,0.6931,0.1271
6,fork_trap,hard,rsa_obs_l0,True,True,12,0,1,True,1,0.8038857373903147,0.5824,0.25,0.7417407204913656,0.3104,-0.5661,0.6931,0.1271
7,fork_trap,hard,rsa_obs_l0,False,False,6,4,1,False,1,0.8038857373903147,0.5824,0.25,0.7417407204913656,0.3104,-0.5661,0.6931,0.1271
8,fork_trap,hard,rsa_obs_l0,True,True,10,5,1,False,1,0.8038857373903147,0.5824,0.25,0.7417407204913656,0.3104,-0.5661,0.6931,0.1271
9,fork_trap,hard,rsa_obs_l0,True,True,12,0,1,True,1,0.8038857373903147,0.5824,0.25,0.7417407204913656,0.3104,-0.5661,0.6931,0.1271
10,fork_trap,hard,rsa_obs_l0,False,False,7,5,1,False,1,0.8038857373903147,0.5824,0.25,0.7417407204913656,0.3104,-0.5661,0.6931,0.1271
11,fork_trap,hard,rsa_obs_l0,True,True,12,0,1,True,1,0.8038857373903147,0.5824,0.25,0.7417407204913656,0.3104,-0.5661,0.6931,0.1271
12,fork_trap,hard,rsa_obs_l0,False,False,4,2,1,False,1,0.8038857373903147,0.5824,0.25,0.7417407204913656,0.3104,-0.5661,0.6931,0.1271
13,fork_trap,hard,rsa_obs_l0,False,False,4,2,1,False,1,0.8038857373903147,0.5824,0.25,0.7417407204913656,0.3104,-0.5661,0.6931,0.1271
14,fork_trap,hard,rsa_obs_l0,True,True,12,0,1,True,1,0.8038857373903147,0.5824,0.25,0.7417407204913656,0.3104,-0.5661,0.6931,0.1271
15,fork_trap,hard,rsa_obs_l0,False,False,5,3,1,False,1,0.8038857373903147,0.5824,0.25,0.7417407204913656,0.3104,-0.5661,0.6931,0.1271
16,fork_trap,hard,rsa_obs_l0,False,False,3,1,1,False,1,0.8038857373903147,0.5824,0.25,0.7417407204913656,0.3104,-0.5661,0.6931,0.1271
17,fork_trap,hard,rsa_obs_l0,False,False,3,1,1,False,1,0.8038857373903147,0.5824,0.25,0.7417407204913656,0.3104,-0.5661,0.6931,0.1271
18,fork_trap,hard,rsa_obs_l0,False,False,6,4,1,False,1,0.8038857373903147,0.5824,0.25,0.7417407204913656,0.3104,-0.5661,0.6931,0.1271
19,fork_trap,hard,rsa_obs_l0,False,False,6,4,1,False,1,0.8038857373903147,0.5824,0.25,0.7417407204913656,0.3104,-0.5661,0.6931,0.1271
20,fork_trap,hard,rsa_obs_l0,False,False,4,2,1,False,1,0.8038857373903147,0.5824,0.25,0.7417407204913656,0.3104,-0.5661,0.6931,0.1271
21,fork_trap,hard,rsa_obs_l0,True,True,12,0,1,True,1,0.8038857373903147,0.5824,0.25,0.7417407204913656,0.3104,-0.5661,0.6931,0.1271
22,fork_trap,hard,rsa_obs_l0,False,False,6,4,1,False,1,0.8038857373903147,0.5824,0.25,0.7417407204913656,0.3104,-0.5661,0.6931,0.1271
23,fork_trap,hard,rsa_obs_l0,True,True,12,0,1,True,1,0.8038857373903147,0.5824,0.25,0.7417407204913656,0.3104,-0.5661,0.6931,0.1271
24,fork_trap,hard,rsa_obs_l0,True,True,12,0,1,True,1,0.8038857373903147,0.5824,0.25,0.7417407204913656,0.3104,-0.5661,0.6931,0.1271
25,fork_trap,hard,rsa_obs_l0,True,True,10,5,1,False,1,0.8038857373903147,0.5824,0.25,0.7417407204913656,0.3104,-0.5661,0.6931,0.1271
26,fork_trap,hard,rsa_obs_l0,False,False,4,2,1,False,1,0.8038857373903147,0.5824,0.25,0.7417407204913656,0.3104,-0.5661,0.6931,0.1271
27,fork_trap,hard,rsa_obs_l0,True,True,12,0,1,True,1,0.8038857373903147,0.5824,0.25,0.7417407204913656,0.3104,-0.5661,0.6931,0.1271
28,fork_trap,hard,rsa_obs_l0,False,False,5,3,1,False,1,0.8038857373903147,0.5824,0.25,0.7417407204913656,0.3104,-0.5661,0.6931,0.1271
29,fork_trap,hard,rsa_obs_l0,True,True,10,5,1,False,1,0.8038857373903147,0.5824,0.25,0.7417407204913656,0.3104,-0.5661,0.6931,0.1271
30,fork_trap,hard,rsa_obs_l0,True,True,12,0,1,True,1,0.8038857373903147,0.5824,0.25,0.7417407204913656,0.3104,-0.5661,0.6931,0.1271
31,fork_trap,hard,rsa_obs_l0,False,False,6,4,1,False,1,0.8038857373903147,0.5824,0.25,0.7417407204913656,0.3104,-0.5661,0.6931,0.1271
32,fork_trap,hard,rsa_obs_l0,False,False,4,2,1,False,1,0.8038857373903147,0.5824,0.25,0.7417407204913656,0.3104,-0.5661,0.6931,0.1271
33,fork_trap,hard,rsa_obs_l0,True,True,10,5,1,False,1,0.8038857373903147,0.5824,0.25,0.7417407204913656,0.3104,-0.5661,0.6931,0.1271
34,fork_trap,hard,rsa_obs_l0,True,True,12,0,1,True,1,0.8038857373903147,0.5824,0.25,0.7417407204913656,0.3104,-0.5661,0.6931,0.1271
35,fork_trap,hard,rsa_obs_l0,True,True,12,0,1,True,1,0.8038857373903147,0.5824,0.25,0.7417407204913656,0.3104,-0.5661,0.6931,0.1271
36,fork_trap,hard,rsa_obs_l0,True,True,12,0,1,True,1,0.8038857373903147,0.5824,0.25,0.7417407204913656,0.3104,-0.5661,0.6931,0.1271
37,fork_trap,hard,rsa_obs_l0,True,True,12,0,1,True,1,0.8038857373903147,0.5824,0.25,0.7417407204913656,0.3104,-0.5661,0.6931,0.1271
38,fork_trap,hard,rsa_obs_l0,True,True,12,0,1,True,1,0.8038857373903147,0.5824,0.25,0.7417407204913656,0.3104,-0.5661,0.6931,0.1271
39,fork_trap,hard,rsa_obs_l0,False,False,5,3,1,False,1,0.8038857373903147,0.5824,0.25,0.7417407204913656,0.3104,-0.5661,0.6931,0.1271
40,fork_trap,hard,rsa_obs_l0,False,False,4,2,1,False,1,0.8038857373903147,0.5824,0.25,0.7417407204913656,0.3104,-0.5661,0.6931,0.1271
41,fork_trap,hard,rsa_obs_l0,False,False,3,1,1,False,1,0.8038857373903147,0.5824,0.25,0.7417407204913656,0.3104,-0.5661,0.6931,0.1271
42,fork_trap,hard,rsa_obs_l0,True,True,12,0,1,True,1,0.8038857373903147,0.5824,0.25,0.7417407204913656,0.3104,-0.5661,0.6931,0.1271
43,fork_trap,hard,rsa_obs_l0,False,False,4,2,1,False,1,0.8038857373903147,0.5824,0.25,0.7417407204913656,0.3104,-0.5661,0.6931,0.1271
44,fork_trap,hard,rsa_obs_l0,False,False,5,3,1,False,1,0.8038857373903147,0.5824,0.25,0.7417407204913656,0.3104,-0.5661,0.6931,0.1271
45,fork_trap,hard,rsa_obs_l0,True,True,10,5,1,False,1,0.8038857373903147,0.5824,0.25,0.7417407204913656,0.3104,-0.5661,0.6931,0.1271
46,fork_trap,hard,rsa_obs_l0,False,False,7,5,1,False,1,0.8038857373903147,0.5824,0.25,0.7417407204913656,0.3104,-0.5661,0.6931,0.1271
47,fork_trap,hard,rsa_obs_l0,True,True,12,0,1,True,1,0.8038857373903147,0.5824,0.25,0.7417407204913656,0.3104,-0.5661,0.6931,0.1271
48,fork_trap,hard,rsa_obs_l0,True,True,12,0,1,True,1,0.8038857373903147,0.5824,0.25,0.7417407204913656,0.3104,-0.5661,0.6931,0.1271
49,fork_trap,hard,rsa_obs_l0,True,True,12,0,1,True,1,0.8038857373903147,0.5824,0.25,0.7417407204913656,0.3104,-0.5661,0.6931,0.1271
0,fork_trap,hard,rsa_obs_s1,False,False,3,1,1,False,1,0.6989234189833419,0.6874,0.25,0.7695345137374588,0.2921,-0.5547,0.6931,0.1385
1,fork_trap,hard,rsa_obs_s1,True,True,12,0,1,True,1,0.6989234189833419,0.6874,0.25,0.7695345137374588,0.2921,-0.5547,0.6931,0.1385
2,fork_trap,hard,rsa_obs_s1,False,False,6,4,1,False,1,0.6989234189833419,0.6874,0.25,0.7695345137374588,0.2921,-0.5547,0.6931,0.1385
3,fork_trap,hard,rsa_obs_s1,False,False,7,5,1,False,1,0.6989234189833419,0.6874,0.25,0.7695345137374588,0.2921,-0.5547,0.6931,0.1385
4,fork_trap,hard,rsa_obs_s1,False,False,4,2,1,False,1,0.6989234189833419,0.6874,0.25,0.7695345137374588,0.2921,-0.5547,0.6931,0.1385
5,fork_trap,hard,rsa_obs_s1,False,False,5,3,1,False,1,0.6989234189833419,0.6874,0.25,0.7695345137374588,0.2921,-0.5547,0.6931,0.1385
6,fork_trap,hard,rsa_obs_s1,True,True,12,0,1,True,1,0.6989234189833419,0.6874,0.25,0.7695345137374588,0.2921,-0.5547,0.6931,0.1385
7,fork_trap,hard,rsa_obs_s1,False,False,6,4,1,False,1,0.6989234189833419,0.6874,0.25,0.7695345137374588,0.2921,-0.5547,0.6931,0.1385
8,fork_trap,hard,rsa_obs_s1,True,True,10,5,1,False,1,0.6989234189833419,0.6874,0.25,0.7695345137374588,0.2921,-0.5547,0.6931,0.1385
9,fork_trap,hard,rsa_obs_s1,True,True,12,0,1,True,1,0.6989234189833419,0.6874,0.25,0.7695345137374588,0.2921,-0.5547,0.6931,0.1385
10,fork_trap,hard,rsa_obs_s1,False,False,7,5,1,False,1,0.6989234189833419,0.6874,0.25,0.7695345137374588,0.2921,-0.5547,0.6931,0.1385
11,fork_trap,hard,rsa_obs_s1,True,True,12,0,1,True,1,0.6989234189833419,0.6874,0.25,0.7695345137374588,0.2921,-0.5547,0.6931,0.1385
12,fork_trap,hard,rsa_obs_s1,False,False,4,2,1,False,1,0.6989234189833419,0.6874,0.25,0.7695345137374588,0.2921,-0.5547,0.6931,0.1385
13,fork_trap,hard,rsa_obs_s1,False,False,4,2,1,False,1,0.6989234189833419,0.6874,0.25,0.7695345137374588,0.2921,-0.5547,0.6931,0.1385
14,fork_trap,hard,rsa_obs_s1,True,True,12,0,1,True,1,0.6989234189833419,0.6874,0.25,0.7695345137374588,0.2921,-0.5547,0.6931,0.1385
15,fork_trap,hard,rsa_obs_s1,False,False,5,3,1,False,1,0.6989234189833419,0.6874,0.25,0.7695345137374588,0.2921,-0.5547,0.6931,0.1385
16,fork_trap,hard,rsa_obs_s1,False,False,3,1,1,False,1,0.6989234189833419,0.6874,0.25,0.7695345137374588,0.2921,-0.5547,0.6931,0.1385
17,fork_trap,hard,rsa_obs_s1,False,False,3,1,1,False,1,0.6989234189833419,0.6874,0.25,0.7695345137374588,0.2921,-0.5547,0.6931,0.1385
18,fork_trap,hard,rsa_obs_s1,False,False,6,4,1,False,1,0.6989234189833419,0.6874,0.25,0.7695345137374588,0.2921,-0.5547,0.6931,0.1385
19,fork_trap,hard,rsa_obs_s1,False,False,6,4,1,False,1,0.6989234189833419,0.6874,0.25,0.7695345137374588,0.2921,-0.5547,0.6931,0.1385
20,fork_trap,hard,rsa_obs_s1,False,False,4,2,1,False,1,0.6989234189833419,0.6874,0.25,0.7695345137374588,0.2921,-0.5547,0.6931,0.1385
21,fork_trap,hard,rsa_obs_s1,True,True,12,0,1,True,1,0.6989234189833419,0.6874,0.25,0.7695345137374588,0.2921,-0.5547,0.6931,0.1385
22,fork_trap,hard,rsa_obs_s1,False,False,6,4,1,False,1,0.6989234189833419,0.6874,0.25,0.7695345137374588,0.2921,-0.5547,0.6931,0.1385
23,fork_trap,hard,rsa_obs_s1,True,True,12,0,1,True,1,0.6989234189833419,0.6874,0.25,0.7695345137374588,0.2921,-0.5547,0.6931,0.1385
24,fork_trap,hard,rsa_obs_s1,True,True,12,0,1,True,1,0.6989234189833419,0.6874,0.25,0.7695345137374588,0.2921,-0.5547,0.6931,0.1385
25,fork_trap,hard,rsa_obs_s1,True,True,10,5,1,False,1,0.6989234189833419,0.6874,0.25,0.7695345137374588,0.2921,-0.5547,0.6931,0.1385
26,fork_trap,hard,rsa_obs_s1,False,False,4,2,1,False,1,0.6989234189833419,0.6874,0.25,0.7695345137374588,0.2921,-0.5547,0.6931,0.1385
27,fork_trap,hard,rsa_obs_s1,True,True,12,0,1,True,1,0.6989234189833419,0.6874,0.25,0.7695345137374588,0.2921,-0.5547,0.6931,0.1385
28,fork_trap,hard,rsa_obs_s1,False,False,5,3,1,False,1,0.6989234189833419,0.6874,0.25,0.7695345137374588,0.2921,-0.5547,0.6931,0.1385
29,fork_trap,hard,rsa_obs_s1,True,True,10,5,1,False,1,0.6989234189833419,0.6874,0.25,0.7695345137374588,0.2921,-0.5547,0.6931,0.1385
30,fork_trap,hard,rsa_obs_s1,True,True,12,0,1,True,1,0.6989234189833419,0.6874,0.25,0.7695345137374588,0.2921,-0.5547,0.6931,0.1385
31,fork_trap,hard,rsa_obs_s1,False,False,6,4,1,False,1,0.6989234189833419,0.6874,0.25,0.7695345137374588,0.2921,-0.5547,0.6931,0.1385
32,fork_trap,hard,rsa_obs_s1,False,False,4,2,1,False,1,0.6989234189833419,0.6874,0.25,0.7695345137374588,0.2921,-0.5547,0.6931,0.1385
33,fork_trap,hard,rsa_obs_s1,True,True,10,5,1,False,1,0.6989234189833419,0.6874,0.25,0.7695345137374588,0.2921,-0.5547,0.6931,0.1385
34,fork_trap,hard,rsa_obs_s1,True,True,12,0,1,True,1,0.6989234189833419,0.6874,0.25,0.7695345137374588,0.2921,-0.5547,0.6931,0.1385
35,fork_trap,hard,rsa_obs_s1,True,True,12,0,1,True,1,0.6989234189833419,0.6874,0.25,0.7695345137374588,0.2921,-0.5547,0.6931,0.1385
36,fork_trap,hard,rsa_obs_s1,True,True,12,0,1,True,1,0.6989234189833419,0.6874,0.25,0.7695345137374588,0.2921,-0.5547,0.6931,0.1385
37,fork_trap,hard,rsa_obs_s1,True,True,12,0,1,True,1,0.6989234189833419,0.6874,0.25,0.7695345137374588,0.2921,-0.5547,0.6931,0.1385
38,fork_trap,hard,rsa_obs_s1,True,True,12,0,1,True,1,0.6989234189833419,0.6874,0.25,0.7695345137374588,0.2921,-0.5547,0.6931,0.1385
39,fork_trap,hard,rsa_obs_s1,False,False,5,3,1,False,1,0.6989234189833419,0.6874,0.25,0.7695345137374588,0.2921,-0.5547,0.6931,0.1385
40,fork_trap,hard,rsa_obs_s1,False,False,4,2,1,False,1,0.6989234189833419,0.6874,0.25,0.7695345137374588,0.2921,-0.5547,0.6931,0.1385
41,fork_trap,hard,rsa_obs_s1,False,False,3,1,1,False,1,0.6989234189833419,0.6874,0.25,0.7695345137374588,0.2921,-0.5547,0.6931,0.1385
42,fork_trap,hard,rsa_obs_s1,True,True,12,0,1,True,1,0.6989234189833419,0.6874,0.25,0.7695345137374588,0.2921,-0.5547,0.6931,0.1385
43,fork_trap,hard,rsa_obs_s1,False,False,4,2,1,False,1,0.6989234189833419,0.6874,0.25,0.7695345137374588,0.2921,-0.5547,0.6931,0.1385
44,fork_trap,hard,rsa_obs_s1,False,False,5,3,1,False,1,0.6989234189833419,0.6874,0.25,0.7695345137374588,0.2921,-0.5547,0.6931,0.1385
45,fork_trap,hard,rsa_obs_s1,True,True,10,5,1,False,1,0.6989234189833419,0.6874,0.25,0.7695345137374588,0.2921,-0.5547,0.6931,0.1385
46,fork_trap,hard,rsa_obs_s1,False,False,7,5,1,False,1,0.6989234189833419,0.6874,0.25,0.7695345137374588,0.2921,-0.5547,0.6931,0.1385
47,fork_trap,hard,rsa_obs_s1,True,True,12,0,1,True,1,0.6989234189833419,0.6874,0.25,0.7695345137374588,0.2921,-0.5547,0.6931,0.1385
48,fork_trap,hard,rsa_obs_s1,True,True,12,0,1,True,1,0.6989234189833419,0.6874,0.25,0.7695345137374588,0.2921,-0.5547,0.6931,0.1385
49,fork_trap,hard,rsa_obs_s1,True,True,12,0,1,True,1,0.6989234189833419,0.6874,0.25,0.7695345137374588,0.2921,-0.5547,0.6931,0.1385
0,fork_trap,hard,rsa_obs_s1_trust,False,False,3,1,1,False,1,1.2550215804305218,0.1313,0.25,0.4335234601619351,0.1133,-0.3236,0.6931,0.3696
1,fork_trap,hard,rsa_obs_s1_trust,True,True,12,0,1,True,1,1.2550215804305218,0.1313,0.25,0.4335234601619351,0.1133,-0.3236,0.6931,0.3696
2,fork_trap,hard,rsa_obs_s1_trust,False,False,6,4,1,False,1,1.2550215804305218,0.1313,0.25,0.4335234601619351,0.1133,-0.3236,0.6931,0.3696
3,fork_trap,hard,rsa_obs_s1_trust,False,False,7,5,1,False,1,1.2550215804305218,0.1313,0.25,0.4335234601619351,0.1133,-0.3236,0.6931,0.3696
4,fork_trap,hard,rsa_obs_s1_trust,False,False,4,2,1,False,1,1.2550215804305218,0.1313,0.25,0.4335234601619351,0.1133,-0.3236,0.6931,0.3696
5,fork_trap,hard,rsa_obs_s1_trust,False,False,5,3,1,False,1,1.2550215804305218,0.1313,0.25,0.4335234601619351,0.1133,-0.3236,0.6931,0.3696
6,fork_trap,hard,rsa_obs_s1_trust,True,True,12,0,1,True,1,1.2550215804305218,0.1313,0.25,0.4335234601619351,0.1133,-0.3236,0.6931,0.3696
7,fork_trap,hard,rsa_obs_s1_trust,False,False,6,4,1,False,1,1.2550215804305218,0.1313,0.25,0.4335234601619351,0.1133,-0.3236,0.6931,0.3696
8,fork_trap,hard,rsa_obs_s1_trust,True,True,10,5,1,False,1,1.2550215804305218,0.1313,0.25,0.4335234601619351,0.1133,-0.3236,0.6931,0.3696
9,fork_trap,hard,rsa_obs_s1_trust,True,True,12,0,1,True,1,1.2550215804305218,0.1313,0.25,0.4335234601619351,0.1133,-0.3236,0.6931,0.3696
10,fork_trap,hard,rsa_obs_s1_trust,False,False,7,5,1,False,1,1.2550215804305218,0.1313,0.25,0.4335234601619351,0.1133,-0.3236,0.6931,0.3696
11,fork_trap,hard,rsa_obs_s1_trust,True,True,12,0,1,True,1,1.2550215804305218,0.1313,0.25,0.4335234601619351,0.1133,-0.3236,0.6931,0.3696
12,fork_trap,hard,rsa_obs_s1_trust,False,False,4,2,1,False,1,1.2550215804305218,0.1313,0.25,0.4335234601619351,0.1133,-0.3236,0.6931,0.3696
13,fork_trap,hard,rsa_obs_s1_trust,False,False,4,2,1,False,1,1.2550215804305218,0.1313,0.25,0.4335234601619351,0.1133,-0.3236,0.6931,0.3696
14,fork_trap,hard,rsa_obs_s1_trust,True,True,12,0,1,True,1,1.2550215804305218,0.1313,0.25,0.4335234601619351,0.1133,-0.3236,0.6931,0.3696
15,fork_trap,hard,rsa_obs_s1_trust,False,False,5,3,1,False,1,1.2550215804305218,0.1313,0.25,0.4335234601619351,0.1133,-0.3236,0.6931,0.3696
16,fork_trap,hard,rsa_obs_s1_trust,False,False,3,1,1,False,1,1.2550215804305218,0.1313,0.25,0.4335234601619351,0.1133,-0.3236,0.6931,0.3696
17,fork_trap,hard,rsa_obs_s1_trust,False,False,3,1,1,False,1,1.2550215804305218,0.1313,0.25,0.4335234601619351,0.1133,-0.3236,0.6931,0.3696
18,fork_trap,hard,rsa_obs_s1_trust,False,False,6,4,1,False,1,1.2550215804305218,0.1313,0.25,0.4335234601619351,0.1133,-0.3236,0.6931,0.3696
19,fork_trap,hard,rsa_obs_s1_trust,False,False,6,4,1,False,1,1.2550215804305218,0.1313,0.25,0.4335234601619351,0.1133,-0.3236,0.6931,0.3696
20,fork_trap,hard,rsa_obs_s1_trust,False,False,4,2,1,False,1,1.2550215804305218,0.1313,0.25,0.4335234601619351,0.1133,-0.3236,0.6931,0.3696
21,fork_trap,hard,rsa_obs_s1_trust,True,True,12,0,1,True,1,1.2550215804305218,0.1313,0.25,0.4335234601619351,0.1133,-0.3236,0.6931,0.3696
22,fork_trap,hard,rsa_obs_s1_trust,False,False,6,4,1,False,1,1.2550215804305218,0.1313,0.25,0.4335234601619351,0.1133,-0.3236,0.6931,0.3696
23,fork_trap,hard,rsa_obs_s1_trust,True,True,12,0,1,True,1,1.2550215804305218,0.1313,0.25,0.4335234601619351,0.1133,-0.3236,0.6931,0.3696
24,fork_trap,hard,rsa_obs_s1_trust,True,True,12,0,1,True,1,1.2550215804305218,0.1313,0.25,0.4335234601619351,0.1133,-0.3236,0.6931,0.3696
25,fork_trap,hard,rsa_obs_s1_trust,True,True,10,5,1,False,1,1.2550215804305218,0.1313,0.25,0.4335234601619351,0.1133,-0.3236,0.6931,0.3696
26,fork_trap,hard,rsa_obs_s1_trust,False,False,4,2,1,False,1,1.2550215804305218,0.1313,0.25,0.4335234601619351,0.1133,-0.3236,0.6931,0.3696
27,fork_trap,hard,rsa_obs_s1_trust,True,True,12,0,1,True,1,1.2550215804305218,0.1313,0.25,0.4335234601619351,0.1133,-0.3236,0.6931,0.3696
28,fork_trap,hard,rsa_obs_s1_trust,False,False,5,3,1,False,1,1.2550215804305218,0.1313,0.25,0.4335234601619351,0.1133,-0.3236,0.6931,0.3696
29,fork_trap,hard,rsa_obs_s1_trust,True,True,10,5,1,False,1,1.2550215804305218,0.1313,0.25,0.4335234601619351,0.1133,-0.3236,0.6931,0.3696
30,fork_trap,hard,rsa_obs_s1_trust,True,True,12,0,1,True,1,1.2550215804305218,0.1313,0.25,0.4335234601619351,0.1133,-0.3236,0.6931,0.3696
31,fork_trap,hard,rsa_obs_s1_trust,False,False,6,4,1,False,1,1.2550215804305218,0.1313,0.25,0.4335234601619351,0.1133,-0.3236,0.6931,0.3696
32,fork_trap,hard,rsa_obs_s1_trust,False,False,4,2,1,False,1,1.2550215804305218,0.1313,0.25,0.4335234601619351,0.1133,-0.3236,0.6931,0.3696
33,fork_trap,hard,rsa_obs_s1_trust,True,True,10,5,1,False,1,1.2550215804305218,0.1313,0.25,0.4335234601619351,0.1133,-0.3236,0.6931,0.3696
34,fork_trap,hard,rsa_obs_s1_trust,True,True,12,0,1,True,1,1.2550215804305218,0.1313,0.25,0.4335234601619351,0.1133,-0.3236,0.6931,0.3696
35,fork_trap,hard,rsa_obs_s1_trust,True,True,12,0,1,True,1,1.2550215804305218,0.1313,0.25,0.4335234601619351,0.1133,-0.3236,0.6931,0.3696
36,fork_trap,hard,rsa_obs_s1_trust,True,True,12,0,1,True,1,1.2550215804305218,0.1313,0.25,0.4335234601619351,0.1133,-0.3236,0.6931,0.3696
37,fork_trap,hard,rsa_obs_s1_trust,True,True,12,0,1,True,1,1.2550215804305218,0.1313,0.25,0.4335234601619351,0.1133,-0.3236,0.6931,0.3696
38,fork_trap,hard,rsa_obs_s1_trust,True,True,12,0,1,True,1,1.2550215804305218,0.1313,0.25,0.4335234601619351,0.1133,-0.3236,0.6931,0.3696
39,fork_trap,hard,rsa_obs_s1_trust,False,False,5,3,1,False,1,1.2550215804305218,0.1313,0.25,0.4335234601619351,0.1133,-0.3236,0.6931,0.3696
40,fork_trap,hard,rsa_obs_s1_trust,False,False,4,2,1,False,1,1.2550215804305218,0.1313,0.25,0.4335234601619351,0.1133,-0.3236,0.6931,0.3696
41,fork_trap,hard,rsa_obs_s1_trust,False,False,3,1,1,False,1,1.2550215804305218,0.1313,0.25,0.4335234601619351,0.1133,-0.3236,0.6931,0.3696
42,fork_trap,hard,rsa_obs_s1_trust,True,True,12,0,1,True,1,1.2550215804305218,0.1313,0.25,0.4335234601619351,0.1133,-0.3236,0.6931,0.3696
43,fork_trap,hard,rsa_obs_s1_trust,False,False,4,2,1,False,1,1.2550215804305218,0.1313,0.25,0.4335234601619351,0.1133,-0.3236,0.6931,0.3696
44,fork_trap,hard,rsa_obs_s1_trust,False,False,5,3,1,False,1,1.2550215804305218,0.1313,0.25,0.4335234601619351,0.1133,-0.3236,0.6931,0.3696
45,fork_trap,hard,rsa_obs_s1_trust,True,True,10,5,1,False,1,1.2550215804305218,0.1313,0.25,0.4335234601619351,0.1133,-0.3236,0.6931,0.3696
46,fork_trap,hard,rsa_obs_s1_trust,False,False,7,5,1,False,1,1.2550215804305218,0.1313,0.25,0.4335234601619351,0.1133,-0.3236,0.6931,0.3696
47,fork_trap,hard,rsa_obs_s1_trust,True,True,12,0,1,True,1,1.2550215804305218,0.1313,0.25,0.4335234601619351,0.1133,-0.3236,0.6931,0.3696
48,fork_trap,hard,rsa_obs_s1_trust,True,True,12,0,1,True,1,1.2550215804305218,0.1313,0.25,0.4335234601619351,0.1133,-0.3236,0.6931,0.3696
49,fork_trap,hard,rsa_obs_s1_trust,True,True,12,0,1,True,1,1.2550215804305218,0.1313,0.25,0.4335234601619351,0.1133,-0.3236,0.6931,0.3696
0,fork_trap,hard,rsa_plus_phase10,False,False,3,1,1,False,1,0.6989234189833419,0.6874,0.25,0.7695345137374588,0.2921,-0.5547,0.6931,0.1385
1,fork_trap,hard,rsa_plus_phase10,False,False,6,4,1,False,1,0.6989234189833419,0.6874,0.25,0.7695345137374588,0.2921,-0.5547,0.6931,0.1385
2,fork_trap,hard,rsa_plus_phase10,False,False,6,4,1,False,1,0.6989234189833419,0.6874,0.25,0.7695345137374588,0.2921,-0.5547,0.6931,0.1385
3,fork_trap,hard,rsa_plus_phase10,False,False,7,5,1,False,1,0.6989234189833419,0.6874,0.25,0.7695345137374588,0.2921,-0.5547,0.6931,0.1385
4,fork_trap,hard,rsa_plus_phase10,False,False,4,2,1,False,1,0.6989234189833419,0.6874,0.25,0.7695345137374588,0.2921,-0.5547,0.6931,0.1385
5,fork_trap,hard,rsa_plus_phase10,False,False,5,3,1,False,1,0.6989234189833419,0.6874,0.25,0.7695345137374588,0.2921,-0.5547,0.6931,0.1385
6,fork_trap,hard,rsa_plus_phase10,False,False,3,1,1,False,1,0.6989234189833419,0.6874,0.25,0.7695345137374588,0.2921,-0.5547,0.6931,0.1385
7,fork_trap,hard,rsa_plus_phase10,False,False,6,4,1,False,1,0.6989234189833419,0.6874,0.25,0.7695345137374588,0.2921,-0.5547,0.6931,0.1385
8,fork_trap,hard,rsa_plus_phase10,True,True,10,5,1,False,1,0.6989234189833419,0.6874,0.25,0.7695345137374588,0.2921,-0.5547,0.6931,0.1385
9,fork_trap,hard,rsa_plus_phase10,False,False,6,4,1,False,1,0.6989234189833419,0.6874,0.25,0.7695345137374588,0.2921,-0.5547,0.6931,0.1385
10,fork_trap,hard,rsa_plus_phase10,False,False,7,5,1,False,1,0.6989234189833419,0.6874,0.25,0.7695345137374588,0.2921,-0.5547,0.6931,0.1385
11,fork_trap,hard,rsa_plus_phase10,False,False,3,1,1,False,1,0.6989234189833419,0.6874,0.25,0.7695345137374588,0.2921,-0.5547,0.6931,0.1385
12,fork_trap,hard,rsa_plus_phase10,False,False,4,2,1,False,1,0.6989234189833419,0.6874,0.25,0.7695345137374588,0.2921,-0.5547,0.6931,0.1385
13,fork_trap,hard,rsa_plus_phase10,False,False,4,2,1,False,1,0.6989234189833419,0.6874,0.25,0.7695345137374588,0.2921,-0.5547,0.6931,0.1385
14,fork_trap,hard,rsa_plus_phase10,False,False,4,2,1,False,1,0.6989234189833419,0.6874,0.25,0.7695345137374588,0.2921,-0.5547,0.6931,0.1385
15,fork_trap,hard,rsa_plus_phase10,False,False,5,3,1,False,1,0.6989234189833419,0.6874,0.25,0.7695345137374588,0.2921,-0.5547,0.6931,0.1385
16,fork_trap,hard,rsa_plus_phase10,False,False,3,1,1,False,1,0.6989234189833419,0.6874,0.25,0.7695345137374588,0.2921,-0.5547,0.6931,0.1385
17,fork_trap,hard,rsa_plus_phase10,False,False,3,1,1,False,1,0.6989234189833419,0.6874,0.25,0.7695345137374588,0.2921,-0.5547,0.6931,0.1385
18,fork_trap,hard,rsa_plus_phase10,False,False,6,4,1,False,1,0.6989234189833419,0.6874,0.25,0.7695345137374588,0.2921,-0.5547,0.6931,0.1385
19,fork_trap,hard,rsa_plus_phase10,False,False,6,4,1,False,1,0.6989234189833419,0.6874,0.25,0.7695345137374588,0.2921,-0.5547,0.6931,0.1385
20,fork_trap,hard,rsa_plus_phase10,False,False,4,2,1,False,1,0.6989234189833419,0.6874,0.25,0.7695345137374588,0.2921,-0.5547,0.6931,0.1385
21,fork_trap,hard,rsa_plus_phase10,False,False,3,1,1,False,1,0.6989234189833419,0.6874,0.25,0.7695345137374588,0.2921,-0.5547,0.6931,0.1385
22,fork_trap,hard,rsa_plus_phase10,False,False,6,4,1,False,1,0.6989234189833419,0.6874,0.25,0.7695345137374588,0.2921,-0.5547,0.6931,0.1385
23,fork_trap,hard,rsa_plus_phase10,True,True,10,5,1,False,1,0.6989234189833419,0.6874,0.25,0.7695345137374588,0.2921,-0.5547,0.6931,0.1385
24,fork_trap,hard,rsa_plus_phase10,False,False,5,3,1,False,1,0.6989234189833419,0.6874,0.25,0.7695345137374588,0.2921,-0.5547,0.6931,0.1385
25,fork_trap,hard,rsa_plus_phase10,True,True,10,5,1,False,1,0.6989234189833419,0.6874,0.25,0.7695345137374588,0.2921,-0.5547,0.6931,0.1385
26,fork_trap,hard,rsa_plus_phase10,False,False,4,2,1,False,1,0.6989234189833419,0.6874,0.25,0.7695345137374588,0.2921,-0.5547,0.6931,0.1385
27,fork_trap,hard,rsa_plus_phase10,False,False,6,4,1,False,1,0.6989234189833419,0.6874,0.25,0.7695345137374588,0.2921,-0.5547,0.6931,0.1385
28,fork_trap,hard,rsa_plus_phase10,False,False,5,3,1,False,1,0.6989234189833419,0.6874,0.25,0.7695345137374588,0.2921,-0.5547,0.6931,0.1385
29,fork_trap,hard,rsa_plus_phase10,True,True,10,5,1,False,1,0.6989234189833419,0.6874,0.25,0.7695345137374588,0.2921,-0.5547,0.6931,0.1385
30,fork_trap,hard,rsa_plus_phase10,False,False,5,3,1,False,1,0.6989234189833419,0.6874,0.25,0.7695345137374588,0.2921,-0.5547,0.6931,0.1385
31,fork_trap,hard,rsa_plus_phase10,False,False,6,4,1,False,1,0.6989234189833419,0.6874,0.25,0.7695345137374588,0.2921,-0.5547,0.6931,0.1385
32,fork_trap,hard,rsa_plus_phase10,False,False,4,2,1,False,1,0.6989234189833419,0.6874,0.25,0.7695345137374588,0.2921,-0.5547,0.6931,0.1385
33,fork_trap,hard,rsa_plus_phase10,True,True,10,5,1,False,1,0.6989234189833419,0.6874,0.25,0.7695345137374588,0.2921,-0.5547,0.6931,0.1385
34,fork_trap,hard,rsa_plus_phase10,False,False,3,1,1,False,1,0.6989234189833419,0.6874,0.25,0.7695345137374588,0.2921,-0.5547,0.6931,0.1385
35,fork_trap,hard,rsa_plus_phase10,False,False,3,1,1,False,1,0.6989234189833419,0.6874,0.25,0.7695345137374588,0.2921,-0.5547,0.6931,0.1385
36,fork_trap,hard,rsa_plus_phase10,False,False,7,5,1,False,1,0.6989234189833419,0.6874,0.25,0.7695345137374588,0.2921,-0.5547,0.6931,0.1385
37,fork_trap,hard,rsa_plus_phase10,False,False,6,4,1,False,1,0.6989234189833419,0.6874,0.25,0.7695345137374588,0.2921,-0.5547,0.6931,0.1385
38,fork_trap,hard,rsa_plus_phase10,False,False,6,4,1,False,1,0.6989234189833419,0.6874,0.25,0.7695345137374588,0.2921,-0.5547,0.6931,0.1385
39,fork_trap,hard,rsa_plus_phase10,False,False,5,3,1,False,1,0.6989234189833419,0.6874,0.25,0.7695345137374588,0.2921,-0.5547,0.6931,0.1385
40,fork_trap,hard,rsa_plus_phase10,False,False,4,2,1,False,1,0.6989234189833419,0.6874,0.25,0.7695345137374588,0.2921,-0.5547,0.6931,0.1385
41,fork_trap,hard,rsa_plus_phase10,False,False,3,1,1,False,1,0.6989234189833419,0.6874,0.25,0.7695345137374588,0.2921,-0.5547,0.6931,0.1385
42,fork_trap,hard,rsa_plus_phase10,False,False,3,1,1,False,1,0.6989234189833419,0.6874,0.25,0.7695345137374588,0.2921,-0.5547,0.6931,0.1385
43,fork_trap,hard,rsa_plus_phase10,False,False,4,2,1,False,1,0.6989234189833419,0.6874,0.25,0.7695345137374588,0.2921,-0.5547,0.6931,0.1385
44,fork_trap,hard,rsa_plus_phase10,False,False,5,3,1,False,1,0.6989234189833419,0.6874,0.25,0.7695345137374588,0.2921,-0.5547,0.6931,0.1385
45,fork_trap,hard,rsa_plus_phase10,True,True,10,5,1,False,1,0.6989234189833419,0.6874,0.25,0.7695345137374588,0.2921,-0.5547,0.6931,0.1385
46,fork_trap,hard,rsa_plus_phase10,False,False,7,5,1,False,1,0.6989234189833419,0.6874,0.25,0.7695345137374588,0.2921,-0.5547,0.6931,0.1385
47,fork_trap,hard,rsa_plus_phase10,False,False,6,4,1,False,1,0.6989234189833419,0.6874,0.25,0.7695345137374588,0.2921,-0.5547,0.6931,0.1385
48,fork_trap,hard,rsa_plus_phase10,False,False,7,5,1,False,1,0.6989234189833419,0.6874,0.25,0.7695345137374588,0.2921,-0.5547,0.6931,0.1385
49,fork_trap,hard,rsa_plus_phase10,False,False,6,4,1,False,1,0.6989234189833419,0.6874,0.25,0.7695345137374588,0.2921,-0.5547,0.6931,0.1385
0,elcb_po,easy,legacy_bias,True,True,13,0,1,True,0,0.0,0.0,0.25,0.25,0.0,-0.6418,0.6931,0.0513
1,elcb_po,easy,legacy_bias,True,True,13,0,1,True,0,0.0,0.0,0.25,0.25,0.0,-0.6418,0.6931,0.0513
2,elcb_po,easy,legacy_bias,True,True,13,0,1,True,0,0.0,0.0,0.25,0.25,0.0,-0.6418,0.6931,0.0513
3,elcb_po,easy,legacy_bias,True,True,13,0,1,True,0,0.0,0.0,0.25,0.25,0.0,-0.6418,0.6931,0.0513
4,elcb_po,easy,legacy_bias,True,True,13,0,1,True,0,0.0,0.0,0.25,0.25,0.0,-0.6418,0.6931,0.0513
5,elcb_po,easy,legacy_bias,True,True,13,0,1,True,0,0.0,0.0,0.25,0.25,0.0,-0.6418,0.6931,0.0513
6,elcb_po,easy,legacy_bias,True,True,13,0,1,True,0,0.0,0.0,0.25,0.25,0.0,-0.6418,0.6931,0.0513
7,elcb_po,easy,legacy_bias,True,True,13,0,1,True,0,0.0,0.0,0.25,0.25,0.0,-0.6418,0.6931,0.0513
8,elcb_po,easy,legacy_bias,True,True,13,0,1,True,0,0.0,0.0,0.25,0.25,0.0,-0.6418,0.6931,0.0513
9,elcb_po,easy,legacy_bias,True,True,13,0,1,True,0,0.0,0.0,0.25,0.25,0.0,-0.6418,0.6931,0.0513
10,elcb_po,easy,legacy_bias,True,True,13,0,1,True,0,0.0,0.0,0.25,0.25,0.0,-0.6418,0.6931,0.0513
11,elcb_po,easy,legacy_bias,True,True,13,0,1,True,0,0.0,0.0,0.25,0.25,0.0,-0.6418,0.6931,0.0513
12,elcb_po,easy,legacy_bias,True,True,13,0,1,True,0,0.0,0.0,0.25,0.25,0.0,-0.6418,0.6931,0.0513
13,elcb_po,easy,legacy_bias,True,True,13,0,1,True,0,0.0,0.0,0.25,0.25,0.0,-0.6418,0.6931,0.0513
14,elcb_po,easy,legacy_bias,True,True,13,0,1,True,0,0.0,0.0,0.25,0.25,0.0,-0.6418,0.6931,0.0513
15,elcb_po,easy,legacy_bias,True,True,13,0,1,True,0,0.0,0.0,0.25,0.25,0.0,-0.6418,0.6931,0.0513
16,elcb_po,easy,legacy_bias,True,True,13,0,1,True,0,0.0,0.0,0.25,0.25,0.0,-0.6418,0.6931,0.0513
17,elcb_po,easy,legacy_bias,True,True,13,0,1,True,0,0.0,0.0,0.25,0.25,0.0,-0.6418,0.6931,0.0513
18,elcb_po,easy,legacy_bias,True,True,13,0,1,True,0,0.0,0.0,0.25,0.25,0.0,-0.6418,0.6931,0.0513
19,elcb_po,easy,legacy_bias,True,True,13,0,1,True,0,0.0,0.0,0.25,0.25,0.0,-0.6418,0.6931,0.0513
20,elcb_po,easy,legacy_bias,True,True,13,0,1,True,0,0.0,0.0,0.25,0.25,0.0,-0.6418,0.6931,0.0513
21,elcb_po,easy,legacy_bias,True,True,13,0,1,True,0,0.0,0.0,0.25,0.25,0.0,-0.6418,0.6931,0.0513
22,elcb_po,easy,legacy_bias,True,True,13,0,1,True,0,0.0,0.0,0.25,0.25,0.0,-0.6418,0.6931,0.0513
23,elcb_po,easy,legacy_bias,True,True,13,0,1,True,0,0.0,0.0,0.25,0.25,0.0,-0.6418,0.6931,0.0513
24,elcb_po,easy,legacy_bias,True,True,13,0,1,True,0,0.0,0.0,0.25,0.25,0.0,-0.6418,0.6931,0.0513
25,elcb_po,easy,legacy_bias,True,True,13,0,1,True,0,0.0,0.0,0.25,0.25,0.0,-0.6418,0.6931,0.0513
26,elcb_po,easy,legacy_bias,True,True,13,0,1,True,0,0.0,0.0,0.25,0.25,0.0,-0.6418,0.6931,0.0513
27,elcb_po,easy,legacy_bias,True,True,13,0,1,True,0,0.0,0.0,0.25,0.25,0.0,-0.6418,0.6931,0.0513
28,elcb_po,easy,legacy_bias,True,True,13,0,1,True,0,0.0,0.0,0.25,0.25,0.0,-0.6418,0.6931,0.0513
29,elcb_po,easy,legacy_bias,True,True,13,0,1,True,0,0.0,0.0,0.25,0.25,0.0,-0.6418,0.6931,0.0513
30,elcb_po,easy,legacy_bias,True,True,13,0,1,True,0,0.0,0.0,0.25,0.25,0.0,-0.6418,0.6931,0.0513
31,elcb_po,easy,legacy_bias,True,True,13,0,1,True,0,0.0,0.0,0.25,0.25,0.0,-0.6418,0.6931,0.0513
32,elcb_po,easy,legacy_bias,True,True,13,0,1,True,0,0.0,0.0,0.25,0.25,0.0,-0.6418,0.6931,0.0513
33,elcb_po,easy,legacy_bias,True,True,13,0,1,True,0,0.0,0.0,0.25,0.25,0.0,-0.6418,0.6931,0.0513
34,elcb_po,easy,legacy_bias,True,True,13,0,1,True,0,0.0,0.0,0.25,0.25,0.0,-0.6418,0.6931,0.0513
35,elcb_po,easy,legacy_bias,True,True,13,0,1,True,0,0.0,0.0,0.25,0.25,0.0,-0.6418,0.6931,0.0513
36,elcb_po,easy,legacy_bias,True,True,13,0,1,True,0,0.0,0.0,0.25,0.25,0.0,-0.6418,0.6931,0.0513
37,elcb_po,easy,legacy_bias,True,True,13,0,1,True,0,0.0,0.0,0.25,0.25,0.0,-0.6418,0.6931,0.0513
38,elcb_po,easy,legacy_bias,True,True,13,0,1,True,0,0.0,0.0,0.25,0.25,0.0,-0.6418,0.6931,0.0513
39,elcb_po,easy,legacy_bias,True,True,13,0,1,True,0,0.0,0.0,0.25,0.25,0.0,-0.6418,0.6931,0.0513
40,elcb_po,easy,legacy_bias,True,True,13,0,1,True,0,0.0,0.0,0.25,0.25,0.0,-0.6418,0.6931,0.0513
41,elcb_po,easy,legacy_bias,True,True,13,0,1,True,0,0.0,0.0,0.25,0.25,0.0,-0.6418,0.6931,0.0513
42,elcb_po,easy,legacy_bias,True,True,13,0,1,True,0,0.0,0.0,0.25,0.25,0.0,-0.6418,0.6931,0.0513
43,elcb_po,easy,legacy_bias,True,True,13,0,1,True,0,0.0,0.0,0.25,0.25,0.0,-0.6418,0.6931,0.0513
44,elcb_po,easy,legacy_bias,True,True,13,0,1,True,0,0.0,0.0,0.25,0.25,0.0,-0.6418,0.6931,0.0513
45,elcb_po,easy,legacy_bias,True,True,13,0,1,True,0,0.0,0.0,0.25,0.25,0.0,-0.6418,0.6931,0.0513
46,elcb_po,easy,legacy_bias,True,True,13,0,1,True,0,0.0,0.0,0.25,0.25,0.0,-0.6418,0.6931,0.0513
47,elcb_po,easy,legacy_bias,True,True,13,0,1,True,0,0.0,0.0,0.25,0.25,0.0,-0.6418,0.6931,0.0513
48,elcb_po,easy,legacy_bias,True,True,13,0,1,True,0,0.0,0.0,0.25,0.25,0.0,-0.6418,0.6931,0.0513
49,elcb_po,easy,legacy_bias,True,True,13,0,1,True,0,0.0,0.0,0.25,0.25,0.0,-0.6418,0.6931,0.0513
0,elcb_po,easy,rsa_obs_l0,True,True,13,0,1,True,1,0.8038857373903147,0.5824,0.25,0.7417407204913656,0.3104,-0.5661,0.6931,0.1271
1,elcb_po,easy,rsa_obs_l0,True,True,13,0,1,True,1,0.8038857373903147,0.5824,0.25,0.7417407204913656,0.3104,-0.5661,0.6931,0.1271
2,elcb_po,easy,rsa_obs_l0,True,True,13,0,1,True,1,0.8038857373903147,0.5824,0.25,0.7417407204913656,0.3104,-0.5661,0.6931,0.1271
3,elcb_po,easy,rsa_obs_l0,True,True,13,0,1,True,1,0.8038857373903147,0.5824,0.25,0.7417407204913656,0.3104,-0.5661,0.6931,0.1271
4,elcb_po,easy,rsa_obs_l0,True,True,13,0,1,True,1,0.8038857373903147,0.5824,0.25,0.7417407204913656,0.3104,-0.5661,0.6931,0.1271
5,elcb_po,easy,rsa_obs_l0,True,True,13,0,1,True,1,0.8038857373903147,0.5824,0.25,0.7417407204913656,0.3104,-0.5661,0.6931,0.1271
6,elcb_po,easy,rsa_obs_l0,True,True,13,0,1,True,1,0.8038857373903147,0.5824,0.25,0.7417407204913656,0.3104,-0.5661,0.6931,0.1271
7,elcb_po,easy,rsa_obs_l0,True,True,13,0,1,True,1,0.8038857373903147,0.5824,0.25,0.7417407204913656,0.3104,-0.5661,0.6931,0.1271
8,elcb_po,easy,rsa_obs_l0,True,True,13,0,1,True,1,0.8038857373903147,0.5824,0.25,0.7417407204913656,0.3104,-0.5661,0.6931,0.1271
9,elcb_po,easy,rsa_obs_l0,True,True,13,0,1,True,1,0.8038857373903147,0.5824,0.25,0.7417407204913656,0.3104,-0.5661,0.6931,0.1271
10,elcb_po,easy,rsa_obs_l0,True,True,13,0,1,True,1,0.8038857373903147,0.5824,0.25,0.7417407204913656,0.3104,-0.5661,0.6931,0.1271
11,elcb_po,easy,rsa_obs_l0,True,True,13,0,1,True,1,0.8038857373903147,0.5824,0.25,0.7417407204913656,0.3104,-0.5661,0.6931,0.1271
12,elcb_po,easy,rsa_obs_l0,True,True,13,0,1,True,1,0.8038857373903147,0.5824,0.25,0.7417407204913656,0.3104,-0.5661,0.6931,0.1271
13,elcb_po,easy,rsa_obs_l0,True,True,13,0,1,True,1,0.8038857373903147,0.5824,0.25,0.7417407204913656,0.3104,-0.5661,0.6931,0.1271
14,elcb_po,easy,rsa_obs_l0,True,True,13,0,1,True,1,0.8038857373903147,0.5824,0.25,0.7417407204913656,0.3104,-0.5661,0.6931,0.1271
15,elcb_po,easy,rsa_obs_l0,True,True,13,0,1,True,1,0.8038857373903147,0.5824,0.25,0.7417407204913656,0.3104,-0.5661,0.6931,0.1271
16,elcb_po,easy,rsa_obs_l0,True,True,13,0,1,True,1,0.8038857373903147,0.5824,0.25,0.7417407204913656,0.3104,-0.5661,0.6931,0.1271
17,elcb_po,easy,rsa_obs_l0,True,True,13,0,1,True,1,0.8038857373903147,0.5824,0.25,0.7417407204913656,0.3104,-0.5661,0.6931,0.1271
18,elcb_po,easy,rsa_obs_l0,True,True,13,0,1,True,1,0.8038857373903147,0.5824,0.25,0.7417407204913656,0.3104,-0.5661,0.6931,0.1271
19,elcb_po,easy,rsa_obs_l0,True,True,13,0,1,True,1,0.8038857373903147,0.5824,0.25,0.7417407204913656,0.3104,-0.5661,0.6931,0.1271
20,elcb_po,easy,rsa_obs_l0,True,True,13,0,1,True,1,0.8038857373903147,0.5824,0.25,0.7417407204913656,0.3104,-0.5661,0.6931,0.1271
21,elcb_po,easy,rsa_obs_l0,True,True,13,0,1,True,1,0.8038857373903147,0.5824,0.25,0.7417407204913656,0.3104,-0.5661,0.6931,0.1271
22,elcb_po,easy,rsa_obs_l0,True,True,13,0,1,True,1,0.8038857373903147,0.5824,0.25,0.7417407204913656,0.3104,-0.5661,0.6931,0.1271
23,elcb_po,easy,rsa_obs_l0,True,True,13,0,1,True,1,0.8038857373903147,0.5824,0.25,0.7417407204913656,0.3104,-0.5661,0.6931,0.1271
24,elcb_po,easy,rsa_obs_l0,True,True,13,0,1,True,1,0.8038857373903147,0.5824,0.25,0.7417407204913656,0.3104,-0.5661,0.6931,0.1271
25,elcb_po,easy,rsa_obs_l0,True,True,13,0,1,True,1,0.8038857373903147,0.5824,0.25,0.7417407204913656,0.3104,-0.5661,0.6931,0.1271
26,elcb_po,easy,rsa_obs_l0,True,True,13,0,1,True,1,0.8038857373903147,0.5824,0.25,0.7417407204913656,0.3104,-0.5661,0.6931,0.1271
27,elcb_po,easy,rsa_obs_l0,True,True,13,0,1,True,1,0.8038857373903147,0.5824,0.25,0.7417407204913656,0.3104,-0.5661,0.6931,0.1271
28,elcb_po,easy,rsa_obs_l0,True,True,13,0,1,True,1,0.8038857373903147,0.5824,0.25,0.7417407204913656,0.3104,-0.5661,0.6931,0.1271
29,elcb_po,easy,rsa_obs_l0,True,True,13,0,1,True,1,0.8038857373903147,0.5824,0.25,0.7417407204913656,0.3104,-0.5661,0.6931,0.1271
30,elcb_po,easy,rsa_obs_l0,True,True,13,0,1,True,1,0.8038857373903147,0.5824,0.25,0.7417407204913656,0.3104,-0.5661,0.6931,0.1271
31,elcb_po,easy,rsa_obs_l0,True,True,13,0,1,True,1,0.8038857373903147,0.5824,0.25,0.7417407204913656,0.3104,-0.5661,0.6931,0.1271
32,elcb_po,easy,rsa_obs_l0,True,True,13,0,1,True,1,0.8038857373903147,0.5824,0.25,0.7417407204913656,0.3104,-0.5661,0.6931,0.1271
33,elcb_po,easy,rsa_obs_l0,True,True,13,0,1,True,1,0.8038857373903147,0.5824,0.25,0.7417407204913656,0.3104,-0.5661,0.6931,0.1271
34,elcb_po,easy,rsa_obs_l0,True,True,13,0,1,True,1,0.8038857373903147,0.5824,0.25,0.7417407204913656,0.3104,-0.5661,0.6931,0.1271
35,elcb_po,easy,rsa_obs_l0,True,True,13,0,1,True,1,0.8038857373903147,0.5824,0.25,0.7417407204913656,0.3104,-0.5661,0.6931,0.1271
36,elcb_po,easy,rsa_obs_l0,True,True,13,0,1,True,1,0.8038857373903147,0.5824,0.25,0.7417407204913656,0.3104,-0.5661,0.6931,0.1271
37,elcb_po,easy,rsa_obs_l0,True,True,13,0,1,True,1,0.8038857373903147,0.5824,0.25,0.7417407204913656,0.3104,-0.5661,0.6931,0.1271
38,elcb_po,easy,rsa_obs_l0,True,True,13,0,1,True,1,0.8038857373903147,0.5824,0.25,0.7417407204913656,0.3104,-0.5661,0.6931,0.1271
39,elcb_po,easy,rsa_obs_l0,True,True,13,0,1,True,1,0.8038857373903147,0.5824,0.25,0.7417407204913656,0.3104,-0.5661,0.6931,0.1271
40,elcb_po,easy,rsa_obs_l0,True,True,13,0,1,True,1,0.8038857373903147,0.5824,0.25,0.7417407204913656,0.3104,-0.5661,0.6931,0.1271
41,elcb_po,easy,rsa_obs_l0,True,True,13,0,1,True,1,0.8038857373903147,0.5824,0.25,0.7417407204913656,0.3104,-0.5661,0.6931,0.1271
42,elcb_po,easy,rsa_obs_l0,True,True,13,0,1,True,1,0.8038857373903147,0.5824,0.25,0.7417407204913656,0.3104,-0.5661,0.6931,0.1271
43,elcb_po,easy,rsa_obs_l0,True,True,13,0,1,True,1,0.8038857373903147,0.5824,0.25,0.7417407204913656,0.3104,-0.5661,0.6931,0.1271
44,elcb_po,easy,rsa_obs_l0,True,True,13,0,1,True,1,0.8038857373903147,0.5824,0.25,0.7417407204913656,0.3104,-0.5661,0.6931,0.1271
45,elcb_po,easy,rsa_obs_l0,True,True,13,0,1,True,1,0.8038857373903147,0.5824,0.25,0.7417407204913656,0.3104,-0.5661,0.6931,0.1271
46,elcb_po,easy,rsa_obs_l0,True,True,13,0,1,True,1,0.8038857373903147,0.5824,0.25,0.7417407204913656,0.3104,-0.5661,0.6931,0.1271
47,elcb_po,easy,rsa_obs_l0,True,True,13,0,1,True,1,0.8038857373903147,0.5824,0.25,0.7417407204913656,0.3104,-0.5661,0.6931,0.1271
48,elcb_po,easy,rsa_obs_l0,True,True,13,0,1,True,1,0.8038857373903147,0.5824,0.25,0.7417407204913656,0.3104,-0.5661,0.6931,0.1271
49,elcb_po,easy,rsa_obs_l0,True,True,13,0,1,True,1,0.8038857373903147,0.5824,0.25,0.7417407204913656,0.3104,-0.5661,0.6931,0.1271
0,elcb_po,easy,rsa_obs_s1,True,True,13,0,1,True,1,0.6989234189833419,0.6874,0.25,0.7695345137374588,0.2921,-0.5547,0.6931,0.1385
1,elcb_po,easy,rsa_obs_s1,True,True,13,0,1,True,1,0.6989234189833419,0.6874,0.25,0.7695345137374588,0.2921,-0.5547,0.6931,0.1385
2,elcb_po,easy,rsa_obs_s1,True,True,13,0,1,True,1,0.6989234189833419,0.6874,0.25,0.7695345137374588,0.2921,-0.5547,0.6931,0.1385
3,elcb_po,easy,rsa_obs_s1,True,True,13,0,1,True,1,0.6989234189833419,0.6874,0.25,0.7695345137374588,0.2921,-0.5547,0.6931,0.1385
4,elcb_po,easy,rsa_obs_s1,True,True,13,0,1,True,1,0.6989234189833419,0.6874,0.25,0.7695345137374588,0.2921,-0.5547,0.6931,0.1385
5,elcb_po,easy,rsa_obs_s1,True,True,13,0,1,True,1,0.6989234189833419,0.6874,0.25,0.7695345137374588,0.2921,-0.5547,0.6931,0.1385
6,elcb_po,easy,rsa_obs_s1,True,True,13,0,1,True,1,0.6989234189833419,0.6874,0.25,0.7695345137374588,0.2921,-0.5547,0.6931,0.1385
7,elcb_po,easy,rsa_obs_s1,True,True,13,0,1,True,1,0.6989234189833419,0.6874,0.25,0.7695345137374588,0.2921,-0.5547,0.6931,0.1385
8,elcb_po,easy,rsa_obs_s1,True,True,13,0,1,True,1,0.6989234189833419,0.6874,0.25,0.7695345137374588,0.2921,-0.5547,0.6931,0.1385
9,elcb_po,easy,rsa_obs_s1,True,True,13,0,1,True,1,0.6989234189833419,0.6874,0.25,0.7695345137374588,0.2921,-0.5547,0.6931,0.1385
10,elcb_po,easy,rsa_obs_s1,True,True,13,0,1,True,1,0.6989234189833419,0.6874,0.25,0.7695345137374588,0.2921,-0.5547,0.6931,0.1385
11,elcb_po,easy,rsa_obs_s1,True,True,13,0,1,True,1,0.6989234189833419,0.6874,0.25,0.7695345137374588,0.2921,-0.5547,0.6931,0.1385
12,elcb_po,easy,rsa_obs_s1,True,True,13,0,1,True,1,0.6989234189833419,0.6874,0.25,0.7695345137374588,0.2921,-0.5547,0.6931,0.1385
13,elcb_po,easy,rsa_obs_s1,True,True,13,0,1,True,1,0.6989234189833419,0.6874,0.25,0.7695345137374588,0.2921,-0.5547,0.6931,0.1385
14,elcb_po,easy,rsa_obs_s1,True,True,13,0,1,True,1,0.6989234189833419,0.6874,0.25,0.7695345137374588,0.2921,-0.5547,0.6931,0.1385
15,elcb_po,easy,rsa_obs_s1,True,True,13,0,1,True,1,0.6989234189833419,0.6874,0.25,0.7695345137374588,0.2921,-0.5547,0.6931,0.1385
16,elcb_po,easy,rsa_obs_s1,True,True,13,0,1,True,1,0.6989234189833419,0.6874,0.25,0.7695345137374588,0.2921,-0.5547,0.6931,0.1385
17,elcb_po,easy,rsa_obs_s1,True,True,13,0,1,True,1,0.6989234189833419,0.6874,0.25,0.7695345137374588,0.2921,-0.5547,0.6931,0.1385
18,elcb_po,easy,rsa_obs_s1,True,True,13,0,1,True,1,0.6989234189833419,0.6874,0.25,0.7695345137374588,0.2921,-0.5547,0.6931,0.1385
19,elcb_po,easy,rsa_obs_s1,True,True,13,0,1,True,1,0.6989234189833419,0.6874,0.25,0.7695345137374588,0.2921,-0.5547,0.6931,0.1385
20,elcb_po,easy,rsa_obs_s1,True,True,13,0,1,True,1,0.6989234189833419,0.6874,0.25,0.7695345137374588,0.2921,-0.5547,0.6931,0.1385
21,elcb_po,easy,rsa_obs_s1,True,True,13,0,1,True,1,0.6989234189833419,0.6874,0.25,0.7695345137374588,0.2921,-0.5547,0.6931,0.1385
22,elcb_po,easy,rsa_obs_s1,True,True,13,0,1,True,1,0.6989234189833419,0.6874,0.25,0.7695345137374588,0.2921,-0.5547,0.6931,0.1385
23,elcb_po,easy,rsa_obs_s1,True,True,13,0,1,True,1,0.6989234189833419,0.6874,0.25,0.7695345137374588,0.2921,-0.5547,0.6931,0.1385
24,elcb_po,easy,rsa_obs_s1,True,True,13,0,1,True,1,0.6989234189833419,0.6874,0.25,0.7695345137374588,0.2921,-0.5547,0.6931,0.1385
25,elcb_po,easy,rsa_obs_s1,True,True,13,0,1,True,1,0.6989234189833419,0.6874,0.25,0.7695345137374588,0.2921,-0.5547,0.6931,0.1385
26,elcb_po,easy,rsa_obs_s1,True,True,13,0,1,True,1,0.6989234189833419,0.6874,0.25,0.7695345137374588,0.2921,-0.5547,0.6931,0.1385
27,elcb_po,easy,rsa_obs_s1,True,True,13,0,1,True,1,0.6989234189833419,0.6874,0.25,0.7695345137374588,0.2921,-0.5547,0.6931,0.1385
28,elcb_po,easy,rsa_obs_s1,True,True,13,0,1,True,1,0.6989234189833419,0.6874,0.25,0.7695345137374588,0.2921,-0.5547,0.6931,0.1385
29,elcb_po,easy,rsa_obs_s1,True,True,13,0,1,True,1,0.6989234189833419,0.6874,0.25,0.7695345137374588,0.2921,-0.5547,0.6931,0.1385
30,elcb_po,easy,rsa_obs_s1,True,True,13,0,1,True,1,0.6989234189833419,0.6874,0.25,0.7695345137374588,0.2921,-0.5547,0.6931,0.1385
31,elcb_po,easy,rsa_obs_s1,True,True,13,0,1,True,1,0.6989234189833419,0.6874,0.25,0.7695345137374588,0.2921,-0.5547,0.6931,0.1385
32,elcb_po,easy,rsa_obs_s1,True,True,13,0,1,True,1,0.6989234189833419,0.6874,0.25,0.7695345137374588,0.2921,-0.5547,0.6931,0.1385
33,elcb_po,easy,rsa_obs_s1,True,True,13,0,1,True,1,0.6989234189833419,0.6874,0.25,0.7695345137374588,0.2921,-0.5547,0.6931,0.1385
34,elcb_po,easy,rsa_obs_s1,True,True,13,0,1,True,1,0.6989234189833419,0.6874,0.25,0.7695345137374588,0.2921,-0.5547,0.6931,0.1385
35,elcb_po,easy,rsa_obs_s1,True,True,13,0,1,True,1,0.6989234189833419,0.6874,0.25,0.7695345137374588,0.2921,-0.5547,0.6931,0.1385
36,elcb_po,easy,rsa_obs_s1,True,True,13,0,1,True,1,0.6989234189833419,0.6874,0.25,0.7695345137374588,0.2921,-0.5547,0.6931,0.1385
37,elcb_po,easy,rsa_obs_s1,True,True,13,0,1,True,1,0.6989234189833419,0.6874,0.25,0.7695345137374588,0.2921,-0.5547,0.6931,0.1385
38,elcb_po,easy,rsa_obs_s1,True,True,13,0,1,True,1,0.6989234189833419,0.6874,0.25,0.7695345137374588,0.2921,-0.5547,0.6931,0.1385
39,elcb_po,easy,rsa_obs_s1,True,True,13,0,1,True,1,0.6989234189833419,0.6874,0.25,0.7695345137374588,0.2921,-0.5547,0.6931,0.1385
40,elcb_po,easy,rsa_obs_s1,True,True,13,0,1,True,1,0.6989234189833419,0.6874,0.25,0.7695345137374588,0.2921,-0.5547,0.6931,0.1385
41,elcb_po,easy,rsa_obs_s1,True,True,13,0,1,True,1,0.6989234189833419,0.6874,0.25,0.7695345137374588,0.2921,-0.5547,0.6931,0.1385
42,elcb_po,easy,rsa_obs_s1,True,True,13,0,1,True,1,0.6989234189833419,0.6874,0.25,0.7695345137374588,0.2921,-0.5547,0.6931,0.1385
43,elcb_po,easy,rsa_obs_s1,True,True,13,0,1,True,1,0.6989234189833419,0.6874,0.25,0.7695345137374588,0.2921,-0.5547,0.6931,0.1385
44,elcb_po,easy,rsa_obs_s1,True,True,13,0,1,True,1,0.6989234189833419,0.6874,0.25,0.7695345137374588,0.2921,-0.5547,0.6931,0.1385
45,elcb_po,easy,rsa_obs_s1,True,True,13,0,1,True,1,0.6989234189833419,0.6874,0.25,0.7695345137374588,0.2921,-0.5547,0.6931,0.1385
46,elcb_po,easy,rsa_obs_s1,True,True,13,0,1,True,1,0.6989234189833419,0.6874,0.25,0.7695345137374588,0.2921,-0.5547,0.6931,0.1385
47,elcb_po,easy,rsa_obs_s1,True,True,13,0,1,True,1,0.6989234189833419,0.6874,0.25,0.7695345137374588,0.2921,-0.5547,0.6931,0.1385
48,elcb_po,easy,rsa_obs_s1,True,True,13,0,1,True,1,0.6989234189833419,0.6874,0.25,0.7695345137374588,0.2921,-0.5547,0.6931,0.1385
49,elcb_po,easy,rsa_obs_s1,True,True,13,0,1,True,1,0.6989234189833419,0.6874,0.25,0.7695345137374588,0.2921,-0.5547,0.6931,0.1385
0,elcb_po,easy,rsa_obs_s1_trust,True,True,13,0,1,True,1,1.2550215804305218,0.1313,0.25,0.4335234601619351,0.1133,-0.3236,0.6931,0.3696
1,elcb_po,easy,rsa_obs_s1_trust,True,True,13,0,1,True,1,1.2550215804305218,0.1313,0.25,0.4335234601619351,0.1133,-0.3236,0.6931,0.3696
2,elcb_po,easy,rsa_obs_s1_trust,True,True,13,0,1,True,1,1.2550215804305218,0.1313,0.25,0.4335234601619351,0.1133,-0.3236,0.6931,0.3696
3,elcb_po,easy,rsa_obs_s1_trust,True,True,13,0,1,True,1,1.2550215804305218,0.1313,0.25,0.4335234601619351,0.1133,-0.3236,0.6931,0.3696
4,elcb_po,easy,rsa_obs_s1_trust,True,True,13,0,1,True,1,1.2550215804305218,0.1313,0.25,0.4335234601619351,0.1133,-0.3236,0.6931,0.3696
5,elcb_po,easy,rsa_obs_s1_trust,True,True,13,0,1,True,1,1.2550215804305218,0.1313,0.25,0.4335234601619351,0.1133,-0.3236,0.6931,0.3696
6,elcb_po,easy,rsa_obs_s1_trust,True,True,13,0,1,True,1,1.2550215804305218,0.1313,0.25,0.4335234601619351,0.1133,-0.3236,0.6931,0.3696
7,elcb_po,easy,rsa_obs_s1_trust,True,True,13,0,1,True,1,1.2550215804305218,0.1313,0.25,0.4335234601619351,0.1133,-0.3236,0.6931,0.3696
8,elcb_po,easy,rsa_obs_s1_trust,True,True,13,0,1,True,1,1.2550215804305218,0.1313,0.25,0.4335234601619351,0.1133,-0.3236,0.6931,0.3696
9,elcb_po,easy,rsa_obs_s1_trust,True,True,13,0,1,True,1,1.2550215804305218,0.1313,0.25,0.4335234601619351,0.1133,-0.3236,0.6931,0.3696
10,elcb_po,easy,rsa_obs_s1_trust,True,True,13,0,1,True,1,1.2550215804305218,0.1313,0.25,0.4335234601619351,0.1133,-0.3236,0.6931,0.3696
11,elcb_po,easy,rsa_obs_s1_trust,True,True,13,0,1,True,1,1.2550215804305218,0.1313,0.25,0.4335234601619351,0.1133,-0.3236,0.6931,0.3696
12,elcb_po,easy,rsa_obs_s1_trust,True,True,13,0,1,True,1,1.2550215804305218,0.1313,0.25,0.4335234601619351,0.1133,-0.3236,0.6931,0.3696
13,elcb_po,easy,rsa_obs_s1_trust,True,True,13,0,1,True,1,1.2550215804305218,0.1313,0.25,0.4335234601619351,0.1133,-0.3236,0.6931,0.3696
14,elcb_po,easy,rsa_obs_s1_trust,True,True,13,0,1,True,1,1.2550215804305218,0.1313,0.25,0.4335234601619351,0.1133,-0.3236,0.6931,0.3696
15,elcb_po,easy,rsa_obs_s1_trust,True,True,13,0,1,True,1,1.2550215804305218,0.1313,0.25,0.4335234601619351,0.1133,-0.3236,0.6931,0.3696
16,elcb_po,easy,rsa_obs_s1_trust,True,True,13,0,1,True,1,1.2550215804305218,0.1313,0.25,0.4335234601619351,0.1133,-0.3236,0.6931,0.3696
17,elcb_po,easy,rsa_obs_s1_trust,True,True,13,0,1,True,1,1.2550215804305218,0.1313,0.25,0.4335234601619351,0.1133,-0.3236,0.6931,0.3696
18,elcb_po,easy,rsa_obs_s1_trust,True,True,13,0,1,True,1,1.2550215804305218,0.1313,0.25,0.4335234601619351,0.1133,-0.3236,0.6931,0.3696
19,elcb_po,easy,rsa_obs_s1_trust,True,True,13,0,1,True,1,1.2550215804305218,0.1313,0.25,0.4335234601619351,0.1133,-0.3236,0.6931,0.3696
20,elcb_po,easy,rsa_obs_s1_trust,True,True,13,0,1,True,1,1.2550215804305218,0.1313,0.25,0.4335234601619351,0.1133,-0.3236,0.6931,0.3696
21,elcb_po,easy,rsa_obs_s1_trust,True,True,13,0,1,True,1,1.2550215804305218,0.1313,0.25,0.4335234601619351,0.1133,-0.3236,0.6931,0.3696
22,elcb_po,easy,rsa_obs_s1_trust,True,True,13,0,1,True,1,1.2550215804305218,0.1313,0.25,0.4335234601619351,0.1133,-0.3236,0.6931,0.3696
23,elcb_po,easy,rsa_obs_s1_trust,True,True,13,0,1,True,1,1.2550215804305218,0.1313,0.25,0.4335234601619351,0.1133,-0.3236,0.6931,0.3696
24,elcb_po,easy,rsa_obs_s1_trust,True,True,13,0,1,True,1,1.2550215804305218,0.1313,0.25,0.4335234601619351,0.1133,-0.3236,0.6931,0.3696
25,elcb_po,easy,rsa_obs_s1_trust,True,True,13,0,1,True,1,1.2550215804305218,0.1313,0.25,0.4335234601619351,0.1133,-0.3236,0.6931,0.3696
26,elcb_po,easy,rsa_obs_s1_trust,True,True,13,0,1,True,1,1.2550215804305218,0.1313,0.25,0.4335234601619351,0.1133,-0.3236,0.6931,0.3696
27,elcb_po,easy,rsa_obs_s1_trust,True,True,13,0,1,True,1,1.2550215804305218,0.1313,0.25,0.4335234601619351,0.1133,-0.3236,0.6931,0.3696
28,elcb_po,easy,rsa_obs_s1_trust,True,True,13,0,1,True,1,1.2550215804305218,0.1313,0.25,0.4335234601619351,0.1133,-0.3236,0.6931,0.3696
29,elcb_po,easy,rsa_obs_s1_trust,True,True,13,0,1,True,1,1.2550215804305218,0.1313,0.25,0.4335234601619351,0.1133,-0.3236,0.6931,0.3696
30,elcb_po,easy,rsa_obs_s1_trust,True,True,13,0,1,True,1,1.2550215804305218,0.1313,0.25,0.4335234601619351,0.1133,-0.3236,0.6931,0.3696
31,elcb_po,easy,rsa_obs_s1_trust,True,True,13,0,1,True,1,1.2550215804305218,0.1313,0.25,0.4335234601619351,0.1133,-0.3236,0.6931,0.3696
32,elcb_po,easy,rsa_obs_s1_trust,True,True,13,0,1,True,1,1.2550215804305218,0.1313,0.25,0.4335234601619351,0.1133,-0.3236,0.6931,0.3696
33,elcb_po,easy,rsa_obs_s1_trust,True,True,13,0,1,True,1,1.2550215804305218,0.1313,0.25,0.4335234601619351,0.1133,-0.3236,0.6931,0.3696
34,elcb_po,easy,rsa_obs_s1_trust,True,True,13,0,1,True,1,1.2550215804305218,0.1313,0.25,0.4335234601619351,0.1133,-0.3236,0.6931,0.3696
35,elcb_po,easy,rsa_obs_s1_trust,True,True,13,0,1,True,1,1.2550215804305218,0.1313,0.25,0.4335234601619351,0.1133,-0.3236,0.6931,0.3696
36,elcb_po,easy,rsa_obs_s1_trust,True,True,13,0,1,True,1,1.2550215804305218,0.1313,0.25,0.4335234601619351,0.1133,-0.3236,0.6931,0.3696
37,elcb_po,easy,rsa_obs_s1_trust,True,True,13,0,1,True,1,1.2550215804305218,0.1313,0.25,0.4335234601619351,0.1133,-0.3236,0.6931,0.3696
38,elcb_po,easy,rsa_obs_s1_trust,True,True,13,0,1,True,1,1.2550215804305218,0.1313,0.25,0.4335234601619351,0.1133,-0.3236,0.6931,0.3696
39,elcb_po,easy,rsa_obs_s1_trust,True,True,13,0,1,True,1,1.2550215804305218,0.1313,0.25,0.4335234601619351,0.1133,-0.3236,0.6931,0.3696
40,elcb_po,easy,rsa_obs_s1_trust,True,True,13,0,1,True,1,1.2550215804305218,0.1313,0.25,0.4335234601619351,0.1133,-0.3236,0.6931,0.3696
41,elcb_po,easy,rsa_obs_s1_trust,True,True,13,0,1,True,1,1.2550215804305218,0.1313,0.25,0.4335234601619351,0.1133,-0.3236,0.6931,0.3696
42,elcb_po,easy,rsa_obs_s1_trust,True,True,13,0,1,True,1,1.2550215804305218,0.1313,0.25,0.4335234601619351,0.1133,-0.3236,0.6931,0.3696
43,elcb_po,easy,rsa_obs_s1_trust,True,True,13,0,1,True,1,1.2550215804305218,0.1313,0.25,0.4335234601619351,0.1133,-0.3236,0.6931,0.3696
44,elcb_po,easy,rsa_obs_s1_trust,True,True,13,0,1,True,1,1.2550215804305218,0.1313,0.25,0.4335234601619351,0.1133,-0.3236,0.6931,0.3696
45,elcb_po,easy,rsa_obs_s1_trust,True,True,13,0,1,True,1,1.2550215804305218,0.1313,0.25,0.4335234601619351,0.1133,-0.3236,0.6931,0.3696
46,elcb_po,easy,rsa_obs_s1_trust,True,True,13,0,1,True,1,1.2550215804305218,0.1313,0.25,0.4335234601619351,0.1133,-0.3236,0.6931,0.3696
47,elcb_po,easy,rsa_obs_s1_trust,True,True,13,0,1,True,1,1.2550215804305218,0.1313,0.25,0.4335234601619351,0.1133,-0.3236,0.6931,0.3696
48,elcb_po,easy,rsa_obs_s1_trust,True,True,13,0,1,True,1,1.2550215804305218,0.1313,0.25,0.4335234601619351,0.1133,-0.3236,0.6931,0.3696
49,elcb_po,easy,rsa_obs_s1_trust,True,True,13,0,1,True,1,1.2550215804305218,0.1313,0.25,0.4335234601619351,0.1133,-0.3236,0.6931,0.3696
0,elcb_po,easy,rsa_plus_phase10,True,True,13,0,1,True,1,0.6989234189833419,0.6874,0.25,0.7695345137374588,0.2921,-0.5547,0.6931,0.1385
1,elcb_po,easy,rsa_plus_phase10,True,True,13,0,1,True,1,0.6989234189833419,0.6874,0.25,0.7695345137374588,0.2921,-0.5547,0.6931,0.1385
2,elcb_po,easy,rsa_plus_phase10,True,True,13,0,1,True,1,0.6989234189833419,0.6874,0.25,0.7695345137374588,0.2921,-0.5547,0.6931,0.1385
3,elcb_po,easy,rsa_plus_phase10,True,True,13,0,1,True,1,0.6989234189833419,0.6874,0.25,0.7695345137374588,0.2921,-0.5547,0.6931,0.1385
4,elcb_po,easy,rsa_plus_phase10,True,True,13,0,1,True,1,0.6989234189833419,0.6874,0.25,0.7695345137374588,0.2921,-0.5547,0.6931,0.1385
5,elcb_po,easy,rsa_plus_phase10,True,True,13,0,1,True,1,0.6989234189833419,0.6874,0.25,0.7695345137374588,0.2921,-0.5547,0.6931,0.1385
6,elcb_po,easy,rsa_plus_phase10,True,True,13,0,1,True,1,0.6989234189833419,0.6874,0.25,0.7695345137374588,0.2921,-0.5547,0.6931,0.1385
7,elcb_po,easy,rsa_plus_phase10,True,True,13,0,1,True,1,0.6989234189833419,0.6874,0.25,0.7695345137374588,0.2921,-0.5547,0.6931,0.1385
8,elcb_po,easy,rsa_plus_phase10,True,True,13,0,1,True,1,0.6989234189833419,0.6874,0.25,0.7695345137374588,0.2921,-0.5547,0.6931,0.1385
9,elcb_po,easy,rsa_plus_phase10,True,True,13,0,1,True,1,0.6989234189833419,0.6874,0.25,0.7695345137374588,0.2921,-0.5547,0.6931,0.1385
10,elcb_po,easy,rsa_plus_phase10,True,True,13,0,1,True,1,0.6989234189833419,0.6874,0.25,0.7695345137374588,0.2921,-0.5547,0.6931,0.1385
11,elcb_po,easy,rsa_plus_phase10,True,True,13,0,1,True,1,0.6989234189833419,0.6874,0.25,0.7695345137374588,0.2921,-0.5547,0.6931,0.1385
12,elcb_po,easy,rsa_plus_phase10,True,True,13,0,1,True,1,0.6989234189833419,0.6874,0.25,0.7695345137374588,0.2921,-0.5547,0.6931,0.1385
13,elcb_po,easy,rsa_plus_phase10,True,True,13,0,1,True,1,0.6989234189833419,0.6874,0.25,0.7695345137374588,0.2921,-0.5547,0.6931,0.1385
14,elcb_po,easy,rsa_plus_phase10,True,True,13,0,1,True,1,0.6989234189833419,0.6874,0.25,0.7695345137374588,0.2921,-0.5547,0.6931,0.1385
15,elcb_po,easy,rsa_plus_phase10,True,True,13,0,1,True,1,0.6989234189833419,0.6874,0.25,0.7695345137374588,0.2921,-0.5547,0.6931,0.1385
16,elcb_po,easy,rsa_plus_phase10,True,True,13,0,1,True,1,0.6989234189833419,0.6874,0.25,0.7695345137374588,0.2921,-0.5547,0.6931,0.1385
17,elcb_po,easy,rsa_plus_phase10,True,True,13,0,1,True,1,0.6989234189833419,0.6874,0.25,0.7695345137374588,0.2921,-0.5547,0.6931,0.1385
18,elcb_po,easy,rsa_plus_phase10,True,True,13,0,1,True,1,0.6989234189833419,0.6874,0.25,0.7695345137374588,0.2921,-0.5547,0.6931,0.1385
19,elcb_po,easy,rsa_plus_phase10,True,True,13,0,1,True,1,0.6989234189833419,0.6874,0.25,0.7695345137374588,0.2921,-0.5547,0.6931,0.1385
20,elcb_po,easy,rsa_plus_phase10,True,True,13,0,1,True,1,0.6989234189833419,0.6874,0.25,0.7695345137374588,0.2921,-0.5547,0.6931,0.1385
21,elcb_po,easy,rsa_plus_phase10,True,True,13,0,1,True,1,0.6989234189833419,0.6874,0.25,0.7695345137374588,0.2921,-0.5547,0.6931,0.1385
22,elcb_po,easy,rsa_plus_phase10,True,True,13,0,1,True,1,0.6989234189833419,0.6874,0.25,0.7695345137374588,0.2921,-0.5547,0.6931,0.1385
23,elcb_po,easy,rsa_plus_phase10,True,True,13,0,1,True,1,0.6989234189833419,0.6874,0.25,0.7695345137374588,0.2921,-0.5547,0.6931,0.1385
24,elcb_po,easy,rsa_plus_phase10,True,True,13,0,1,True,1,0.6989234189833419,0.6874,0.25,0.7695345137374588,0.2921,-0.5547,0.6931,0.1385
25,elcb_po,easy,rsa_plus_phase10,True,True,13,0,1,True,1,0.6989234189833419,0.6874,0.25,0.7695345137374588,0.2921,-0.5547,0.6931,0.1385
26,elcb_po,easy,rsa_plus_phase10,True,True,13,0,1,True,1,0.6989234189833419,0.6874,0.25,0.7695345137374588,0.2921,-0.5547,0.6931,0.1385
27,elcb_po,easy,rsa_plus_phase10,True,True,13,0,1,True,1,0.6989234189833419,0.6874,0.25,0.7695345137374588,0.2921,-0.5547,0.6931,0.1385
28,elcb_po,easy,rsa_plus_phase10,True,True,13,0,1,True,1,0.6989234189833419,0.6874,0.25,0.7695345137374588,0.2921,-0.5547,0.6931,0.1385
29,elcb_po,easy,rsa_plus_phase10,True,True,13,0,1,True,1,0.6989234189833419,0.6874,0.25,0.7695345137374588,0.2921,-0.5547,0.6931,0.1385
30,elcb_po,easy,rsa_plus_phase10,True,True,13,0,1,True,1,0.6989234189833419,0.6874,0.25,0.7695345137374588,0.2921,-0.5547,0.6931,0.1385
31,elcb_po,easy,rsa_plus_phase10,True,True,13,0,1,True,1,0.6989234189833419,0.6874,0.25,0.7695345137374588,0.2921,-0.5547,0.6931,0.1385
32,elcb_po,easy,rsa_plus_phase10,True,True,13,0,1,True,1,0.6989234189833419,0.6874,0.25,0.7695345137374588,0.2921,-0.5547,0.6931,0.1385
33,elcb_po,easy,rsa_plus_phase10,True,True,13,0,1,True,1,0.6989234189833419,0.6874,0.25,0.7695345137374588,0.2921,-0.5547,0.6931,0.1385
34,elcb_po,easy,rsa_plus_phase10,True,True,13,0,1,True,1,0.6989234189833419,0.6874,0.25,0.7695345137374588,0.2921,-0.5547,0.6931,0.1385
35,elcb_po,easy,rsa_plus_phase10,True,True,13,0,1,True,1,0.6989234189833419,0.6874,0.25,0.7695345137374588,0.2921,-0.5547,0.6931,0.1385
36,elcb_po,easy,rsa_plus_phase10,True,True,13,0,1,True,1,0.6989234189833419,0.6874,0.25,0.7695345137374588,0.2921,-0.5547,0.6931,0.1385
37,elcb_po,easy,rsa_plus_phase10,True,True,13,0,1,True,1,0.6989234189833419,0.6874,0.25,0.7695345137374588,0.2921,-0.5547,0.6931,0.1385
38,elcb_po,easy,rsa_plus_phase10,True,True,13,0,1,True,1,0.6989234189833419,0.6874,0.25,0.7695345137374588,0.2921,-0.5547,0.6931,0.1385
39,elcb_po,easy,rsa_plus_phase10,True,True,13,0,1,True,1,0.6989234189833419,0.6874,0.25,0.7695345137374588,0.2921,-0.5547,0.6931,0.1385
40,elcb_po,easy,rsa_plus_phase10,True,True,13,0,1,True,1,0.6989234189833419,0.6874,0.25,0.7695345137374588,0.2921,-0.5547,0.6931,0.1385
41,elcb_po,easy,rsa_plus_phase10,True,True,13,0,1,True,1,0.6989234189833419,0.6874,0.25,0.7695345137374588,0.2921,-0.5547,0.6931,0.1385
42,elcb_po,easy,rsa_plus_phase10,True,True,13,0,1,True,1,0.6989234189833419,0.6874,0.25,0.7695345137374588,0.2921,-0.5547,0.6931,0.1385
43,elcb_po,easy,rsa_plus_phase10,True,True,13,0,1,True,1,0.6989234189833419,0.6874,0.25,0.7695345137374588,0.2921,-0.5547,0.6931,0.1385
44,elcb_po,easy,rsa_plus_phase10,True,True,13,0,1,True,1,0.6989234189833419,0.6874,0.25,0.7695345137374588,0.2921,-0.5547,0.6931,0.1385
45,elcb_po,easy,rsa_plus_phase10,True,True,13,0,1,True,1,0.6989234189833419,0.6874,0.25,0.7695345137374588,0.2921,-0.5547,0.6931,0.1385
46,elcb_po,easy,rsa_plus_phase10,True,True,13,0,1,True,1,0.6989234189833419,0.6874,0.25,0.7695345137374588,0.2921,-0.5547,0.6931,0.1385
47,elcb_po,easy,rsa_plus_phase10,True,True,13,0,1,True,1,0.6989234189833419,0.6874,0.25,0.7695345137374588,0.2921,-0.5547,0.6931,0.1385
48,elcb_po,easy,rsa_plus_phase10,True,True,13,0,1,True,1,0.6989234189833419,0.6874,0.25,0.7695345137374588,0.2921,-0.5547,0.6931,0.1385
49,elcb_po,easy,rsa_plus_phase10,True,True,13,0,1,True,1,0.6989234189833419,0.6874,0.25,0.7695345137374588,0.2921,-0.5547,0.6931,0.1385
0,elcb_po,medium,legacy_bias,True,True,15,0,1,True,0,0.0,0.0,0.25,0.25,0.0,-0.6419,0.6931,0.0513
1,elcb_po,medium,legacy_bias,True,True,15,0,1,True,0,0.0,0.0,0.25,0.25,0.0,-0.6419,0.6931,0.0513
2,elcb_po,medium,legacy_bias,True,True,15,0,1,True,0,0.0,0.0,0.25,0.25,0.0,-0.6419,0.6931,0.0513
3,elcb_po,medium,legacy_bias,True,True,15,0,1,True,0,0.0,0.0,0.25,0.25,0.0,-0.6419,0.6931,0.0513
4,elcb_po,medium,legacy_bias,True,True,15,0,1,True,0,0.0,0.0,0.25,0.25,0.0,-0.6419,0.6931,0.0513
5,elcb_po,medium,legacy_bias,True,True,15,0,1,True,0,0.0,0.0,0.25,0.25,0.0,-0.6419,0.6931,0.0513
6,elcb_po,medium,legacy_bias,True,True,15,0,1,True,0,0.0,0.0,0.25,0.25,0.0,-0.6419,0.6931,0.0513
7,elcb_po,medium,legacy_bias,True,True,15,0,1,True,0,0.0,0.0,0.25,0.25,0.0,-0.6419,0.6931,0.0513
8,elcb_po,medium,legacy_bias,True,True,15,0,1,True,0,0.0,0.0,0.25,0.25,0.0,-0.6419,0.6931,0.0513
9,elcb_po,medium,legacy_bias,True,True,15,0,1,True,0,0.0,0.0,0.25,0.25,0.0,-0.6419,0.6931,0.0513
10,elcb_po,medium,legacy_bias,True,True,15,0,1,True,0,0.0,0.0,0.25,0.25,0.0,-0.6419,0.6931,0.0513
11,elcb_po,medium,legacy_bias,True,True,15,0,1,True,0,0.0,0.0,0.25,0.25,0.0,-0.6419,0.6931,0.0513
12,elcb_po,medium,legacy_bias,True,True,15,0,1,True,0,0.0,0.0,0.25,0.25,0.0,-0.6419,0.6931,0.0513
13,elcb_po,medium,legacy_bias,True,True,15,0,1,True,0,0.0,0.0,0.25,0.25,0.0,-0.6419,0.6931,0.0513
14,elcb_po,medium,legacy_bias,True,True,15,0,1,True,0,0.0,0.0,0.25,0.25,0.0,-0.6419,0.6931,0.0513
15,elcb_po,medium,legacy_bias,True,True,15,0,1,True,0,0.0,0.0,0.25,0.25,0.0,-0.6419,0.6931,0.0513
16,elcb_po,medium,legacy_bias,True,True,15,0,1,True,0,0.0,0.0,0.25,0.25,0.0,-0.6419,0.6931,0.0513
17,elcb_po,medium,legacy_bias,True,True,15,0,1,True,0,0.0,0.0,0.25,0.25,0.0,-0.6419,0.6931,0.0513
18,elcb_po,medium,legacy_bias,True,True,15,0,1,True,0,0.0,0.0,0.25,0.25,0.0,-0.6419,0.6931,0.0513
19,elcb_po,medium,legacy_bias,True,True,15,0,1,True,0,0.0,0.0,0.25,0.25,0.0,-0.6419,0.6931,0.0513
20,elcb_po,medium,legacy_bias,True,True,15,0,1,True,0,0.0,0.0,0.25,0.25,0.0,-0.6419,0.6931,0.0513
21,elcb_po,medium,legacy_bias,True,True,15,0,1,True,0,0.0,0.0,0.25,0.25,0.0,-0.6419,0.6931,0.0513
22,elcb_po,medium,legacy_bias,True,True,15,0,1,True,0,0.0,0.0,0.25,0.25,0.0,-0.6419,0.6931,0.0513
23,elcb_po,medium,legacy_bias,True,True,15,0,1,True,0,0.0,0.0,0.25,0.25,0.0,-0.6419,0.6931,0.0513
24,elcb_po,medium,legacy_bias,True,True,15,0,1,True,0,0.0,0.0,0.25,0.25,0.0,-0.6419,0.6931,0.0513
25,elcb_po,medium,legacy_bias,True,True,15,0,1,True,0,0.0,0.0,0.25,0.25,0.0,-0.6419,0.6931,0.0513
26,elcb_po,medium,legacy_bias,True,True,15,0,1,True,0,0.0,0.0,0.25,0.25,0.0,-0.6419,0.6931,0.0513
27,elcb_po,medium,legacy_bias,True,True,15,0,1,True,0,0.0,0.0,0.25,0.25,0.0,-0.6419,0.6931,0.0513
28,elcb_po,medium,legacy_bias,True,True,15,0,1,True,0,0.0,0.0,0.25,0.25,0.0,-0.6419,0.6931,0.0513
29,elcb_po,medium,legacy_bias,True,True,15,0,1,True,0,0.0,0.0,0.25,0.25,0.0,-0.6419,0.6931,0.0513
30,elcb_po,medium,legacy_bias,True,True,15,0,1,True,0,0.0,0.0,0.25,0.25,0.0,-0.6419,0.6931,0.0513
31,elcb_po,medium,legacy_bias,True,True,15,0,1,True,0,0.0,0.0,0.25,0.25,0.0,-0.6419,0.6931,0.0513
32,elcb_po,medium,legacy_bias,True,True,15,0,1,True,0,0.0,0.0,0.25,0.25,0.0,-0.6419,0.6931,0.0513
33,elcb_po,medium,legacy_bias,True,True,15,0,1,True,0,0.0,0.0,0.25,0.25,0.0,-0.6419,0.6931,0.0513
34,elcb_po,medium,legacy_bias,True,True,15,0,1,True,0,0.0,0.0,0.25,0.25,0.0,-0.6419,0.6931,0.0513
35,elcb_po,medium,legacy_bias,True,True,15,0,1,True,0,0.0,0.0,0.25,0.25,0.0,-0.6419,0.6931,0.0513
36,elcb_po,medium,legacy_bias,True,True,15,0,1,True,0,0.0,0.0,0.25,0.25,0.0,-0.6419,0.6931,0.0513
37,elcb_po,medium,legacy_bias,True,True,15,0,1,True,0,0.0,0.0,0.25,0.25,0.0,-0.6419,0.6931,0.0513
38,elcb_po,medium,legacy_bias,True,True,15,0,1,True,0,0.0,0.0,0.25,0.25,0.0,-0.6419,0.6931,0.0513
39,elcb_po,medium,legacy_bias,True,True,15,0,1,True,0,0.0,0.0,0.25,0.25,0.0,-0.6419,0.6931,0.0513
40,elcb_po,medium,legacy_bias,True,True,15,0,1,True,0,0.0,0.0,0.25,0.25,0.0,-0.6419,0.6931,0.0513
41,elcb_po,medium,legacy_bias,True,True,15,0,1,True,0,0.0,0.0,0.25,0.25,0.0,-0.6419,0.6931,0.0513
42,elcb_po,medium,legacy_bias,True,True,15,0,1,True,0,0.0,0.0,0.25,0.25,0.0,-0.6419,0.6931,0.0513
43,elcb_po,medium,legacy_bias,True,True,15,0,1,True,0,0.0,0.0,0.25,0.25,0.0,-0.6419,0.6931,0.0513
44,elcb_po,medium,legacy_bias,True,True,15,0,1,True,0,0.0,0.0,0.25,0.25,0.0,-0.6419,0.6931,0.0513
45,elcb_po,medium,legacy_bias,True,True,15,0,1,True,0,0.0,0.0,0.25,0.25,0.0,-0.6419,0.6931,0.0513
46,elcb_po,medium,legacy_bias,True,True,15,0,1,True,0,0.0,0.0,0.25,0.25,0.0,-0.6419,0.6931,0.0513
47,elcb_po,medium,legacy_bias,True,True,15,0,1,True,0,0.0,0.0,0.25,0.25,0.0,-0.6419,0.6931,0.0513
48,elcb_po,medium,legacy_bias,True,True,15,0,1,True,0,0.0,0.0,0.25,0.25,0.0,-0.6419,0.6931,0.0513
49,elcb_po,medium,legacy_bias,True,True,15,0,1,True,0,0.0,0.0,0.25,0.25,0.0,-0.6419,0.6931,0.0513
0,elcb_po,medium,rsa_obs_l0,True,True,15,0,1,True,1,0.8038857373903147,0.5824,0.25,0.7417407204913656,0.3104,-0.5661,0.6931,0.1271
1,elcb_po,medium,rsa_obs_l0,True,True,15,0,1,True,1,0.8038857373903147,0.5824,0.25,0.7417407204913656,0.3104,-0.5661,0.6931,0.1271
2,elcb_po,medium,rsa_obs_l0,True,True,15,0,1,True,1,0.8038857373903147,0.5824,0.25,0.7417407204913656,0.3104,-0.5661,0.6931,0.1271
3,elcb_po,medium,rsa_obs_l0,True,True,15,0,1,True,1,0.8038857373903147,0.5824,0.25,0.7417407204913656,0.3104,-0.5661,0.6931,0.1271
4,elcb_po,medium,rsa_obs_l0,True,True,15,0,1,True,1,0.8038857373903147,0.5824,0.25,0.7417407204913656,0.3104,-0.5661,0.6931,0.1271
5,elcb_po,medium,rsa_obs_l0,True,True,15,0,1,True,1,0.8038857373903147,0.5824,0.25,0.7417407204913656,0.3104,-0.5661,0.6931,0.1271
6,elcb_po,medium,rsa_obs_l0,True,True,15,0,1,True,1,0.8038857373903147,0.5824,0.25,0.7417407204913656,0.3104,-0.5661,0.6931,0.1271
7,elcb_po,medium,rsa_obs_l0,True,True,15,0,1,True,1,0.8038857373903147,0.5824,0.25,0.7417407204913656,0.3104,-0.5661,0.6931,0.1271
8,elcb_po,medium,rsa_obs_l0,True,True,15,0,1,True,1,0.8038857373903147,0.5824,0.25,0.7417407204913656,0.3104,-0.5661,0.6931,0.1271
9,elcb_po,medium,rsa_obs_l0,True,True,15,0,1,True,1,0.8038857373903147,0.5824,0.25,0.7417407204913656,0.3104,-0.5661,0.6931,0.1271
10,elcb_po,medium,rsa_obs_l0,True,True,15,0,1,True,1,0.8038857373903147,0.5824,0.25,0.7417407204913656,0.3104,-0.5661,0.6931,0.1271
11,elcb_po,medium,rsa_obs_l0,True,True,15,0,1,True,1,0.8038857373903147,0.5824,0.25,0.7417407204913656,0.3104,-0.5661,0.6931,0.1271
12,elcb_po,medium,rsa_obs_l0,True,True,15,0,1,True,1,0.8038857373903147,0.5824,0.25,0.7417407204913656,0.3104,-0.5661,0.6931,0.1271
13,elcb_po,medium,rsa_obs_l0,True,True,15,0,1,True,1,0.8038857373903147,0.5824,0.25,0.7417407204913656,0.3104,-0.5661,0.6931,0.1271
14,elcb_po,medium,rsa_obs_l0,True,True,15,0,1,True,1,0.8038857373903147,0.5824,0.25,0.7417407204913656,0.3104,-0.5661,0.6931,0.1271
15,elcb_po,medium,rsa_obs_l0,True,True,15,0,1,True,1,0.8038857373903147,0.5824,0.25,0.7417407204913656,0.3104,-0.5661,0.6931,0.1271
16,elcb_po,medium,rsa_obs_l0,True,True,15,0,1,True,1,0.8038857373903147,0.5824,0.25,0.7417407204913656,0.3104,-0.5661,0.6931,0.1271
17,elcb_po,medium,rsa_obs_l0,True,True,15,0,1,True,1,0.8038857373903147,0.5824,0.25,0.7417407204913656,0.3104,-0.5661,0.6931,0.1271
18,elcb_po,medium,rsa_obs_l0,True,True,15,0,1,True,1,0.8038857373903147,0.5824,0.25,0.7417407204913656,0.3104,-0.5661,0.6931,0.1271
19,elcb_po,medium,rsa_obs_l0,True,True,15,0,1,True,1,0.8038857373903147,0.5824,0.25,0.7417407204913656,0.3104,-0.5661,0.6931,0.1271
20,elcb_po,medium,rsa_obs_l0,True,True,15,0,1,True,1,0.8038857373903147,0.5824,0.25,0.7417407204913656,0.3104,-0.5661,0.6931,0.1271
21,elcb_po,medium,rsa_obs_l0,True,True,15,0,1,True,1,0.8038857373903147,0.5824,0.25,0.7417407204913656,0.3104,-0.5661,0.6931,0.1271
22,elcb_po,medium,rsa_obs_l0,True,True,15,0,1,True,1,0.8038857373903147,0.5824,0.25,0.7417407204913656,0.3104,-0.5661,0.6931,0.1271
23,elcb_po,medium,rsa_obs_l0,True,True,15,0,1,True,1,0.8038857373903147,0.5824,0.25,0.7417407204913656,0.3104,-0.5661,0.6931,0.1271
24,elcb_po,medium,rsa_obs_l0,True,True,15,0,1,True,1,0.8038857373903147,0.5824,0.25,0.7417407204913656,0.3104,-0.5661,0.6931,0.1271
25,elcb_po,medium,rsa_obs_l0,True,True,15,0,1,True,1,0.8038857373903147,0.5824,0.25,0.7417407204913656,0.3104,-0.5661,0.6931,0.1271
26,elcb_po,medium,rsa_obs_l0,True,True,15,0,1,True,1,0.8038857373903147,0.5824,0.25,0.7417407204913656,0.3104,-0.5661,0.6931,0.1271
27,elcb_po,medium,rsa_obs_l0,True,True,15,0,1,True,1,0.8038857373903147,0.5824,0.25,0.7417407204913656,0.3104,-0.5661,0.6931,0.1271
28,elcb_po,medium,rsa_obs_l0,True,True,15,0,1,True,1,0.8038857373903147,0.5824,0.25,0.7417407204913656,0.3104,-0.5661,0.6931,0.1271
29,elcb_po,medium,rsa_obs_l0,True,True,15,0,1,True,1,0.8038857373903147,0.5824,0.25,0.7417407204913656,0.3104,-0.5661,0.6931,0.1271
30,elcb_po,medium,rsa_obs_l0,True,True,15,0,1,True,1,0.8038857373903147,0.5824,0.25,0.7417407204913656,0.3104,-0.5661,0.6931,0.1271
31,elcb_po,medium,rsa_obs_l0,True,True,15,0,1,True,1,0.8038857373903147,0.5824,0.25,0.7417407204913656,0.3104,-0.5661,0.6931,0.1271
32,elcb_po,medium,rsa_obs_l0,True,True,15,0,1,True,1,0.8038857373903147,0.5824,0.25,0.7417407204913656,0.3104,-0.5661,0.6931,0.1271
33,elcb_po,medium,rsa_obs_l0,True,True,15,0,1,True,1,0.8038857373903147,0.5824,0.25,0.7417407204913656,0.3104,-0.5661,0.6931,0.1271
34,elcb_po,medium,rsa_obs_l0,True,True,15,0,1,True,1,0.8038857373903147,0.5824,0.25,0.7417407204913656,0.3104,-0.5661,0.6931,0.1271
35,elcb_po,medium,rsa_obs_l0,True,True,15,0,1,True,1,0.8038857373903147,0.5824,0.25,0.7417407204913656,0.3104,-0.5661,0.6931,0.1271
36,elcb_po,medium,rsa_obs_l0,True,True,15,0,1,True,1,0.8038857373903147,0.5824,0.25,0.7417407204913656,0.3104,-0.5661,0.6931,0.1271
37,elcb_po,medium,rsa_obs_l0,True,True,15,0,1,True,1,0.8038857373903147,0.5824,0.25,0.7417407204913656,0.3104,-0.5661,0.6931,0.1271
38,elcb_po,medium,rsa_obs_l0,True,True,15,0,1,True,1,0.8038857373903147,0.5824,0.25,0.7417407204913656,0.3104,-0.5661,0.6931,0.1271
39,elcb_po,medium,rsa_obs_l0,True,True,15,0,1,True,1,0.8038857373903147,0.5824,0.25,0.7417407204913656,0.3104,-0.5661,0.6931,0.1271
40,elcb_po,medium,rsa_obs_l0,True,True,15,0,1,True,1,0.8038857373903147,0.5824,0.25,0.7417407204913656,0.3104,-0.5661,0.6931,0.1271
41,elcb_po,medium,rsa_obs_l0,True,True,15,0,1,True,1,0.8038857373903147,0.5824,0.25,0.7417407204913656,0.3104,-0.5661,0.6931,0.1271
42,elcb_po,medium,rsa_obs_l0,True,True,15,0,1,True,1,0.8038857373903147,0.5824,0.25,0.7417407204913656,0.3104,-0.5661,0.6931,0.1271
43,elcb_po,medium,rsa_obs_l0,True,True,15,0,1,True,1,0.8038857373903147,0.5824,0.25,0.7417407204913656,0.3104,-0.5661,0.6931,0.1271
44,elcb_po,medium,rsa_obs_l0,True,True,15,0,1,True,1,0.8038857373903147,0.5824,0.25,0.7417407204913656,0.3104,-0.5661,0.6931,0.1271
45,elcb_po,medium,rsa_obs_l0,True,True,15,0,1,True,1,0.8038857373903147,0.5824,0.25,0.7417407204913656,0.3104,-0.5661,0.6931,0.1271
46,elcb_po,medium,rsa_obs_l0,True,True,15,0,1,True,1,0.8038857373903147,0.5824,0.25,0.7417407204913656,0.3104,-0.5661,0.6931,0.1271
47,elcb_po,medium,rsa_obs_l0,True,True,15,0,1,True,1,0.8038857373903147,0.5824,0.25,0.7417407204913656,0.3104,-0.5661,0.6931,0.1271
48,elcb_po,medium,rsa_obs_l0,True,True,15,0,1,True,1,0.8038857373903147,0.5824,0.25,0.7417407204913656,0.3104,-0.5661,0.6931,0.1271
49,elcb_po,medium,rsa_obs_l0,True,True,15,0,1,True,1,0.8038857373903147,0.5824,0.25,0.7417407204913656,0.3104,-0.5661,0.6931,0.1271
0,elcb_po,medium,rsa_obs_s1,True,True,15,0,1,True,1,0.6989234189833419,0.6874,0.25,0.7695345137374588,0.2921,-0.5547,0.6931,0.1385
1,elcb_po,medium,rsa_obs_s1,True,True,15,0,1,True,1,0.6989234189833419,0.6874,0.25,0.7695345137374588,0.2921,-0.5547,0.6931,0.1385
2,elcb_po,medium,rsa_obs_s1,True,True,15,0,1,True,1,0.6989234189833419,0.6874,0.25,0.7695345137374588,0.2921,-0.5547,0.6931,0.1385
3,elcb_po,medium,rsa_obs_s1,True,True,15,0,1,True,1,0.6989234189833419,0.6874,0.25,0.7695345137374588,0.2921,-0.5547,0.6931,0.1385
4,elcb_po,medium,rsa_obs_s1,True,True,15,0,1,True,1,0.6989234189833419,0.6874,0.25,0.7695345137374588,0.2921,-0.5547,0.6931,0.1385
5,elcb_po,medium,rsa_obs_s1,True,True,15,0,1,True,1,0.6989234189833419,0.6874,0.25,0.7695345137374588,0.2921,-0.5547,0.6931,0.1385
6,elcb_po,medium,rsa_obs_s1,True,True,15,0,1,True,1,0.6989234189833419,0.6874,0.25,0.7695345137374588,0.2921,-0.5547,0.6931,0.1385
7,elcb_po,medium,rsa_obs_s1,True,True,15,0,1,True,1,0.6989234189833419,0.6874,0.25,0.7695345137374588,0.2921,-0.5547,0.6931,0.1385
8,elcb_po,medium,rsa_obs_s1,True,True,15,0,1,True,1,0.6989234189833419,0.6874,0.25,0.7695345137374588,0.2921,-0.5547,0.6931,0.1385
9,elcb_po,medium,rsa_obs_s1,True,True,15,0,1,True,1,0.6989234189833419,0.6874,0.25,0.7695345137374588,0.2921,-0.5547,0.6931,0.1385
10,elcb_po,medium,rsa_obs_s1,True,True,15,0,1,True,1,0.6989234189833419,0.6874,0.25,0.7695345137374588,0.2921,-0.5547,0.6931,0.1385
11,elcb_po,medium,rsa_obs_s1,True,True,15,0,1,True,1,0.6989234189833419,0.6874,0.25,0.7695345137374588,0.2921,-0.5547,0.6931,0.1385
12,elcb_po,medium,rsa_obs_s1,True,True,15,0,1,True,1,0.6989234189833419,0.6874,0.25,0.7695345137374588,0.2921,-0.5547,0.6931,0.1385
13,elcb_po,medium,rsa_obs_s1,True,True,15,0,1,True,1,0.6989234189833419,0.6874,0.25,0.7695345137374588,0.2921,-0.5547,0.6931,0.1385
14,elcb_po,medium,rsa_obs_s1,True,True,15,0,1,True,1,0.6989234189833419,0.6874,0.25,0.7695345137374588,0.2921,-0.5547,0.6931,0.1385
15,elcb_po,medium,rsa_obs_s1,True,True,15,0,1,True,1,0.6989234189833419,0.6874,0.25,0.7695345137374588,0.2921,-0.5547,0.6931,0.1385
16,elcb_po,medium,rsa_obs_s1,True,True,15,0,1,True,1,0.6989234189833419,0.6874,0.25,0.7695345137374588,0.2921,-0.5547,0.6931,0.1385
17,elcb_po,medium,rsa_obs_s1,True,True,15,0,1,True,1,0.6989234189833419,0.6874,0.25,0.7695345137374588,0.2921,-0.5547,0.6931,0.1385
18,elcb_po,medium,rsa_obs_s1,True,True,15,0,1,True,1,0.6989234189833419,0.6874,0.25,0.7695345137374588,0.2921,-0.5547,0.6931,0.1385
19,elcb_po,medium,rsa_obs_s1,True,True,15,0,1,True,1,0.6989234189833419,0.6874,0.25,0.7695345137374588,0.2921,-0.5547,0.6931,0.1385
20,elcb_po,medium,rsa_obs_s1,True,True,15,0,1,True,1,0.6989234189833419,0.6874,0.25,0.7695345137374588,0.2921,-0.5547,0.6931,0.1385
21,elcb_po,medium,rsa_obs_s1,True,True,15,0,1,True,1,0.6989234189833419,0.6874,0.25,0.7695345137374588,0.2921,-0.5547,0.6931,0.1385
22,elcb_po,medium,rsa_obs_s1,True,True,15,0,1,True,1,0.6989234189833419,0.6874,0.25,0.7695345137374588,0.2921,-0.5547,0.6931,0.1385
23,elcb_po,medium,rsa_obs_s1,True,True,15,0,1,True,1,0.6989234189833419,0.6874,0.25,0.7695345137374588,0.2921,-0.5547,0.6931,0.1385
24,elcb_po,medium,rsa_obs_s1,True,True,15,0,1,True,1,0.6989234189833419,0.6874,0.25,0.7695345137374588,0.2921,-0.5547,0.6931,0.1385
25,elcb_po,medium,rsa_obs_s1,True,True,15,0,1,True,1,0.6989234189833419,0.6874,0.25,0.7695345137374588,0.2921,-0.5547,0.6931,0.1385
26,elcb_po,medium,rsa_obs_s1,True,True,15,0,1,True,1,0.6989234189833419,0.6874,0.25,0.7695345137374588,0.2921,-0.5547,0.6931,0.1385
27,elcb_po,medium,rsa_obs_s1,True,True,15,0,1,True,1,0.6989234189833419,0.6874,0.25,0.7695345137374588,0.2921,-0.5547,0.6931,0.1385
28,elcb_po,medium,rsa_obs_s1,True,True,15,0,1,True,1,0.6989234189833419,0.6874,0.25,0.7695345137374588,0.2921,-0.5547,0.6931,0.1385
29,elcb_po,medium,rsa_obs_s1,True,True,15,0,1,True,1,0.6989234189833419,0.6874,0.25,0.7695345137374588,0.2921,-0.5547,0.6931,0.1385
30,elcb_po,medium,rsa_obs_s1,True,True,15,0,1,True,1,0.6989234189833419,0.6874,0.25,0.7695345137374588,0.2921,-0.5547,0.6931,0.1385
31,elcb_po,medium,rsa_obs_s1,True,True,15,0,1,True,1,0.6989234189833419,0.6874,0.25,0.7695345137374588,0.2921,-0.5547,0.6931,0.1385
32,elcb_po,medium,rsa_obs_s1,True,True,15,0,1,True,1,0.6989234189833419,0.6874,0.25,0.7695345137374588,0.2921,-0.5547,0.6931,0.1385
33,elcb_po,medium,rsa_obs_s1,True,True,15,0,1,True,1,0.6989234189833419,0.6874,0.25,0.7695345137374588,0.2921,-0.5547,0.6931,0.1385
34,elcb_po,medium,rsa_obs_s1,True,True,15,0,1,True,1,0.6989234189833419,0.6874,0.25,0.7695345137374588,0.2921,-0.5547,0.6931,0.1385
35,elcb_po,medium,rsa_obs_s1,True,True,15,0,1,True,1,0.6989234189833419,0.6874,0.25,0.7695345137374588,0.2921,-0.5547,0.6931,0.1385
36,elcb_po,medium,rsa_obs_s1,True,True,15,0,1,True,1,0.6989234189833419,0.6874,0.25,0.7695345137374588,0.2921,-0.5547,0.6931,0.1385
37,elcb_po,medium,rsa_obs_s1,True,True,15,0,1,True,1,0.6989234189833419,0.6874,0.25,0.7695345137374588,0.2921,-0.5547,0.6931,0.1385
38,elcb_po,medium,rsa_obs_s1,True,True,15,0,1,True,1,0.6989234189833419,0.6874,0.25,0.7695345137374588,0.2921,-0.5547,0.6931,0.1385
39,elcb_po,medium,rsa_obs_s1,True,True,15,0,1,True,1,0.6989234189833419,0.6874,0.25,0.7695345137374588,0.2921,-0.5547,0.6931,0.1385
40,elcb_po,medium,rsa_obs_s1,True,True,15,0,1,True,1,0.6989234189833419,0.6874,0.25,0.7695345137374588,0.2921,-0.5547,0.6931,0.1385
41,elcb_po,medium,rsa_obs_s1,True,True,15,0,1,True,1,0.6989234189833419,0.6874,0.25,0.7695345137374588,0.2921,-0.5547,0.6931,0.1385
42,elcb_po,medium,rsa_obs_s1,True,True,15,0,1,True,1,0.6989234189833419,0.6874,0.25,0.7695345137374588,0.2921,-0.5547,0.6931,0.1385
43,elcb_po,medium,rsa_obs_s1,True,True,15,0,1,True,1,0.6989234189833419,0.6874,0.25,0.7695345137374588,0.2921,-0.5547,0.6931,0.1385
44,elcb_po,medium,rsa_obs_s1,True,True,15,0,1,True,1,0.6989234189833419,0.6874,0.25,0.7695345137374588,0.2921,-0.5547,0.6931,0.1385
45,elcb_po,medium,rsa_obs_s1,True,True,15,0,1,True,1,0.6989234189833419,0.6874,0.25,0.7695345137374588,0.2921,-0.5547,0.6931,0.1385
46,elcb_po,medium,rsa_obs_s1,True,True,15,0,1,True,1,0.6989234189833419,0.6874,0.25,0.7695345137374588,0.2921,-0.5547,0.6931,0.1385
47,elcb_po,medium,rsa_obs_s1,True,True,15,0,1,True,1,0.6989234189833419,0.6874,0.25,0.7695345137374588,0.2921,-0.5547,0.6931,0.1385
48,elcb_po,medium,rsa_obs_s1,True,True,15,0,1,True,1,0.6989234189833419,0.6874,0.25,0.7695345137374588,0.2921,-0.5547,0.6931,0.1385
49,elcb_po,medium,rsa_obs_s1,True,True,15,0,1,True,1,0.6989234189833419,0.6874,0.25,0.7695345137374588,0.2921,-0.5547,0.6931,0.1385
0,elcb_po,medium,rsa_obs_s1_trust,True,True,15,0,1,True,1,1.2550215804305218,0.1313,0.25,0.4335234601619351,0.1133,-0.3236,0.6931,0.3696
1,elcb_po,medium,rsa_obs_s1_trust,True,True,15,0,1,True,1,1.2550215804305218,0.1313,0.25,0.4335234601619351,0.1133,-0.3236,0.6931,0.3696
2,elcb_po,medium,rsa_obs_s1_trust,True,True,15,0,1,True,1,1.2550215804305218,0.1313,0.25,0.4335234601619351,0.1133,-0.3236,0.6931,0.3696
3,elcb_po,medium,rsa_obs_s1_trust,True,True,15,0,1,True,1,1.2550215804305218,0.1313,0.25,0.4335234601619351,0.1133,-0.3236,0.6931,0.3696
4,elcb_po,medium,rsa_obs_s1_trust,True,True,15,0,1,True,1,1.2550215804305218,0.1313,0.25,0.4335234601619351,0.1133,-0.3236,0.6931,0.3696
5,elcb_po,medium,rsa_obs_s1_trust,True,True,15,0,1,True,1,1.2550215804305218,0.1313,0.25,0.4335234601619351,0.1133,-0.3236,0.6931,0.3696
6,elcb_po,medium,rsa_obs_s1_trust,True,True,15,0,1,True,1,1.2550215804305218,0.1313,0.25,0.4335234601619351,0.1133,-0.3236,0.6931,0.3696
7,elcb_po,medium,rsa_obs_s1_trust,True,True,15,0,1,True,1,1.2550215804305218,0.1313,0.25,0.4335234601619351,0.1133,-0.3236,0.6931,0.3696
8,elcb_po,medium,rsa_obs_s1_trust,True,True,15,0,1,True,1,1.2550215804305218,0.1313,0.25,0.4335234601619351,0.1133,-0.3236,0.6931,0.3696
9,elcb_po,medium,rsa_obs_s1_trust,True,True,15,0,1,True,1,1.2550215804305218,0.1313,0.25,0.4335234601619351,0.1133,-0.3236,0.6931,0.3696
10,elcb_po,medium,rsa_obs_s1_trust,True,True,15,0,1,True,1,1.2550215804305218,0.1313,0.25,0.4335234601619351,0.1133,-0.3236,0.6931,0.3696
11,elcb_po,medium,rsa_obs_s1_trust,True,True,15,0,1,True,1,1.2550215804305218,0.1313,0.25,0.4335234601619351,0.1133,-0.3236,0.6931,0.3696
12,elcb_po,medium,rsa_obs_s1_trust,True,True,15,0,1,True,1,1.2550215804305218,0.1313,0.25,0.4335234601619351,0.1133,-0.3236,0.6931,0.3696
13,elcb_po,medium,rsa_obs_s1_trust,True,True,15,0,1,True,1,1.2550215804305218,0.1313,0.25,0.4335234601619351,0.1133,-0.3236,0.6931,0.3696
14,elcb_po,medium,rsa_obs_s1_trust,True,True,15,0,1,True,1,1.2550215804305218,0.1313,0.25,0.4335234601619351,0.1133,-0.3236,0.6931,0.3696
15,elcb_po,medium,rsa_obs_s1_trust,True,True,15,0,1,True,1,1.2550215804305218,0.1313,0.25,0.4335234601619351,0.1133,-0.3236,0.6931,0.3696
16,elcb_po,medium,rsa_obs_s1_trust,True,True,15,0,1,True,1,1.2550215804305218,0.1313,0.25,0.4335234601619351,0.1133,-0.3236,0.6931,0.3696
17,elcb_po,medium,rsa_obs_s1_trust,True,True,15,0,1,True,1,1.2550215804305218,0.1313,0.25,0.4335234601619351,0.1133,-0.3236,0.6931,0.3696
18,elcb_po,medium,rsa_obs_s1_trust,True,True,15,0,1,True,1,1.2550215804305218,0.1313,0.25,0.4335234601619351,0.1133,-0.3236,0.6931,0.3696
19,elcb_po,medium,rsa_obs_s1_trust,True,True,15,0,1,True,1,1.2550215804305218,0.1313,0.25,0.4335234601619351,0.1133,-0.3236,0.6931,0.3696
20,elcb_po,medium,rsa_obs_s1_trust,True,True,15,0,1,True,1,1.2550215804305218,0.1313,0.25,0.4335234601619351,0.1133,-0.3236,0.6931,0.3696
21,elcb_po,medium,rsa_obs_s1_trust,True,True,15,0,1,True,1,1.2550215804305218,0.1313,0.25,0.4335234601619351,0.1133,-0.3236,0.6931,0.3696
22,elcb_po,medium,rsa_obs_s1_trust,True,True,15,0,1,True,1,1.2550215804305218,0.1313,0.25,0.4335234601619351,0.1133,-0.3236,0.6931,0.3696
23,elcb_po,medium,rsa_obs_s1_trust,True,True,15,0,1,True,1,1.2550215804305218,0.1313,0.25,0.4335234601619351,0.1133,-0.3236,0.6931,0.3696
24,elcb_po,medium,rsa_obs_s1_trust,True,True,15,0,1,True,1,1.2550215804305218,0.1313,0.25,0.4335234601619351,0.1133,-0.3236,0.6931,0.3696
25,elcb_po,medium,rsa_obs_s1_trust,True,True,15,0,1,True,1,1.2550215804305218,0.1313,0.25,0.4335234601619351,0.1133,-0.3236,0.6931,0.3696
26,elcb_po,medium,rsa_obs_s1_trust,True,True,15,0,1,True,1,1.2550215804305218,0.1313,0.25,0.4335234601619351,0.1133,-0.3236,0.6931,0.3696
27,elcb_po,medium,rsa_obs_s1_trust,True,True,15,0,1,True,1,1.2550215804305218,0.1313,0.25,0.4335234601619351,0.1133,-0.3236,0.6931,0.3696
28,elcb_po,medium,rsa_obs_s1_trust,True,True,15,0,1,True,1,1.2550215804305218,0.1313,0.25,0.4335234601619351,0.1133,-0.3236,0.6931,0.3696
29,elcb_po,medium,rsa_obs_s1_trust,True,True,15,0,1,True,1,1.2550215804305218,0.1313,0.25,0.4335234601619351,0.1133,-0.3236,0.6931,0.3696
30,elcb_po,medium,rsa_obs_s1_trust,True,True,15,0,1,True,1,1.2550215804305218,0.1313,0.25,0.4335234601619351,0.1133,-0.3236,0.6931,0.3696
31,elcb_po,medium,rsa_obs_s1_trust,True,True,15,0,1,True,1,1.2550215804305218,0.1313,0.25,0.4335234601619351,0.1133,-0.3236,0.6931,0.3696
32,elcb_po,medium,rsa_obs_s1_trust,True,True,15,0,1,True,1,1.2550215804305218,0.1313,0.25,0.4335234601619351,0.1133,-0.3236,0.6931,0.3696
33,elcb_po,medium,rsa_obs_s1_trust,True,True,15,0,1,True,1,1.2550215804305218,0.1313,0.25,0.4335234601619351,0.1133,-0.3236,0.6931,0.3696
34,elcb_po,medium,rsa_obs_s1_trust,True,True,15,0,1,True,1,1.2550215804305218,0.1313,0.25,0.4335234601619351,0.1133,-0.3236,0.6931,0.3696
35,elcb_po,medium,rsa_obs_s1_trust,True,True,15,0,1,True,1,1.2550215804305218,0.1313,0.25,0.4335234601619351,0.1133,-0.3236,0.6931,0.3696
36,elcb_po,medium,rsa_obs_s1_trust,True,True,15,0,1,True,1,1.2550215804305218,0.1313,0.25,0.4335234601619351,0.1133,-0.3236,0.6931,0.3696
37,elcb_po,medium,rsa_obs_s1_trust,True,True,15,0,1,True,1,1.2550215804305218,0.1313,0.25,0.4335234601619351,0.1133,-0.3236,0.6931,0.3696
38,elcb_po,medium,rsa_obs_s1_trust,True,True,15,0,1,True,1,1.2550215804305218,0.1313,0.25,0.4335234601619351,0.1133,-0.3236,0.6931,0.3696
39,elcb_po,medium,rsa_obs_s1_trust,True,True,15,0,1,True,1,1.2550215804305218,0.1313,0.25,0.4335234601619351,0.1133,-0.3236,0.6931,0.3696
40,elcb_po,medium,rsa_obs_s1_trust,True,True,15,0,1,True,1,1.2550215804305218,0.1313,0.25,0.4335234601619351,0.1133,-0.3236,0.6931,0.3696
41,elcb_po,medium,rsa_obs_s1_trust,True,True,15,0,1,True,1,1.2550215804305218,0.1313,0.25,0.4335234601619351,0.1133,-0.3236,0.6931,0.3696
42,elcb_po,medium,rsa_obs_s1_trust,True,True,15,0,1,True,1,1.2550215804305218,0.1313,0.25,0.4335234601619351,0.1133,-0.3236,0.6931,0.3696
43,elcb_po,medium,rsa_obs_s1_trust,True,True,15,0,1,True,1,1.2550215804305218,0.1313,0.25,0.4335234601619351,0.1133,-0.3236,0.6931,0.3696
44,elcb_po,medium,rsa_obs_s1_trust,True,True,15,0,1,True,1,1.2550215804305218,0.1313,0.25,0.4335234601619351,0.1133,-0.3236,0.6931,0.3696
45,elcb_po,medium,rsa_obs_s1_trust,True,True,15,0,1,True,1,1.2550215804305218,0.1313,0.25,0.4335234601619351,0.1133,-0.3236,0.6931,0.3696
46,elcb_po,medium,rsa_obs_s1_trust,True,True,15,0,1,True,1,1.2550215804305218,0.1313,0.25,0.4335234601619351,0.1133,-0.3236,0.6931,0.3696
47,elcb_po,medium,rsa_obs_s1_trust,True,True,15,0,1,True,1,1.2550215804305218,0.1313,0.25,0.4335234601619351,0.1133,-0.3236,0.6931,0.3696
48,elcb_po,medium,rsa_obs_s1_trust,True,True,15,0,1,True,1,1.2550215804305218,0.1313,0.25,0.4335234601619351,0.1133,-0.3236,0.6931,0.3696
49,elcb_po,medium,rsa_obs_s1_trust,True,True,15,0,1,True,1,1.2550215804305218,0.1313,0.25,0.4335234601619351,0.1133,-0.3236,0.6931,0.3696
0,elcb_po,medium,rsa_plus_phase10,True,True,15,0,1,True,1,0.6989234189833419,0.6874,0.25,0.7695345137374588,0.2921,-0.5547,0.6931,0.1385
1,elcb_po,medium,rsa_plus_phase10,True,True,15,0,1,True,1,0.6989234189833419,0.6874,0.25,0.7695345137374588,0.2921,-0.5547,0.6931,0.1385
2,elcb_po,medium,rsa_plus_phase10,True,True,15,0,1,True,1,0.6989234189833419,0.6874,0.25,0.7695345137374588,0.2921,-0.5547,0.6931,0.1385
3,elcb_po,medium,rsa_plus_phase10,True,True,15,0,1,True,1,0.6989234189833419,0.6874,0.25,0.7695345137374588,0.2921,-0.5547,0.6931,0.1385
4,elcb_po,medium,rsa_plus_phase10,True,True,15,0,1,True,1,0.6989234189833419,0.6874,0.25,0.7695345137374588,0.2921,-0.5547,0.6931,0.1385
5,elcb_po,medium,rsa_plus_phase10,True,True,15,0,1,True,1,0.6989234189833419,0.6874,0.25,0.7695345137374588,0.2921,-0.5547,0.6931,0.1385
6,elcb_po,medium,rsa_plus_phase10,True,True,15,0,1,True,1,0.6989234189833419,0.6874,0.25,0.7695345137374588,0.2921,-0.5547,0.6931,0.1385
7,elcb_po,medium,rsa_plus_phase10,True,True,15,0,1,True,1,0.6989234189833419,0.6874,0.25,0.7695345137374588,0.2921,-0.5547,0.6931,0.1385
8,elcb_po,medium,rsa_plus_phase10,True,True,15,0,1,True,1,0.6989234189833419,0.6874,0.25,0.7695345137374588,0.2921,-0.5547,0.6931,0.1385
9,elcb_po,medium,rsa_plus_phase10,True,True,15,0,1,True,1,0.6989234189833419,0.6874,0.25,0.7695345137374588,0.2921,-0.5547,0.6931,0.1385
10,elcb_po,medium,rsa_plus_phase10,True,True,15,0,1,True,1,0.6989234189833419,0.6874,0.25,0.7695345137374588,0.2921,-0.5547,0.6931,0.1385
11,elcb_po,medium,rsa_plus_phase10,True,True,15,0,1,True,1,0.6989234189833419,0.6874,0.25,0.7695345137374588,0.2921,-0.5547,0.6931,0.1385
12,elcb_po,medium,rsa_plus_phase10,True,True,15,0,1,True,1,0.6989234189833419,0.6874,0.25,0.7695345137374588,0.2921,-0.5547,0.6931,0.1385
13,elcb_po,medium,rsa_plus_phase10,True,True,15,0,1,True,1,0.6989234189833419,0.6874,0.25,0.7695345137374588,0.2921,-0.5547,0.6931,0.1385
14,elcb_po,medium,rsa_plus_phase10,True,True,15,0,1,True,1,0.6989234189833419,0.6874,0.25,0.7695345137374588,0.2921,-0.5547,0.6931,0.1385
15,elcb_po,medium,rsa_plus_phase10,True,True,15,0,1,True,1,0.6989234189833419,0.6874,0.25,0.7695345137374588,0.2921,-0.5547,0.6931,0.1385
16,elcb_po,medium,rsa_plus_phase10,True,True,15,0,1,True,1,0.6989234189833419,0.6874,0.25,0.7695345137374588,0.2921,-0.5547,0.6931,0.1385
17,elcb_po,medium,rsa_plus_phase10,True,True,15,0,1,True,1,0.6989234189833419,0.6874,0.25,0.7695345137374588,0.2921,-0.5547,0.6931,0.1385
18,elcb_po,medium,rsa_plus_phase10,True,True,15,0,1,True,1,0.6989234189833419,0.6874,0.25,0.7695345137374588,0.2921,-0.5547,0.6931,0.1385
19,elcb_po,medium,rsa_plus_phase10,True,True,15,0,1,True,1,0.6989234189833419,0.6874,0.25,0.7695345137374588,0.2921,-0.5547,0.6931,0.1385
20,elcb_po,medium,rsa_plus_phase10,True,True,15,0,1,True,1,0.6989234189833419,0.6874,0.25,0.7695345137374588,0.2921,-0.5547,0.6931,0.1385
21,elcb_po,medium,rsa_plus_phase10,True,True,15,0,1,True,1,0.6989234189833419,0.6874,0.25,0.7695345137374588,0.2921,-0.5547,0.6931,0.1385
22,elcb_po,medium,rsa_plus_phase10,True,True,15,0,1,True,1,0.6989234189833419,0.6874,0.25,0.7695345137374588,0.2921,-0.5547,0.6931,0.1385
23,elcb_po,medium,rsa_plus_phase10,True,True,15,0,1,True,1,0.6989234189833419,0.6874,0.25,0.7695345137374588,0.2921,-0.5547,0.6931,0.1385
24,elcb_po,medium,rsa_plus_phase10,True,True,15,0,1,True,1,0.6989234189833419,0.6874,0.25,0.7695345137374588,0.2921,-0.5547,0.6931,0.1385
25,elcb_po,medium,rsa_plus_phase10,True,True,15,0,1,True,1,0.6989234189833419,0.6874,0.25,0.7695345137374588,0.2921,-0.5547,0.6931,0.1385
26,elcb_po,medium,rsa_plus_phase10,True,True,15,0,1,True,1,0.6989234189833419,0.6874,0.25,0.7695345137374588,0.2921,-0.5547,0.6931,0.1385
27,elcb_po,medium,rsa_plus_phase10,True,True,15,0,1,True,1,0.6989234189833419,0.6874,0.25,0.7695345137374588,0.2921,-0.5547,0.6931,0.1385
28,elcb_po,medium,rsa_plus_phase10,True,True,15,0,1,True,1,0.6989234189833419,0.6874,0.25,0.7695345137374588,0.2921,-0.5547,0.6931,0.1385
29,elcb_po,medium,rsa_plus_phase10,True,True,15,0,1,True,1,0.6989234189833419,0.6874,0.25,0.7695345137374588,0.2921,-0.5547,0.6931,0.1385
30,elcb_po,medium,rsa_plus_phase10,True,True,15,0,1,True,1,0.6989234189833419,0.6874,0.25,0.7695345137374588,0.2921,-0.5547,0.6931,0.1385
31,elcb_po,medium,rsa_plus_phase10,True,True,15,0,1,True,1,0.6989234189833419,0.6874,0.25,0.7695345137374588,0.2921,-0.5547,0.6931,0.1385
32,elcb_po,medium,rsa_plus_phase10,True,True,15,0,1,True,1,0.6989234189833419,0.6874,0.25,0.7695345137374588,0.2921,-0.5547,0.6931,0.1385
33,elcb_po,medium,rsa_plus_phase10,True,True,15,0,1,True,1,0.6989234189833419,0.6874,0.25,0.7695345137374588,0.2921,-0.5547,0.6931,0.1385
34,elcb_po,medium,rsa_plus_phase10,True,True,15,0,1,True,1,0.6989234189833419,0.6874,0.25,0.7695345137374588,0.2921,-0.5547,0.6931,0.1385
35,elcb_po,medium,rsa_plus_phase10,True,True,15,0,1,True,1,0.6989234189833419,0.6874,0.25,0.7695345137374588,0.2921,-0.5547,0.6931,0.1385
36,elcb_po,medium,rsa_plus_phase10,True,True,15,0,1,True,1,0.6989234189833419,0.6874,0.25,0.7695345137374588,0.2921,-0.5547,0.6931,0.1385
37,elcb_po,medium,rsa_plus_phase10,True,True,15,0,1,True,1,0.6989234189833419,0.6874,0.25,0.7695345137374588,0.2921,-0.5547,0.6931,0.1385
38,elcb_po,medium,rsa_plus_phase10,True,True,15,0,1,True,1,0.6989234189833419,0.6874,0.25,0.7695345137374588,0.2921,-0.5547,0.6931,0.1385
39,elcb_po,medium,rsa_plus_phase10,True,True,15,0,1,True,1,0.6989234189833419,0.6874,0.25,0.7695345137374588,0.2921,-0.5547,0.6931,0.1385
40,elcb_po,medium,rsa_plus_phase10,True,True,15,0,1,True,1,0.6989234189833419,0.6874,0.25,0.7695345137374588,0.2921,-0.5547,0.6931,0.1385
41,elcb_po,medium,rsa_plus_phase10,True,True,15,0,1,True,1,0.6989234189833419,0.6874,0.25,0.7695345137374588,0.2921,-0.5547,0.6931,0.1385
42,elcb_po,medium,rsa_plus_phase10,True,True,15,0,1,True,1,0.6989234189833419,0.6874,0.25,0.7695345137374588,0.2921,-0.5547,0.6931,0.1385
43,elcb_po,medium,rsa_plus_phase10,True,True,15,0,1,True,1,0.6989234189833419,0.6874,0.25,0.7695345137374588,0.2921,-0.5547,0.6931,0.1385
44,elcb_po,medium,rsa_plus_phase10,True,True,15,0,1,True,1,0.6989234189833419,0.6874,0.25,0.7695345137374588,0.2921,-0.5547,0.6931,0.1385
45,elcb_po,medium,rsa_plus_phase10,True,True,15,0,1,True,1,0.6989234189833419,0.6874,0.25,0.7695345137374588,0.2921,-0.5547,0.6931,0.1385
46,elcb_po,medium,rsa_plus_phase10,True,True,15,0,1,True,1,0.6989234189833419,0.6874,0.25,0.7695345137374588,0.2921,-0.5547,0.6931,0.1385
47,elcb_po,medium,rsa_plus_phase10,True,True,15,0,1,True,1,0.6989234189833419,0.6874,0.25,0.7695345137374588,0.2921,-0.5547,0.6931,0.1385
48,elcb_po,medium,rsa_plus_phase10,True,True,15,0,1,True,1,0.6989234189833419,0.6874,0.25,0.7695345137374588,0.2921,-0.5547,0.6931,0.1385
49,elcb_po,medium,rsa_plus_phase10,True,True,15,0,1,True,1,0.6989234189833419,0.6874,0.25,0.7695345137374588,0.2921,-0.5547,0.6931,0.1385
0,elcb_po,hard,legacy_bias,True,True,17,0,1,True,0,0.0,0.0,0.25,0.25,0.0,-0.6419,0.6931,0.0513
1,elcb_po,hard,legacy_bias,True,True,17,0,1,True,0,0.0,0.0,0.25,0.25,0.0,-0.6419,0.6931,0.0513
2,elcb_po,hard,legacy_bias,True,True,17,0,1,True,0,0.0,0.0,0.25,0.25,0.0,-0.6419,0.6931,0.0513
3,elcb_po,hard,legacy_bias,True,True,17,0,1,True,0,0.0,0.0,0.25,0.25,0.0,-0.6419,0.6931,0.0513
4,elcb_po,hard,legacy_bias,True,True,17,0,1,True,0,0.0,0.0,0.25,0.25,0.0,-0.6419,0.6931,0.0513
5,elcb_po,hard,legacy_bias,True,True,17,0,1,True,0,0.0,0.0,0.25,0.25,0.0,-0.6419,0.6931,0.0513
6,elcb_po,hard,legacy_bias,True,True,17,0,1,True,0,0.0,0.0,0.25,0.25,0.0,-0.6419,0.6931,0.0513
7,elcb_po,hard,legacy_bias,True,True,17,0,1,True,0,0.0,0.0,0.25,0.25,0.0,-0.6419,0.6931,0.0513
8,elcb_po,hard,legacy_bias,True,True,17,0,1,True,0,0.0,0.0,0.25,0.25,0.0,-0.6419,0.6931,0.0513
9,elcb_po,hard,legacy_bias,True,True,17,0,1,True,0,0.0,0.0,0.25,0.25,0.0,-0.6419,0.6931,0.0513
10,elcb_po,hard,legacy_bias,True,True,17,0,1,True,0,0.0,0.0,0.25,0.25,0.0,-0.6419,0.6931,0.0513
11,elcb_po,hard,legacy_bias,True,True,17,0,1,True,0,0.0,0.0,0.25,0.25,0.0,-0.6419,0.6931,0.0513
12,elcb_po,hard,legacy_bias,True,True,17,0,1,True,0,0.0,0.0,0.25,0.25,0.0,-0.6419,0.6931,0.0513
13,elcb_po,hard,legacy_bias,True,True,17,0,1,True,0,0.0,0.0,0.25,0.25,0.0,-0.6419,0.6931,0.0513
14,elcb_po,hard,legacy_bias,True,True,17,0,1,True,0,0.0,0.0,0.25,0.25,0.0,-0.6419,0.6931,0.0513
15,elcb_po,hard,legacy_bias,True,True,17,0,1,True,0,0.0,0.0,0.25,0.25,0.0,-0.6419,0.6931,0.0513
16,elcb_po,hard,legacy_bias,True,True,17,0,1,True,0,0.0,0.0,0.25,0.25,0.0,-0.6419,0.6931,0.0513
17,elcb_po,hard,legacy_bias,True,True,17,0,1,True,0,0.0,0.0,0.25,0.25,0.0,-0.6419,0.6931,0.0513
18,elcb_po,hard,legacy_bias,True,True,17,0,1,True,0,0.0,0.0,0.25,0.25,0.0,-0.6419,0.6931,0.0513
19,elcb_po,hard,legacy_bias,True,True,17,0,1,True,0,0.0,0.0,0.25,0.25,0.0,-0.6419,0.6931,0.0513
20,elcb_po,hard,legacy_bias,True,True,17,0,1,True,0,0.0,0.0,0.25,0.25,0.0,-0.6419,0.6931,0.0513
21,elcb_po,hard,legacy_bias,True,True,17,0,1,True,0,0.0,0.0,0.25,0.25,0.0,-0.6419,0.6931,0.0513
22,elcb_po,hard,legacy_bias,True,True,17,0,1,True,0,0.0,0.0,0.25,0.25,0.0,-0.6419,0.6931,0.0513
23,elcb_po,hard,legacy_bias,True,True,17,0,1,True,0,0.0,0.0,0.25,0.25,0.0,-0.6419,0.6931,0.0513
24,elcb_po,hard,legacy_bias,True,True,17,0,1,True,0,0.0,0.0,0.25,0.25,0.0,-0.6419,0.6931,0.0513
25,elcb_po,hard,legacy_bias,True,True,17,0,1,True,0,0.0,0.0,0.25,0.25,0.0,-0.6419,0.6931,0.0513
26,elcb_po,hard,legacy_bias,True,True,17,0,1,True,0,0.0,0.0,0.25,0.25,0.0,-0.6419,0.6931,0.0513
27,elcb_po,hard,legacy_bias,True,True,17,0,1,True,0,0.0,0.0,0.25,0.25,0.0,-0.6419,0.6931,0.0513
28,elcb_po,hard,legacy_bias,True,True,17,0,1,True,0,0.0,0.0,0.25,0.25,0.0,-0.6419,0.6931,0.0513
29,elcb_po,hard,legacy_bias,True,True,17,0,1,True,0,0.0,0.0,0.25,0.25,0.0,-0.6419,0.6931,0.0513
30,elcb_po,hard,legacy_bias,True,True,17,0,1,True,0,0.0,0.0,0.25,0.25,0.0,-0.6419,0.6931,0.0513
31,elcb_po,hard,legacy_bias,True,True,17,0,1,True,0,0.0,0.0,0.25,0.25,0.0,-0.6419,0.6931,0.0513
32,elcb_po,hard,legacy_bias,True,True,17,0,1,True,0,0.0,0.0,0.25,0.25,0.0,-0.6419,0.6931,0.0513
33,elcb_po,hard,legacy_bias,True,True,17,0,1,True,0,0.0,0.0,0.25,0.25,0.0,-0.6419,0.6931,0.0513
34,elcb_po,hard,legacy_bias,True,True,17,0,1,True,0,0.0,0.0,0.25,0.25,0.0,-0.6419,0.6931,0.0513
35,elcb_po,hard,legacy_bias,True,True,17,0,1,True,0,0.0,0.0,0.25,0.25,0.0,-0.6419,0.6931,0.0513
36,elcb_po,hard,legacy_bias,True,True,17,0,1,True,0,0.0,0.0,0.25,0.25,0.0,-0.6419,0.6931,0.0513
37,elcb_po,hard,legacy_bias,True,True,17,0,1,True,0,0.0,0.0,0.25,0.25,0.0,-0.6419,0.6931,0.0513
38,elcb_po,hard,legacy_bias,True,True,17,0,1,True,0,0.0,0.0,0.25,0.25,0.0,-0.6419,0.6931,0.0513
39,elcb_po,hard,legacy_bias,True,True,17,0,1,True,0,0.0,0.0,0.25,0.25,0.0,-0.6419,0.6931,0.0513
40,elcb_po,hard,legacy_bias,True,True,17,0,1,True,0,0.0,0.0,0.25,0.25,0.0,-0.6419,0.6931,0.0513
41,elcb_po,hard,legacy_bias,True,True,17,0,1,True,0,0.0,0.0,0.25,0.25,0.0,-0.6419,0.6931,0.0513
42,elcb_po,hard,legacy_bias,True,True,17,0,1,True,0,0.0,0.0,0.25,0.25,0.0,-0.6419,0.6931,0.0513
43,elcb_po,hard,legacy_bias,True,True,17,0,1,True,0,0.0,0.0,0.25,0.25,0.0,-0.6419,0.6931,0.0513
44,elcb_po,hard,legacy_bias,True,True,17,0,1,True,0,0.0,0.0,0.25,0.25,0.0,-0.6419,0.6931,0.0513
45,elcb_po,hard,legacy_bias,True,True,17,0,1,True,0,0.0,0.0,0.25,0.25,0.0,-0.6419,0.6931,0.0513
46,elcb_po,hard,legacy_bias,True,True,17,0,1,True,0,0.0,0.0,0.25,0.25,0.0,-0.6419,0.6931,0.0513
47,elcb_po,hard,legacy_bias,True,True,17,0,1,True,0,0.0,0.0,0.25,0.25,0.0,-0.6419,0.6931,0.0513
48,elcb_po,hard,legacy_bias,True,True,17,0,1,True,0,0.0,0.0,0.25,0.25,0.0,-0.6419,0.6931,0.0513
49,elcb_po,hard,legacy_bias,True,True,17,0,1,True,0,0.0,0.0,0.25,0.25,0.0,-0.6419,0.6931,0.0513
0,elcb_po,hard,rsa_obs_l0,True,True,17,0,1,True,1,0.8038857373903147,0.5824,0.25,0.7417407204913656,0.3104,-0.5661,0.6931,0.1271
1,elcb_po,hard,rsa_obs_l0,True,True,17,0,1,True,1,0.8038857373903147,0.5824,0.25,0.7417407204913656,0.3104,-0.5661,0.6931,0.1271
2,elcb_po,hard,rsa_obs_l0,True,True,17,0,1,True,1,0.8038857373903147,0.5824,0.25,0.7417407204913656,0.3104,-0.5661,0.6931,0.1271
3,elcb_po,hard,rsa_obs_l0,True,True,17,0,1,True,1,0.8038857373903147,0.5824,0.25,0.7417407204913656,0.3104,-0.5661,0.6931,0.1271
4,elcb_po,hard,rsa_obs_l0,True,True,17,0,1,True,1,0.8038857373903147,0.5824,0.25,0.7417407204913656,0.3104,-0.5661,0.6931,0.1271
5,elcb_po,hard,rsa_obs_l0,True,True,17,0,1,True,1,0.8038857373903147,0.5824,0.25,0.7417407204913656,0.3104,-0.5661,0.6931,0.1271
6,elcb_po,hard,rsa_obs_l0,True,True,17,0,1,True,1,0.8038857373903147,0.5824,0.25,0.7417407204913656,0.3104,-0.5661,0.6931,0.1271
7,elcb_po,hard,rsa_obs_l0,True,True,17,0,1,True,1,0.8038857373903147,0.5824,0.25,0.7417407204913656,0.3104,-0.5661,0.6931,0.1271
8,elcb_po,hard,rsa_obs_l0,True,True,17,0,1,True,1,0.8038857373903147,0.5824,0.25,0.7417407204913656,0.3104,-0.5661,0.6931,0.1271
9,elcb_po,hard,rsa_obs_l0,True,True,17,0,1,True,1,0.8038857373903147,0.5824,0.25,0.7417407204913656,0.3104,-0.5661,0.6931,0.1271
10,elcb_po,hard,rsa_obs_l0,True,True,17,0,1,True,1,0.8038857373903147,0.5824,0.25,0.7417407204913656,0.3104,-0.5661,0.6931,0.1271
11,elcb_po,hard,rsa_obs_l0,True,True,17,0,1,True,1,0.8038857373903147,0.5824,0.25,0.7417407204913656,0.3104,-0.5661,0.6931,0.1271
12,elcb_po,hard,rsa_obs_l0,True,True,17,0,1,True,1,0.8038857373903147,0.5824,0.25,0.7417407204913656,0.3104,-0.5661,0.6931,0.1271
13,elcb_po,hard,rsa_obs_l0,True,True,17,0,1,True,1,0.8038857373903147,0.5824,0.25,0.7417407204913656,0.3104,-0.5661,0.6931,0.1271
14,elcb_po,hard,rsa_obs_l0,True,True,17,0,1,True,1,0.8038857373903147,0.5824,0.25,0.7417407204913656,0.3104,-0.5661,0.6931,0.1271
15,elcb_po,hard,rsa_obs_l0,True,True,17,0,1,True,1,0.8038857373903147,0.5824,0.25,0.7417407204913656,0.3104,-0.5661,0.6931,0.1271
16,elcb_po,hard,rsa_obs_l0,True,True,17,0,1,True,1,0.8038857373903147,0.5824,0.25,0.7417407204913656,0.3104,-0.5661,0.6931,0.1271
17,elcb_po,hard,rsa_obs_l0,True,True,17,0,1,True,1,0.8038857373903147,0.5824,0.25,0.7417407204913656,0.3104,-0.5661,0.6931,0.1271
18,elcb_po,hard,rsa_obs_l0,True,True,17,0,1,True,1,0.8038857373903147,0.5824,0.25,0.7417407204913656,0.3104,-0.5661,0.6931,0.1271
19,elcb_po,hard,rsa_obs_l0,True,True,17,0,1,True,1,0.8038857373903147,0.5824,0.25,0.7417407204913656,0.3104,-0.5661,0.6931,0.1271
20,elcb_po,hard,rsa_obs_l0,True,True,17,0,1,True,1,0.8038857373903147,0.5824,0.25,0.7417407204913656,0.3104,-0.5661,0.6931,0.1271
21,elcb_po,hard,rsa_obs_l0,True,True,17,0,1,True,1,0.8038857373903147,0.5824,0.25,0.7417407204913656,0.3104,-0.5661,0.6931,0.1271
22,elcb_po,hard,rsa_obs_l0,True,True,17,0,1,True,1,0.8038857373903147,0.5824,0.25,0.7417407204913656,0.3104,-0.5661,0.6931,0.1271
23,elcb_po,hard,rsa_obs_l0,True,True,17,0,1,True,1,0.8038857373903147,0.5824,0.25,0.7417407204913656,0.3104,-0.5661,0.6931,0.1271
24,elcb_po,hard,rsa_obs_l0,True,True,17,0,1,True,1,0.8038857373903147,0.5824,0.25,0.7417407204913656,0.3104,-0.5661,0.6931,0.1271
25,elcb_po,hard,rsa_obs_l0,True,True,17,0,1,True,1,0.8038857373903147,0.5824,0.25,0.7417407204913656,0.3104,-0.5661,0.6931,0.1271
26,elcb_po,hard,rsa_obs_l0,True,True,17,0,1,True,1,0.8038857373903147,0.5824,0.25,0.7417407204913656,0.3104,-0.5661,0.6931,0.1271
27,elcb_po,hard,rsa_obs_l0,True,True,17,0,1,True,1,0.8038857373903147,0.5824,0.25,0.7417407204913656,0.3104,-0.5661,0.6931,0.1271
28,elcb_po,hard,rsa_obs_l0,True,True,17,0,1,True,1,0.8038857373903147,0.5824,0.25,0.7417407204913656,0.3104,-0.5661,0.6931,0.1271
29,elcb_po,hard,rsa_obs_l0,True,True,17,0,1,True,1,0.8038857373903147,0.5824,0.25,0.7417407204913656,0.3104,-0.5661,0.6931,0.1271
30,elcb_po,hard,rsa_obs_l0,True,True,17,0,1,True,1,0.8038857373903147,0.5824,0.25,0.7417407204913656,0.3104,-0.5661,0.6931,0.1271
31,elcb_po,hard,rsa_obs_l0,True,True,17,0,1,True,1,0.8038857373903147,0.5824,0.25,0.7417407204913656,0.3104,-0.5661,0.6931,0.1271
32,elcb_po,hard,rsa_obs_l0,True,True,17,0,1,True,1,0.8038857373903147,0.5824,0.25,0.7417407204913656,0.3104,-0.5661,0.6931,0.1271
33,elcb_po,hard,rsa_obs_l0,True,True,17,0,1,True,1,0.8038857373903147,0.5824,0.25,0.7417407204913656,0.3104,-0.5661,0.6931,0.1271
34,elcb_po,hard,rsa_obs_l0,True,True,17,0,1,True,1,0.8038857373903147,0.5824,0.25,0.7417407204913656,0.3104,-0.5661,0.6931,0.1271
35,elcb_po,hard,rsa_obs_l0,True,True,17,0,1,True,1,0.8038857373903147,0.5824,0.25,0.7417407204913656,0.3104,-0.5661,0.6931,0.1271
36,elcb_po,hard,rsa_obs_l0,True,True,17,0,1,True,1,0.8038857373903147,0.5824,0.25,0.7417407204913656,0.3104,-0.5661,0.6931,0.1271
37,elcb_po,hard,rsa_obs_l0,True,True,17,0,1,True,1,0.8038857373903147,0.5824,0.25,0.7417407204913656,0.3104,-0.5661,0.6931,0.1271
38,elcb_po,hard,rsa_obs_l0,True,True,17,0,1,True,1,0.8038857373903147,0.5824,0.25,0.7417407204913656,0.3104,-0.5661,0.6931,0.1271
39,elcb_po,hard,rsa_obs_l0,True,True,17,0,1,True,1,0.8038857373903147,0.5824,0.25,0.7417407204913656,0.3104,-0.5661,0.6931,0.1271
40,elcb_po,hard,rsa_obs_l0,True,True,17,0,1,True,1,0.8038857373903147,0.5824,0.25,0.7417407204913656,0.3104,-0.5661,0.6931,0.1271
41,elcb_po,hard,rsa_obs_l0,True,True,17,0,1,True,1,0.8038857373903147,0.5824,0.25,0.7417407204913656,0.3104,-0.5661,0.6931,0.1271
42,elcb_po,hard,rsa_obs_l0,True,True,17,0,1,True,1,0.8038857373903147,0.5824,0.25,0.7417407204913656,0.3104,-0.5661,0.6931,0.1271
43,elcb_po,hard,rsa_obs_l0,True,True,17,0,1,True,1,0.8038857373903147,0.5824,0.25,0.7417407204913656,0.3104,-0.5661,0.6931,0.1271
44,elcb_po,hard,rsa_obs_l0,True,True,17,0,1,True,1,0.8038857373903147,0.5824,0.25,0.7417407204913656,0.3104,-0.5661,0.6931,0.1271
45,elcb_po,hard,rsa_obs_l0,True,True,17,0,1,True,1,0.8038857373903147,0.5824,0.25,0.7417407204913656,0.3104,-0.5661,0.6931,0.1271
46,elcb_po,hard,rsa_obs_l0,True,True,17,0,1,True,1,0.8038857373903147,0.5824,0.25,0.7417407204913656,0.3104,-0.5661,0.6931,0.1271
47,elcb_po,hard,rsa_obs_l0,True,True,17,0,1,True,1,0.8038857373903147,0.5824,0.25,0.7417407204913656,0.3104,-0.5661,0.6931,0.1271
48,elcb_po,hard,rsa_obs_l0,True,True,17,0,1,True,1,0.8038857373903147,0.5824,0.25,0.7417407204913656,0.3104,-0.5661,0.6931,0.1271
49,elcb_po,hard,rsa_obs_l0,True,True,17,0,1,True,1,0.8038857373903147,0.5824,0.25,0.7417407204913656,0.3104,-0.5661,0.6931,0.1271
0,elcb_po,hard,rsa_obs_s1,True,True,17,0,1,True,1,0.6989234189833419,0.6874,0.25,0.7695345137374588,0.2921,-0.5547,0.6931,0.1385
1,elcb_po,hard,rsa_obs_s1,True,True,17,0,1,True,1,0.6989234189833419,0.6874,0.25,0.7695345137374588,0.2921,-0.5547,0.6931,0.1385
2,elcb_po,hard,rsa_obs_s1,True,True,17,0,1,True,1,0.6989234189833419,0.6874,0.25,0.7695345137374588,0.2921,-0.5547,0.6931,0.1385
3,elcb_po,hard,rsa_obs_s1,True,True,17,0,1,True,1,0.6989234189833419,0.6874,0.25,0.7695345137374588,0.2921,-0.5547,0.6931,0.1385
4,elcb_po,hard,rsa_obs_s1,True,True,17,0,1,True,1,0.6989234189833419,0.6874,0.25,0.7695345137374588,0.2921,-0.5547,0.6931,0.1385
5,elcb_po,hard,rsa_obs_s1,True,True,17,0,1,True,1,0.6989234189833419,0.6874,0.25,0.7695345137374588,0.2921,-0.5547,0.6931,0.1385
6,elcb_po,hard,rsa_obs_s1,True,True,17,0,1,True,1,0.6989234189833419,0.6874,0.25,0.7695345137374588,0.2921,-0.5547,0.6931,0.1385
7,elcb_po,hard,rsa_obs_s1,True,True,17,0,1,True,1,0.6989234189833419,0.6874,0.25,0.7695345137374588,0.2921,-0.5547,0.6931,0.1385
8,elcb_po,hard,rsa_obs_s1,True,True,17,0,1,True,1,0.6989234189833419,0.6874,0.25,0.7695345137374588,0.2921,-0.5547,0.6931,0.1385
9,elcb_po,hard,rsa_obs_s1,True,True,17,0,1,True,1,0.6989234189833419,0.6874,0.25,0.7695345137374588,0.2921,-0.5547,0.6931,0.1385
10,elcb_po,hard,rsa_obs_s1,True,True,17,0,1,True,1,0.6989234189833419,0.6874,0.25,0.7695345137374588,0.2921,-0.5547,0.6931,0.1385
11,elcb_po,hard,rsa_obs_s1,True,True,17,0,1,True,1,0.6989234189833419,0.6874,0.25,0.7695345137374588,0.2921,-0.5547,0.6931,0.1385
12,elcb_po,hard,rsa_obs_s1,True,True,17,0,1,True,1,0.6989234189833419,0.6874,0.25,0.7695345137374588,0.2921,-0.5547,0.6931,0.1385
13,elcb_po,hard,rsa_obs_s1,True,True,17,0,1,True,1,0.6989234189833419,0.6874,0.25,0.7695345137374588,0.2921,-0.5547,0.6931,0.1385
14,elcb_po,hard,rsa_obs_s1,True,True,17,0,1,True,1,0.6989234189833419,0.6874,0.25,0.7695345137374588,0.2921,-0.5547,0.6931,0.1385
15,elcb_po,hard,rsa_obs_s1,True,True,17,0,1,True,1,0.6989234189833419,0.6874,0.25,0.7695345137374588,0.2921,-0.5547,0.6931,0.1385
16,elcb_po,hard,rsa_obs_s1,True,True,17,0,1,True,1,0.6989234189833419,0.6874,0.25,0.7695345137374588,0.2921,-0.5547,0.6931,0.1385
17,elcb_po,hard,rsa_obs_s1,True,True,17,0,1,True,1,0.6989234189833419,0.6874,0.25,0.7695345137374588,0.2921,-0.5547,0.6931,0.1385
18,elcb_po,hard,rsa_obs_s1,True,True,17,0,1,True,1,0.6989234189833419,0.6874,0.25,0.7695345137374588,0.2921,-0.5547,0.6931,0.1385
19,elcb_po,hard,rsa_obs_s1,True,True,17,0,1,True,1,0.6989234189833419,0.6874,0.25,0.7695345137374588,0.2921,-0.5547,0.6931,0.1385
20,elcb_po,hard,rsa_obs_s1,True,True,17,0,1,True,1,0.6989234189833419,0.6874,0.25,0.7695345137374588,0.2921,-0.5547,0.6931,0.1385
21,elcb_po,hard,rsa_obs_s1,True,True,17,0,1,True,1,0.6989234189833419,0.6874,0.25,0.7695345137374588,0.2921,-0.5547,0.6931,0.1385
22,elcb_po,hard,rsa_obs_s1,True,True,17,0,1,True,1,0.6989234189833419,0.6874,0.25,0.7695345137374588,0.2921,-0.5547,0.6931,0.1385
23,elcb_po,hard,rsa_obs_s1,True,True,17,0,1,True,1,0.6989234189833419,0.6874,0.25,0.7695345137374588,0.2921,-0.5547,0.6931,0.1385
24,elcb_po,hard,rsa_obs_s1,True,True,17,0,1,True,1,0.6989234189833419,0.6874,0.25,0.7695345137374588,0.2921,-0.5547,0.6931,0.1385
25,elcb_po,hard,rsa_obs_s1,True,True,17,0,1,True,1,0.6989234189833419,0.6874,0.25,0.7695345137374588,0.2921,-0.5547,0.6931,0.1385
26,elcb_po,hard,rsa_obs_s1,True,True,17,0,1,True,1,0.6989234189833419,0.6874,0.25,0.7695345137374588,0.2921,-0.5547,0.6931,0.1385
27,elcb_po,hard,rsa_obs_s1,True,True,17,0,1,True,1,0.6989234189833419,0.6874,0.25,0.7695345137374588,0.2921,-0.5547,0.6931,0.1385
28,elcb_po,hard,rsa_obs_s1,True,True,17,0,1,True,1,0.6989234189833419,0.6874,0.25,0.7695345137374588,0.2921,-0.5547,0.6931,0.1385
29,elcb_po,hard,rsa_obs_s1,True,True,17,0,1,True,1,0.6989234189833419,0.6874,0.25,0.7695345137374588,0.2921,-0.5547,0.6931,0.1385
30,elcb_po,hard,rsa_obs_s1,True,True,17,0,1,True,1,0.6989234189833419,0.6874,0.25,0.7695345137374588,0.2921,-0.5547,0.6931,0.1385
31,elcb_po,hard,rsa_obs_s1,True,True,17,0,1,True,1,0.6989234189833419,0.6874,0.25,0.7695345137374588,0.2921,-0.5547,0.6931,0.1385
32,elcb_po,hard,rsa_obs_s1,True,True,17,0,1,True,1,0.6989234189833419,0.6874,0.25,0.7695345137374588,0.2921,-0.5547,0.6931,0.1385
33,elcb_po,hard,rsa_obs_s1,True,True,17,0,1,True,1,0.6989234189833419,0.6874,0.25,0.7695345137374588,0.2921,-0.5547,0.6931,0.1385
34,elcb_po,hard,rsa_obs_s1,True,True,17,0,1,True,1,0.6989234189833419,0.6874,0.25,0.7695345137374588,0.2921,-0.5547,0.6931,0.1385
35,elcb_po,hard,rsa_obs_s1,True,True,17,0,1,True,1,0.6989234189833419,0.6874,0.25,0.7695345137374588,0.2921,-0.5547,0.6931,0.1385
36,elcb_po,hard,rsa_obs_s1,True,True,17,0,1,True,1,0.6989234189833419,0.6874,0.25,0.7695345137374588,0.2921,-0.5547,0.6931,0.1385
37,elcb_po,hard,rsa_obs_s1,True,True,17,0,1,True,1,0.6989234189833419,0.6874,0.25,0.7695345137374588,0.2921,-0.5547,0.6931,0.1385
38,elcb_po,hard,rsa_obs_s1,True,True,17,0,1,True,1,0.6989234189833419,0.6874,0.25,0.7695345137374588,0.2921,-0.5547,0.6931,0.1385
39,elcb_po,hard,rsa_obs_s1,True,True,17,0,1,True,1,0.6989234189833419,0.6874,0.25,0.7695345137374588,0.2921,-0.5547,0.6931,0.1385
40,elcb_po,hard,rsa_obs_s1,True,True,17,0,1,True,1,0.6989234189833419,0.6874,0.25,0.7695345137374588,0.2921,-0.5547,0.6931,0.1385
41,elcb_po,hard,rsa_obs_s1,True,True,17,0,1,True,1,0.6989234189833419,0.6874,0.25,0.7695345137374588,0.2921,-0.5547,0.6931,0.1385
42,elcb_po,hard,rsa_obs_s1,True,True,17,0,1,True,1,0.6989234189833419,0.6874,0.25,0.7695345137374588,0.2921,-0.5547,0.6931,0.1385
43,elcb_po,hard,rsa_obs_s1,True,True,17,0,1,True,1,0.6989234189833419,0.6874,0.25,0.7695345137374588,0.2921,-0.5547,0.6931,0.1385
44,elcb_po,hard,rsa_obs_s1,True,True,17,0,1,True,1,0.6989234189833419,0.6874,0.25,0.7695345137374588,0.2921,-0.5547,0.6931,0.1385
45,elcb_po,hard,rsa_obs_s1,True,True,17,0,1,True,1,0.6989234189833419,0.6874,0.25,0.7695345137374588,0.2921,-0.5547,0.6931,0.1385
46,elcb_po,hard,rsa_obs_s1,True,True,17,0,1,True,1,0.6989234189833419,0.6874,0.25,0.7695345137374588,0.2921,-0.5547,0.6931,0.1385
47,elcb_po,hard,rsa_obs_s1,True,True,17,0,1,True,1,0.6989234189833419,0.6874,0.25,0.7695345137374588,0.2921,-0.5547,0.6931,0.1385
48,elcb_po,hard,rsa_obs_s1,True,True,17,0,1,True,1,0.6989234189833419,0.6874,0.25,0.7695345137374588,0.2921,-0.5547,0.6931,0.1385
49,elcb_po,hard,rsa_obs_s1,True,True,17,0,1,True,1,0.6989234189833419,0.6874,0.25,0.7695345137374588,0.2921,-0.5547,0.6931,0.1385
0,elcb_po,hard,rsa_obs_s1_trust,True,True,17,0,1,True,1,1.2550215804305218,0.1313,0.25,0.4335234601619351,0.1133,-0.3236,0.6931,0.3696
1,elcb_po,hard,rsa_obs_s1_trust,True,True,17,0,1,True,1,1.2550215804305218,0.1313,0.25,0.4335234601619351,0.1133,-0.3236,0.6931,0.3696
2,elcb_po,hard,rsa_obs_s1_trust,True,True,17,0,1,True,1,1.2550215804305218,0.1313,0.25,0.4335234601619351,0.1133,-0.3236,0.6931,0.3696
3,elcb_po,hard,rsa_obs_s1_trust,True,True,17,0,1,True,1,1.2550215804305218,0.1313,0.25,0.4335234601619351,0.1133,-0.3236,0.6931,0.3696
4,elcb_po,hard,rsa_obs_s1_trust,True,True,17,0,1,True,1,1.2550215804305218,0.1313,0.25,0.4335234601619351,0.1133,-0.3236,0.6931,0.3696
5,elcb_po,hard,rsa_obs_s1_trust,True,True,17,0,1,True,1,1.2550215804305218,0.1313,0.25,0.4335234601619351,0.1133,-0.3236,0.6931,0.3696
6,elcb_po,hard,rsa_obs_s1_trust,True,True,17,0,1,True,1,1.2550215804305218,0.1313,0.25,0.4335234601619351,0.1133,-0.3236,0.6931,0.3696
7,elcb_po,hard,rsa_obs_s1_trust,True,True,17,0,1,True,1,1.2550215804305218,0.1313,0.25,0.4335234601619351,0.1133,-0.3236,0.6931,0.3696
8,elcb_po,hard,rsa_obs_s1_trust,True,True,17,0,1,True,1,1.2550215804305218,0.1313,0.25,0.4335234601619351,0.1133,-0.3236,0.6931,0.3696
9,elcb_po,hard,rsa_obs_s1_trust,True,True,17,0,1,True,1,1.2550215804305218,0.1313,0.25,0.4335234601619351,0.1133,-0.3236,0.6931,0.3696
10,elcb_po,hard,rsa_obs_s1_trust,True,True,17,0,1,True,1,1.2550215804305218,0.1313,0.25,0.4335234601619351,0.1133,-0.3236,0.6931,0.3696
11,elcb_po,hard,rsa_obs_s1_trust,True,True,17,0,1,True,1,1.2550215804305218,0.1313,0.25,0.4335234601619351,0.1133,-0.3236,0.6931,0.3696
12,elcb_po,hard,rsa_obs_s1_trust,True,True,17,0,1,True,1,1.2550215804305218,0.1313,0.25,0.4335234601619351,0.1133,-0.3236,0.6931,0.3696
13,elcb_po,hard,rsa_obs_s1_trust,True,True,17,0,1,True,1,1.2550215804305218,0.1313,0.25,0.4335234601619351,0.1133,-0.3236,0.6931,0.3696
14,elcb_po,hard,rsa_obs_s1_trust,True,True,17,0,1,True,1,1.2550215804305218,0.1313,0.25,0.4335234601619351,0.1133,-0.3236,0.6931,0.3696
15,elcb_po,hard,rsa_obs_s1_trust,True,True,17,0,1,True,1,1.2550215804305218,0.1313,0.25,0.4335234601619351,0.1133,-0.3236,0.6931,0.3696
16,elcb_po,hard,rsa_obs_s1_trust,True,True,17,0,1,True,1,1.2550215804305218,0.1313,0.25,0.4335234601619351,0.1133,-0.3236,0.6931,0.3696
17,elcb_po,hard,rsa_obs_s1_trust,True,True,17,0,1,True,1,1.2550215804305218,0.1313,0.25,0.4335234601619351,0.1133,-0.3236,0.6931,0.3696
18,elcb_po,hard,rsa_obs_s1_trust,True,True,17,0,1,True,1,1.2550215804305218,0.1313,0.25,0.4335234601619351,0.1133,-0.3236,0.6931,0.3696
19,elcb_po,hard,rsa_obs_s1_trust,True,True,17,0,1,True,1,1.2550215804305218,0.1313,0.25,0.4335234601619351,0.1133,-0.3236,0.6931,0.3696
20,elcb_po,hard,rsa_obs_s1_trust,True,True,17,0,1,True,1,1.2550215804305218,0.1313,0.25,0.4335234601619351,0.1133,-0.3236,0.6931,0.3696
21,elcb_po,hard,rsa_obs_s1_trust,True,True,17,0,1,True,1,1.2550215804305218,0.1313,0.25,0.4335234601619351,0.1133,-0.3236,0.6931,0.3696
22,elcb_po,hard,rsa_obs_s1_trust,True,True,17,0,1,True,1,1.2550215804305218,0.1313,0.25,0.4335234601619351,0.1133,-0.3236,0.6931,0.3696
23,elcb_po,hard,rsa_obs_s1_trust,True,True,17,0,1,True,1,1.2550215804305218,0.1313,0.25,0.4335234601619351,0.1133,-0.3236,0.6931,0.3696
24,elcb_po,hard,rsa_obs_s1_trust,True,True,17,0,1,True,1,1.2550215804305218,0.1313,0.25,0.4335234601619351,0.1133,-0.3236,0.6931,0.3696
25,elcb_po,hard,rsa_obs_s1_trust,True,True,17,0,1,True,1,1.2550215804305218,0.1313,0.25,0.4335234601619351,0.1133,-0.3236,0.6931,0.3696
26,elcb_po,hard,rsa_obs_s1_trust,True,True,17,0,1,True,1,1.2550215804305218,0.1313,0.25,0.4335234601619351,0.1133,-0.3236,0.6931,0.3696
27,elcb_po,hard,rsa_obs_s1_trust,True,True,17,0,1,True,1,1.2550215804305218,0.1313,0.25,0.4335234601619351,0.1133,-0.3236,0.6931,0.3696
28,elcb_po,hard,rsa_obs_s1_trust,True,True,17,0,1,True,1,1.2550215804305218,0.1313,0.25,0.4335234601619351,0.1133,-0.3236,0.6931,0.3696
29,elcb_po,hard,rsa_obs_s1_trust,True,True,17,0,1,True,1,1.2550215804305218,0.1313,0.25,0.4335234601619351,0.1133,-0.3236,0.6931,0.3696
30,elcb_po,hard,rsa_obs_s1_trust,True,True,17,0,1,True,1,1.2550215804305218,0.1313,0.25,0.4335234601619351,0.1133,-0.3236,0.6931,0.3696
31,elcb_po,hard,rsa_obs_s1_trust,True,True,17,0,1,True,1,1.2550215804305218,0.1313,0.25,0.4335234601619351,0.1133,-0.3236,0.6931,0.3696
32,elcb_po,hard,rsa_obs_s1_trust,True,True,17,0,1,True,1,1.2550215804305218,0.1313,0.25,0.4335234601619351,0.1133,-0.3236,0.6931,0.3696
33,elcb_po,hard,rsa_obs_s1_trust,True,True,17,0,1,True,1,1.2550215804305218,0.1313,0.25,0.4335234601619351,0.1133,-0.3236,0.6931,0.3696
34,elcb_po,hard,rsa_obs_s1_trust,True,True,17,0,1,True,1,1.2550215804305218,0.1313,0.25,0.4335234601619351,0.1133,-0.3236,0.6931,0.3696
35,elcb_po,hard,rsa_obs_s1_trust,True,True,17,0,1,True,1,1.2550215804305218,0.1313,0.25,0.4335234601619351,0.1133,-0.3236,0.6931,0.3696
36,elcb_po,hard,rsa_obs_s1_trust,True,True,17,0,1,True,1,1.2550215804305218,0.1313,0.25,0.4335234601619351,0.1133,-0.3236,0.6931,0.3696
37,elcb_po,hard,rsa_obs_s1_trust,True,True,17,0,1,True,1,1.2550215804305218,0.1313,0.25,0.4335234601619351,0.1133,-0.3236,0.6931,0.3696
38,elcb_po,hard,rsa_obs_s1_trust,True,True,17,0,1,True,1,1.2550215804305218,0.1313,0.25,0.4335234601619351,0.1133,-0.3236,0.6931,0.3696
39,elcb_po,hard,rsa_obs_s1_trust,True,True,17,0,1,True,1,1.2550215804305218,0.1313,0.25,0.4335234601619351,0.1133,-0.3236,0.6931,0.3696
40,elcb_po,hard,rsa_obs_s1_trust,True,True,17,0,1,True,1,1.2550215804305218,0.1313,0.25,0.4335234601619351,0.1133,-0.3236,0.6931,0.3696
41,elcb_po,hard,rsa_obs_s1_trust,True,True,17,0,1,True,1,1.2550215804305218,0.1313,0.25,0.4335234601619351,0.1133,-0.3236,0.6931,0.3696
42,elcb_po,hard,rsa_obs_s1_trust,True,True,17,0,1,True,1,1.2550215804305218,0.1313,0.25,0.4335234601619351,0.1133,-0.3236,0.6931,0.3696
43,elcb_po,hard,rsa_obs_s1_trust,True,True,17,0,1,True,1,1.2550215804305218,0.1313,0.25,0.4335234601619351,0.1133,-0.3236,0.6931,0.3696
44,elcb_po,hard,rsa_obs_s1_trust,True,True,17,0,1,True,1,1.2550215804305218,0.1313,0.25,0.4335234601619351,0.1133,-0.3236,0.6931,0.3696
45,elcb_po,hard,rsa_obs_s1_trust,True,True,17,0,1,True,1,1.2550215804305218,0.1313,0.25,0.4335234601619351,0.1133,-0.3236,0.6931,0.3696
46,elcb_po,hard,rsa_obs_s1_trust,True,True,17,0,1,True,1,1.2550215804305218,0.1313,0.25,0.4335234601619351,0.1133,-0.3236,0.6931,0.3696
47,elcb_po,hard,rsa_obs_s1_trust,True,True,17,0,1,True,1,1.2550215804305218,0.1313,0.25,0.4335234601619351,0.1133,-0.3236,0.6931,0.3696
48,elcb_po,hard,rsa_obs_s1_trust,True,True,17,0,1,True,1,1.2550215804305218,0.1313,0.25,0.4335234601619351,0.1133,-0.3236,0.6931,0.3696
49,elcb_po,hard,rsa_obs_s1_trust,True,True,17,0,1,True,1,1.2550215804305218,0.1313,0.25,0.4335234601619351,0.1133,-0.3236,0.6931,0.3696
0,elcb_po,hard,rsa_plus_phase10,True,True,17,0,1,True,1,0.6989234189833419,0.6874,0.25,0.7695345137374588,0.2921,-0.5547,0.6931,0.1385
1,elcb_po,hard,rsa_plus_phase10,True,True,17,0,1,True,1,0.6989234189833419,0.6874,0.25,0.7695345137374588,0.2921,-0.5547,0.6931,0.1385
2,elcb_po,hard,rsa_plus_phase10,True,True,17,0,1,True,1,0.6989234189833419,0.6874,0.25,0.7695345137374588,0.2921,-0.5547,0.6931,0.1385
3,elcb_po,hard,rsa_plus_phase10,True,True,17,0,1,True,1,0.6989234189833419,0.6874,0.25,0.7695345137374588,0.2921,-0.5547,0.6931,0.1385
4,elcb_po,hard,rsa_plus_phase10,True,True,17,0,1,True,1,0.6989234189833419,0.6874,0.25,0.7695345137374588,0.2921,-0.5547,0.6931,0.1385
5,elcb_po,hard,rsa_plus_phase10,True,True,17,0,1,True,1,0.6989234189833419,0.6874,0.25,0.7695345137374588,0.2921,-0.5547,0.6931,0.1385
6,elcb_po,hard,rsa_plus_phase10,True,True,17,0,1,True,1,0.6989234189833419,0.6874,0.25,0.7695345137374588,0.2921,-0.5547,0.6931,0.1385
7,elcb_po,hard,rsa_plus_phase10,True,True,17,0,1,True,1,0.6989234189833419,0.6874,0.25,0.7695345137374588,0.2921,-0.5547,0.6931,0.1385
8,elcb_po,hard,rsa_plus_phase10,True,True,17,0,1,True,1,0.6989234189833419,0.6874,0.25,0.7695345137374588,0.2921,-0.5547,0.6931,0.1385
9,elcb_po,hard,rsa_plus_phase10,True,True,17,0,1,True,1,0.6989234189833419,0.6874,0.25,0.7695345137374588,0.2921,-0.5547,0.6931,0.1385
10,elcb_po,hard,rsa_plus_phase10,True,True,17,0,1,True,1,0.6989234189833419,0.6874,0.25,0.7695345137374588,0.2921,-0.5547,0.6931,0.1385
11,elcb_po,hard,rsa_plus_phase10,True,True,17,0,1,True,1,0.6989234189833419,0.6874,0.25,0.7695345137374588,0.2921,-0.5547,0.6931,0.1385
12,elcb_po,hard,rsa_plus_phase10,True,True,17,0,1,True,1,0.6989234189833419,0.6874,0.25,0.7695345137374588,0.2921,-0.5547,0.6931,0.1385
13,elcb_po,hard,rsa_plus_phase10,True,True,17,0,1,True,1,0.6989234189833419,0.6874,0.25,0.7695345137374588,0.2921,-0.5547,0.6931,0.1385
14,elcb_po,hard,rsa_plus_phase10,True,True,17,0,1,True,1,0.6989234189833419,0.6874,0.25,0.7695345137374588,0.2921,-0.5547,0.6931,0.1385
15,elcb_po,hard,rsa_plus_phase10,True,True,17,0,1,True,1,0.6989234189833419,0.6874,0.25,0.7695345137374588,0.2921,-0.5547,0.6931,0.1385
16,elcb_po,hard,rsa_plus_phase10,True,True,17,0,1,True,1,0.6989234189833419,0.6874,0.25,0.7695345137374588,0.2921,-0.5547,0.6931,0.1385
17,elcb_po,hard,rsa_plus_phase10,True,True,17,0,1,True,1,0.6989234189833419,0.6874,0.25,0.7695345137374588,0.2921,-0.5547,0.6931,0.1385
18,elcb_po,hard,rsa_plus_phase10,True,True,17,0,1,True,1,0.6989234189833419,0.6874,0.25,0.7695345137374588,0.2921,-0.5547,0.6931,0.1385
19,elcb_po,hard,rsa_plus_phase10,True,True,17,0,1,True,1,0.6989234189833419,0.6874,0.25,0.7695345137374588,0.2921,-0.5547,0.6931,0.1385
20,elcb_po,hard,rsa_plus_phase10,True,True,17,0,1,True,1,0.6989234189833419,0.6874,0.25,0.7695345137374588,0.2921,-0.5547,0.6931,0.1385
21,elcb_po,hard,rsa_plus_phase10,True,True,17,0,1,True,1,0.6989234189833419,0.6874,0.25,0.7695345137374588,0.2921,-0.5547,0.6931,0.1385
22,elcb_po,hard,rsa_plus_phase10,True,True,17,0,1,True,1,0.6989234189833419,0.6874,0.25,0.7695345137374588,0.2921,-0.5547,0.6931,0.1385
23,elcb_po,hard,rsa_plus_phase10,True,True,17,0,1,True,1,0.6989234189833419,0.6874,0.25,0.7695345137374588,0.2921,-0.5547,0.6931,0.1385
24,elcb_po,hard,rsa_plus_phase10,True,True,17,0,1,True,1,0.6989234189833419,0.6874,0.25,0.7695345137374588,0.2921,-0.5547,0.6931,0.1385
25,elcb_po,hard,rsa_plus_phase10,True,True,17,0,1,True,1,0.6989234189833419,0.6874,0.25,0.7695345137374588,0.2921,-0.5547,0.6931,0.1385
26,elcb_po,hard,rsa_plus_phase10,True,True,17,0,1,True,1,0.6989234189833419,0.6874,0.25,0.7695345137374588,0.2921,-0.5547,0.6931,0.1385
27,elcb_po,hard,rsa_plus_phase10,True,True,17,0,1,True,1,0.6989234189833419,0.6874,0.25,0.7695345137374588,0.2921,-0.5547,0.6931,0.1385
28,elcb_po,hard,rsa_plus_phase10,True,True,17,0,1,True,1,0.6989234189833419,0.6874,0.25,0.7695345137374588,0.2921,-0.5547,0.6931,0.1385
29,elcb_po,hard,rsa_plus_phase10,True,True,17,0,1,True,1,0.6989234189833419,0.6874,0.25,0.7695345137374588,0.2921,-0.5547,0.6931,0.1385
30,elcb_po,hard,rsa_plus_phase10,True,True,17,0,1,True,1,0.6989234189833419,0.6874,0.25,0.7695345137374588,0.2921,-0.5547,0.6931,0.1385
31,elcb_po,hard,rsa_plus_phase10,True,True,17,0,1,True,1,0.6989234189833419,0.6874,0.25,0.7695345137374588,0.2921,-0.5547,0.6931,0.1385
32,elcb_po,hard,rsa_plus_phase10,True,True,17,0,1,True,1,0.6989234189833419,0.6874,0.25,0.7695345137374588,0.2921,-0.5547,0.6931,0.1385
33,elcb_po,hard,rsa_plus_phase10,True,True,17,0,1,True,1,0.6989234189833419,0.6874,0.25,0.7695345137374588,0.2921,-0.5547,0.6931,0.1385
34,elcb_po,hard,rsa_plus_phase10,True,True,17,0,1,True,1,0.6989234189833419,0.6874,0.25,0.7695345137374588,0.2921,-0.5547,0.6931,0.1385
35,elcb_po,hard,rsa_plus_phase10,True,True,17,0,1,True,1,0.6989234189833419,0.6874,0.25,0.7695345137374588,0.2921,-0.5547,0.6931,0.1385
36,elcb_po,hard,rsa_plus_phase10,True,True,17,0,1,True,1,0.6989234189833419,0.6874,0.25,0.7695345137374588,0.2921,-0.5547,0.6931,0.1385
37,elcb_po,hard,rsa_plus_phase10,True,True,17,0,1,True,1,0.6989234189833419,0.6874,0.25,0.7695345137374588,0.2921,-0.5547,0.6931,0.1385
38,elcb_po,hard,rsa_plus_phase10,True,True,17,0,1,True,1,0.6989234189833419,0.6874,0.25,0.7695345137374588,0.2921,-0.5547,0.6931,0.1385
39,elcb_po,hard,rsa_plus_phase10,True,True,17,0,1,True,1,0.6989234189833419,0.6874,0.25,0.7695345137374588,0.2921,-0.5547,0.6931,0.1385
40,elcb_po,hard,rsa_plus_phase10,True,True,17,0,1,True,1,0.6989234189833419,0.6874,0.25,0.7695345137374588,0.2921,-0.5547,0.6931,0.1385
41,elcb_po,hard,rsa_plus_phase10,True,True,17,0,1,True,1,0.6989234189833419,0.6874,0.25,0.7695345137374588,0.2921,-0.5547,0.6931,0.1385
42,elcb_po,hard,rsa_plus_phase10,True,True,17,0,1,True,1,0.6989234189833419,0.6874,0.25,0.7695345137374588,0.2921,-0.5547,0.6931,0.1385
43,elcb_po,hard,rsa_plus_phase10,True,True,17,0,1,True,1,0.6989234189833419,0.6874,0.25,0.7695345137374588,0.2921,-0.5547,0.6931,0.1385
44,elcb_po,hard,rsa_plus_phase10,True,True,17,0,1,True,1,0.6989234189833419,0.6874,0.25,0.7695345137374588,0.2921,-0.5547,0.6931,0.1385
45,elcb_po,hard,rsa_plus_phase10,True,True,17,0,1,True,1,0.6989234189833419,0.6874,0.25,0.7695345137374588,0.2921,-0.5547,0.6931,0.1385
46,elcb_po,hard,rsa_plus_phase10,True,True,17,0,1,True,1,0.6989234189833419,0.6874,0.25,0.7695345137374588,0.2921,-0.5547,0.6931,0.1385
47,elcb_po,hard,rsa_plus_phase10,True,True,17,0,1,True,1,0.6989234189833419,0.6874,0.25,0.7695345137374588,0.2921,-0.5547,0.6931,0.1385
48,elcb_po,hard,rsa_plus_phase10,True,True,17,0,1,True,1,0.6989234189833419,0.6874,0.25,0.7695345137374588,0.2921,-0.5547,0.6931,0.1385
49,elcb_po,hard,rsa_plus_phase10,True,True,17,0,1,True,1,0.6989234189833419,0.6874,0.25,0.7695345137374588,0.2921,-0.5547,0.6931,0.1385
0,baseline_v2,easy,legacy_bias,True,True,34,0,3,True,0,0.0,0.0,0.25,0.25,0.0,-0.6409,0.6931,0.0523
1,baseline_v2,easy,legacy_bias,True,True,34,0,3,True,0,0.0,0.0,0.25,0.25,0.0,-0.638,0.6931,0.0551
2,baseline_v2,easy,legacy_bias,True,True,30,3,3,False,0,0.0,0.0,0.25,0.25,0.0,-0.6409,0.6931,0.0523
3,baseline_v2,easy,legacy_bias,False,False,15,1,2,False,0,0.0,0.0,0.25,0.25,0.0,-0.6409,0.6931,0.0523
4,baseline_v2,easy,legacy_bias,True,True,36,0,3,True,0,0.0,0.0,0.25,0.25,0.0,-0.6409,0.6931,0.0523
5,baseline_v2,easy,legacy_bias,False,False,27,1,3,False,0,0.0,0.0,0.25,0.25,0.0,-0.6409,0.6931,0.0523
6,baseline_v2,easy,legacy_bias,True,True,33,0,3,True,0,0.0,0.0,0.25,0.25,0.0,-0.638,0.6931,0.0551
7,baseline_v2,easy,legacy_bias,True,True,35,0,3,True,0,0.0,0.0,0.25,0.25,0.0,-0.6409,0.6931,0.0523
8,baseline_v2,easy,legacy_bias,True,True,30,3,3,False,0,0.0,0.0,0.25,0.25,0.0,-0.6409,0.6931,0.0523
9,baseline_v2,easy,legacy_bias,True,True,35,0,3,True,0,0.0,0.0,0.25,0.25,0.0,-0.638,0.6931,0.0551
10,baseline_v2,easy,legacy_bias,True,True,32,3,3,False,0,0.0,0.0,0.25,0.25,0.0,-0.6409,0.6931,0.0523
11,baseline_v2,easy,legacy_bias,True,True,30,3,3,False,0,0.0,0.0,0.25,0.25,0.0,-0.6269,0.6931,0.0662
12,baseline_v2,easy,legacy_bias,True,True,31,3,3,False,0,0.0,0.0,0.25,0.25,0.0,-0.638,0.6931,0.0551
13,baseline_v2,easy,legacy_bias,True,True,36,0,3,True,0,0.0,0.0,0.25,0.25,0.0,-0.6409,0.6931,0.0523
14,baseline_v2,easy,legacy_bias,True,True,33,0,3,True,0,0.0,0.0,0.25,0.25,0.0,-0.6269,0.6931,0.0662
15,baseline_v2,easy,legacy_bias,True,True,36,0,3,True,0,0.0,0.0,0.25,0.25,0.0,-0.6409,0.6931,0.0523
16,baseline_v2,easy,legacy_bias,True,True,34,0,3,True,0,0.0,0.0,0.25,0.25,0.0,-0.638,0.6931,0.0551
17,baseline_v2,easy,legacy_bias,False,False,28,2,3,False,0,0.0,0.0,0.25,0.25,0.0,-0.6409,0.6931,0.0523
18,baseline_v2,easy,legacy_bias,False,False,27,2,3,False,0,0.0,0.0,0.25,0.25,0.0,-0.6409,0.6931,0.0523
19,baseline_v2,easy,legacy_bias,True,True,33,0,3,True,0,0.0,0.0,0.25,0.25,0.0,-0.638,0.6931,0.0551
20,baseline_v2,easy,legacy_bias,True,True,30,3,3,False,0,0.0,0.0,0.25,0.25,0.0,-0.6409,0.6931,0.0523
21,baseline_v2,easy,legacy_bias,True,True,33,0,3,True,0,0.0,0.0,0.25,0.25,0.0,-0.6269,0.6931,0.0662
22,baseline_v2,easy,legacy_bias,True,True,34,0,3,True,0,0.0,0.0,0.25,0.25,0.0,-0.6409,0.6931,0.0523
23,baseline_v2,easy,legacy_bias,True,True,33,0,3,True,0,0.0,0.0,0.25,0.25,0.0,-0.6269,0.6931,0.0662
24,baseline_v2,easy,legacy_bias,False,False,15,2,2,False,0,0.0,0.0,0.25,0.25,0.0,-0.638,0.6931,0.0551
25,baseline_v2,easy,legacy_bias,False,False,14,1,2,False,0,0.0,0.0,0.25,0.25,0.0,-0.638,0.6931,0.0551
26,baseline_v2,easy,legacy_bias,True,True,34,0,3,True,0,0.0,0.0,0.25,0.25,0.0,-0.6409,0.6931,0.0523
27,baseline_v2,easy,legacy_bias,True,True,30,3,3,False,0,0.0,0.0,0.25,0.25,0.0,-0.6269,0.6931,0.0662
28,baseline_v2,easy,legacy_bias,True,True,31,3,3,False,0,0.0,0.0,0.25,0.25,0.0,-0.638,0.6931,0.0551
29,baseline_v2,easy,legacy_bias,False,False,16,2,2,False,0,0.0,0.0,0.25,0.25,0.0,-0.6409,0.6931,0.0523
30,baseline_v2,easy,legacy_bias,False,False,15,3,2,False,0,0.0,0.0,0.25,0.25,0.0,-0.6269,0.6931,0.0662
31,baseline_v2,easy,legacy_bias,True,True,34,0,3,True,0,0.0,0.0,0.25,0.25,0.0,-0.638,0.6931,0.0551
32,baseline_v2,easy,legacy_bias,False,False,16,2,2,False,0,0.0,0.0,0.25,0.25,0.0,-0.6409,0.6931,0.0523
33,baseline_v2,easy,legacy_bias,True,True,34,0,3,True,0,0.0,0.0,0.25,0.25,0.0,-0.6409,0.6931,0.0523
34,baseline_v2,easy,legacy_bias,False,False,13,1,2,False,0,0.0,0.0,0.25,0.25,0.0,-0.6269,0.6931,0.0662
35,baseline_v2,easy,legacy_bias,True,True,33,0,3,True,0,0.0,0.0,0.25,0.25,0.0,-0.6269,0.6931,0.0662
36,baseline_v2,easy,legacy_bias,False,False,14,1,2,False,0,0.0,0.0,0.25,0.25,0.0,-0.638,0.6931,0.0551
37,baseline_v2,easy,legacy_bias,True,True,33,0,3,True,0,0.0,0.0,0.25,0.25,0.0,-0.6269,0.6931,0.0662
38,baseline_v2,easy,legacy_bias,False,False,24,1,3,False,0,0.0,0.0,0.25,0.25,0.0,-0.6269,0.6931,0.0662
39,baseline_v2,easy,legacy_bias,False,False,26,1,3,False,0,0.0,0.0,0.25,0.25,0.0,-0.6409,0.6931,0.0523
40,baseline_v2,easy,legacy_bias,True,True,31,3,3,False,0,0.0,0.0,0.25,0.25,0.0,-0.638,0.6931,0.0551
41,baseline_v2,easy,legacy_bias,True,True,35,0,3,True,0,0.0,0.0,0.25,0.25,0.0,-0.638,0.6931,0.0551
42,baseline_v2,easy,legacy_bias,True,True,33,0,3,True,0,0.0,0.0,0.25,0.25,0.0,-0.6269,0.6931,0.0662
43,baseline_v2,easy,legacy_bias,True,True,33,0,3,True,0,0.0,0.0,0.25,0.25,0.0,-0.638,0.6931,0.0551
44,baseline_v2,easy,legacy_bias,True,True,32,3,3,False,0,0.0,0.0,0.25,0.25,0.0,-0.6409,0.6931,0.0523
45,baseline_v2,easy,legacy_bias,True,True,35,0,3,True,0,0.0,0.0,0.25,0.25,0.0,-0.6409,0.6931,0.0523
46,baseline_v2,easy,legacy_bias,False,False,26,1,3,False,0,0.0,0.0,0.25,0.25,0.0,-0.638,0.6931,0.0551
47,baseline_v2,easy,legacy_bias,True,True,33,0,3,True,0,0.0,0.0,0.25,0.25,0.0,-0.6269,0.6931,0.0662
48,baseline_v2,easy,legacy_bias,True,True,32,0,3,True,0,0.0,0.0,0.25,0.25,0.0,-0.6269,0.6931,0.0662
49,baseline_v2,easy,legacy_bias,True,True,33,0,3,True,0,0.0,0.0,0.25,0.25,0.0,-0.6269,0.6931,0.0662
0,baseline_v2,easy,rsa_obs_l0,True,True,34,0,3,True,3,0.06502248023112227,0.5824,0.25,0.7417407204913656,0.3104,-0.5661,0.6931,0.1271
1,baseline_v2,easy,rsa_obs_l0,True,True,34,0,3,True,3,0.06502248023112227,0.5824,0.25,0.7417407204913656,0.3104,-0.5661,0.6931,0.1271
2,baseline_v2,easy,rsa_obs_l0,False,False,15,1,2,False,2,0.23836160277757856,0.5824,0.25,0.7417407204913656,0.3104,-0.5661,0.6931,0.1271
3,baseline_v2,easy,rsa_obs_l0,False,False,15,1,2,False,2,0.23836160277757856,0.5824,0.25,0.7417407204913656,0.3104,-0.5661,0.6931,0.1271
4,baseline_v2,easy,rsa_obs_l0,True,True,36,0,3,True,3,0.06502248023112227,0.5824,0.25,0.7417407204913656,0.3104,-0.5661,0.6931,0.1271
5,baseline_v2,easy,rsa_obs_l0,False,False,27,1,3,False,3,0.06502248023112227,0.5824,0.25,0.7417407204913656,0.3104,-0.5661,0.6931,0.1271
6,baseline_v2,easy,rsa_obs_l0,True,True,33,0,3,True,3,0.06502248023112227,0.5824,0.25,0.7417407204913656,0.3104,-0.5661,0.6931,0.1271
7,baseline_v2,easy,rsa_obs_l0,True,True,35,0,3,True,3,0.06502248023112227,0.5824,0.25,0.7417407204913656,0.3104,-0.5661,0.6931,0.1271
8,baseline_v2,easy,rsa_obs_l0,True,True,30,3,3,False,3,0.06502248023112227,0.5824,0.25,0.7417407204913656,0.3104,-0.5661,0.6931,0.1271
9,baseline_v2,easy,rsa_obs_l0,True,True,35,0,3,True,3,0.06502248023112227,0.5824,0.25,0.7417407204913656,0.3104,-0.5661,0.6931,0.1271
10,baseline_v2,easy,rsa_obs_l0,True,True,32,3,3,False,3,0.06502248023112227,0.5824,0.25,0.7417407204913656,0.3104,-0.5661,0.6931,0.1271
11,baseline_v2,easy,rsa_obs_l0,True,True,30,3,3,False,3,0.06502248023112227,0.5824,0.25,0.7417407204913656,0.3104,-0.5661,0.6931,0.1271
12,baseline_v2,easy,rsa_obs_l0,True,True,31,3,3,False,3,0.06502248023112227,0.5824,0.25,0.7417407204913656,0.3104,-0.5661,0.6931,0.1271
13,baseline_v2,easy,rsa_obs_l0,True,True,36,0,3,True,3,0.06502248023112227,0.5824,0.25,0.7417407204913656,0.3104,-0.5661,0.6931,0.1271
14,baseline_v2,easy,rsa_obs_l0,True,True,33,0,3,True,3,0.06502248023112227,0.5824,0.25,0.7417407204913656,0.3104,-0.5661,0.6931,0.1271
15,baseline_v2,easy,rsa_obs_l0,True,True,36,0,3,True,3,0.06502248023112227,0.5824,0.25,0.7417407204913656,0.3104,-0.5661,0.6931,0.1271
16,baseline_v2,easy,rsa_obs_l0,True,True,34,0,3,True,3,0.06502248023112227,0.5824,0.25,0.7417407204913656,0.3104,-0.5661,0.6931,0.1271
17,baseline_v2,easy,rsa_obs_l0,False,False,28,2,3,False,3,0.06502248023112227,0.5824,0.25,0.7417407204913656,0.3104,-0.5661,0.6931,0.1271
18,baseline_v2,easy,rsa_obs_l0,True,True,31,3,3,False,3,0.06502248023112227,0.5824,0.25,0.7417407204913656,0.3104,-0.5661,0.6931,0.1271
19,baseline_v2,easy,rsa_obs_l0,True,True,33,0,3,True,3,0.06502248023112227,0.5824,0.25,0.7417407204913656,0.3104,-0.5661,0.6931,0.1271
20,baseline_v2,easy,rsa_obs_l0,True,True,30,3,3,False,3,0.06502248023112227,0.5824,0.25,0.7417407204913656,0.3104,-0.5661,0.6931,0.1271
21,baseline_v2,easy,rsa_obs_l0,True,True,33,0,3,True,3,0.06502248023112227,0.5824,0.25,0.7417407204913656,0.3104,-0.5661,0.6931,0.1271
22,baseline_v2,easy,rsa_obs_l0,True,True,34,0,3,True,3,0.06502248023112227,0.5824,0.25,0.7417407204913656,0.3104,-0.5661,0.6931,0.1271
23,baseline_v2,easy,rsa_obs_l0,True,True,33,0,3,True,3,0.06502248023112227,0.5824,0.25,0.7417407204913656,0.3104,-0.5661,0.6931,0.1271
24,baseline_v2,easy,rsa_obs_l0,False,False,15,2,2,False,2,0.23836160277757856,0.5824,0.25,0.7417407204913656,0.3104,-0.5661,0.6931,0.1271
25,baseline_v2,easy,rsa_obs_l0,True,True,31,3,3,False,3,0.06502248023112227,0.5824,0.25,0.7417407204913656,0.3104,-0.5661,0.6931,0.1271
26,baseline_v2,easy,rsa_obs_l0,True,True,34,0,3,True,3,0.06502248023112227,0.5824,0.25,0.7417407204913656,0.3104,-0.5661,0.6931,0.1271
27,baseline_v2,easy,rsa_obs_l0,True,True,30,3,3,False,3,0.06502248023112227,0.5824,0.25,0.7417407204913656,0.3104,-0.5661,0.6931,0.1271
28,baseline_v2,easy,rsa_obs_l0,True,True,31,3,3,False,3,0.06502248023112227,0.5824,0.25,0.7417407204913656,0.3104,-0.5661,0.6931,0.1271
29,baseline_v2,easy,rsa_obs_l0,False,False,16,2,2,False,2,0.23836160277757856,0.5824,0.25,0.7417407204913656,0.3104,-0.5661,0.6931,0.1271
30,baseline_v2,easy,rsa_obs_l0,False,False,14,2,2,False,2,0.23836160277757856,0.5824,0.25,0.7417407204913656,0.3104,-0.5661,0.6931,0.1271
31,baseline_v2,easy,rsa_obs_l0,True,True,34,0,3,True,3,0.06502248023112227,0.5824,0.25,0.7417407204913656,0.3104,-0.5661,0.6931,0.1271
32,baseline_v2,easy,rsa_obs_l0,False,False,16,2,2,False,2,0.23836160277757856,0.5824,0.25,0.7417407204913656,0.3104,-0.5661,0.6931,0.1271
33,baseline_v2,easy,rsa_obs_l0,True,True,34,0,3,True,3,0.06502248023112227,0.5824,0.25,0.7417407204913656,0.3104,-0.5661,0.6931,0.1271
34,baseline_v2,easy,rsa_obs_l0,False,False,13,1,2,False,2,0.23836160277757856,0.5824,0.25,0.7417407204913656,0.3104,-0.5661,0.6931,0.1271
35,baseline_v2,easy,rsa_obs_l0,True,True,33,0,3,True,3,0.06502248023112227,0.5824,0.25,0.7417407204913656,0.3104,-0.5661,0.6931,0.1271
36,baseline_v2,easy,rsa_obs_l0,False,False,14,1,2,False,2,0.23836160277757856,0.5824,0.25,0.7417407204913656,0.3104,-0.5661,0.6931,0.1271
37,baseline_v2,easy,rsa_obs_l0,True,True,33,0,3,True,3,0.06502248023112227,0.5824,0.25,0.7417407204913656,0.3104,-0.5661,0.6931,0.1271
38,baseline_v2,easy,rsa_obs_l0,False,False,24,1,3,False,3,0.06502248023112227,0.5824,0.25,0.7417407204913656,0.3104,-0.5661,0.6931,0.1271
39,baseline_v2,easy,rsa_obs_l0,False,False,26,1,3,False,3,0.06502248023112227,0.5824,0.25,0.7417407204913656,0.3104,-0.5661,0.6931,0.1271
40,baseline_v2,easy,rsa_obs_l0,True,True,31,3,3,False,3,0.06502248023112227,0.5824,0.25,0.7417407204913656,0.3104,-0.5661,0.6931,0.1271
41,baseline_v2,easy,rsa_obs_l0,True,True,35,0,3,True,3,0.06502248023112227,0.5824,0.25,0.7417407204913656,0.3104,-0.5661,0.6931,0.1271
42,baseline_v2,easy,rsa_obs_l0,True,True,33,0,3,True,3,0.06502248023112227,0.5824,0.25,0.7417407204913656,0.3104,-0.5661,0.6931,0.1271
43,baseline_v2,easy,rsa_obs_l0,True,True,33,0,3,True,3,0.06502248023112227,0.5824,0.25,0.7417407204913656,0.3104,-0.5661,0.6931,0.1271
44,baseline_v2,easy,rsa_obs_l0,True,True,32,3,3,False,3,0.06502248023112227,0.5824,0.25,0.7417407204913656,0.3104,-0.5661,0.6931,0.1271
45,baseline_v2,easy,rsa_obs_l0,True,True,35,0,3,True,3,0.06502248023112227,0.5824,0.25,0.7417407204913656,0.3104,-0.5661,0.6931,0.1271
46,baseline_v2,easy,rsa_obs_l0,False,False,26,1,3,False,3,0.06502248023112227,0.5824,0.25,0.7417407204913656,0.3104,-0.5661,0.6931,0.1271
47,baseline_v2,easy,rsa_obs_l0,True,True,33,0,3,True,3,0.06502248023112227,0.5824,0.25,0.7417407204913656,0.3104,-0.5661,0.6931,0.1271
48,baseline_v2,easy,rsa_obs_l0,True,True,32,0,3,True,3,0.06502248023112227,0.5824,0.25,0.7417407204913656,0.3104,-0.5661,0.6931,0.1271
49,baseline_v2,easy,rsa_obs_l0,True,True,33,0,3,True,3,0.06502248023112227,0.5824,0.25,0.7417407204913656,0.3104,-0.5661,0.6931,0.1271
0,baseline_v2,easy,rsa_obs_s1,True,True,34,0,3,True,3,0.0005883342728207405,0.6874,0.25,0.7695345137374588,0.2921,-0.5547,0.6931,0.1385
1,baseline_v2,easy,rsa_obs_s1,True,True,34,0,3,True,3,0.0005883342728207405,0.6874,0.25,0.7695345137374588,0.2921,-0.5547,0.6931,0.1385
2,baseline_v2,easy,rsa_obs_s1,False,False,15,1,2,False,2,0.03176048431213472,0.6874,0.25,0.7695345137374588,0.2921,-0.5547,0.6931,0.1385
3,baseline_v2,easy,rsa_obs_s1,False,False,15,1,2,False,2,0.03176048431213472,0.6874,0.25,0.7695345137374588,0.2921,-0.5547,0.6931,0.1385
4,baseline_v2,easy,rsa_obs_s1,True,True,36,0,3,True,3,0.0005883342728207405,0.6874,0.25,0.7695345137374588,0.2921,-0.5547,0.6931,0.1385
5,baseline_v2,easy,rsa_obs_s1,False,False,27,1,3,False,3,0.0005883342728207405,0.6874,0.25,0.7695345137374588,0.2921,-0.5547,0.6931,0.1385
6,baseline_v2,easy,rsa_obs_s1,True,True,33,0,3,True,3,0.0005883342728207405,0.6874,0.25,0.7695345137374588,0.2921,-0.5547,0.6931,0.1385
7,baseline_v2,easy,rsa_obs_s1,True,True,35,0,3,True,3,0.0005883342728207405,0.6874,0.25,0.7695345137374588,0.2921,-0.5547,0.6931,0.1385
8,baseline_v2,easy,rsa_obs_s1,True,True,30,3,3,False,3,0.0005883342728207405,0.6874,0.25,0.7695345137374588,0.2921,-0.5547,0.6931,0.1385
9,baseline_v2,easy,rsa_obs_s1,True,True,35,0,3,True,3,0.0005883342728207405,0.6874,0.25,0.7695345137374588,0.2921,-0.5547,0.6931,0.1385
10,baseline_v2,easy,rsa_obs_s1,True,True,32,3,3,False,3,0.0005883342728207405,0.6874,0.25,0.7695345137374588,0.2921,-0.5547,0.6931,0.1385
11,baseline_v2,easy,rsa_obs_s1,True,True,30,3,3,False,3,0.0005883342728207405,0.6874,0.25,0.7695345137374588,0.2921,-0.5547,0.6931,0.1385
12,baseline_v2,easy,rsa_obs_s1,True,True,31,3,3,False,3,0.0005883342728207405,0.6874,0.25,0.7695345137374588,0.2921,-0.5547,0.6931,0.1385
13,baseline_v2,easy,rsa_obs_s1,True,True,36,0,3,True,3,0.0005883342728207405,0.6874,0.25,0.7695345137374588,0.2921,-0.5547,0.6931,0.1385
14,baseline_v2,easy,rsa_obs_s1,True,True,33,0,3,True,3,0.0005883342728207405,0.6874,0.25,0.7695345137374588,0.2921,-0.5547,0.6931,0.1385
15,baseline_v2,easy,rsa_obs_s1,True,True,36,0,3,True,3,0.0005883342728207405,0.6874,0.25,0.7695345137374588,0.2921,-0.5547,0.6931,0.1385
16,baseline_v2,easy,rsa_obs_s1,True,True,34,0,3,True,3,0.0005883342728207405,0.6874,0.25,0.7695345137374588,0.2921,-0.5547,0.6931,0.1385
17,baseline_v2,easy,rsa_obs_s1,False,False,28,2,3,False,3,0.0005883342728207405,0.6874,0.25,0.7695345137374588,0.2921,-0.5547,0.6931,0.1385
18,baseline_v2,easy,rsa_obs_s1,True,True,31,3,3,False,3,0.0005883342728207405,0.6874,0.25,0.7695345137374588,0.2921,-0.5547,0.6931,0.1385
19,baseline_v2,easy,rsa_obs_s1,True,True,33,0,3,True,3,0.0005883342728207405,0.6874,0.25,0.7695345137374588,0.2921,-0.5547,0.6931,0.1385
20,baseline_v2,easy,rsa_obs_s1,True,True,30,3,3,False,3,0.0005883342728207405,0.6874,0.25,0.7695345137374588,0.2921,-0.5547,0.6931,0.1385
21,baseline_v2,easy,rsa_obs_s1,True,True,33,0,3,True,3,0.0005883342728207405,0.6874,0.25,0.7695345137374588,0.2921,-0.5547,0.6931,0.1385
22,baseline_v2,easy,rsa_obs_s1,True,True,34,0,3,True,3,0.0005883342728207405,0.6874,0.25,0.7695345137374588,0.2921,-0.5547,0.6931,0.1385
23,baseline_v2,easy,rsa_obs_s1,True,True,33,0,3,True,3,0.0005883342728207405,0.6874,0.25,0.7695345137374588,0.2921,-0.5547,0.6931,0.1385
24,baseline_v2,easy,rsa_obs_s1,False,False,15,2,2,False,2,0.03176048431213472,0.6874,0.25,0.7695345137374588,0.2921,-0.5547,0.6931,0.1385
25,baseline_v2,easy,rsa_obs_s1,True,True,31,3,3,False,3,0.0005883342728207405,0.6874,0.25,0.7695345137374588,0.2921,-0.5547,0.6931,0.1385
26,baseline_v2,easy,rsa_obs_s1,True,True,34,0,3,True,3,0.0005883342728207405,0.6874,0.25,0.7695345137374588,0.2921,-0.5547,0.6931,0.1385
27,baseline_v2,easy,rsa_obs_s1,True,True,30,3,3,False,3,0.0005883342728207405,0.6874,0.25,0.7695345137374588,0.2921,-0.5547,0.6931,0.1385
28,baseline_v2,easy,rsa_obs_s1,True,True,31,3,3,False,3,0.0005883342728207405,0.6874,0.25,0.7695345137374588,0.2921,-0.5547,0.6931,0.1385
29,baseline_v2,easy,rsa_obs_s1,False,False,16,2,2,False,2,0.03176048431213472,0.6874,0.25,0.7695345137374588,0.2921,-0.5547,0.6931,0.1385
30,baseline_v2,easy,rsa_obs_s1,False,False,14,2,2,False,2,0.03176048431213472,0.6874,0.25,0.7695345137374588,0.2921,-0.5547,0.6931,0.1385
31,baseline_v2,easy,rsa_obs_s1,True,True,34,0,3,True,3,0.0005883342728207405,0.6874,0.25,0.7695345137374588,0.2921,-0.5547,0.6931,0.1385
32,baseline_v2,easy,rsa_obs_s1,False,False,16,2,2,False,2,0.03176048431213472,0.6874,0.25,0.7695345137374588,0.2921,-0.5547,0.6931,0.1385
33,baseline_v2,easy,rsa_obs_s1,True,True,34,0,3,True,3,0.0005883342728207405,0.6874,0.25,0.7695345137374588,0.2921,-0.5547,0.6931,0.1385
34,baseline_v2,easy,rsa_obs_s1,False,False,13,1,2,False,2,0.03176048431213472,0.6874,0.25,0.7695345137374588,0.2921,-0.5547,0.6931,0.1385
35,baseline_v2,easy,rsa_obs_s1,True,True,33,0,3,True,3,0.0005883342728207405,0.6874,0.25,0.7695345137374588,0.2921,-0.5547,0.6931,0.1385
36,baseline_v2,easy,rsa_obs_s1,False,False,14,1,2,False,2,0.03176048431213472,0.6874,0.25,0.7695345137374588,0.2921,-0.5547,0.6931,0.1385
37,baseline_v2,easy,rsa_obs_s1,True,True,33,0,3,True,3,0.0005883342728207405,0.6874,0.25,0.7695345137374588,0.2921,-0.5547,0.6931,0.1385
38,baseline_v2,easy,rsa_obs_s1,False,False,24,1,3,False,3,0.0005883342728207405,0.6874,0.25,0.7695345137374588,0.2921,-0.5547,0.6931,0.1385
39,baseline_v2,easy,rsa_obs_s1,False,False,26,1,3,False,3,0.0005883342728207405,0.6874,0.25,0.7695345137374588,0.2921,-0.5547,0.6931,0.1385
40,baseline_v2,easy,rsa_obs_s1,True,True,31,3,3,False,3,0.0005883342728207405,0.6874,0.25,0.7695345137374588,0.2921,-0.5547,0.6931,0.1385
41,baseline_v2,easy,rsa_obs_s1,True,True,35,0,3,True,3,0.0005883342728207405,0.6874,0.25,0.7695345137374588,0.2921,-0.5547,0.6931,0.1385
42,baseline_v2,easy,rsa_obs_s1,True,True,33,0,3,True,3,0.0005883342728207405,0.6874,0.25,0.7695345137374588,0.2921,-0.5547,0.6931,0.1385
43,baseline_v2,easy,rsa_obs_s1,True,True,33,0,3,True,3,0.0005883342728207405,0.6874,0.25,0.7695345137374588,0.2921,-0.5547,0.6931,0.1385
44,baseline_v2,easy,rsa_obs_s1,True,True,32,3,3,False,3,0.0005883342728207405,0.6874,0.25,0.7695345137374588,0.2921,-0.5547,0.6931,0.1385
45,baseline_v2,easy,rsa_obs_s1,True,True,35,0,3,True,3,0.0005883342728207405,0.6874,0.25,0.7695345137374588,0.2921,-0.5547,0.6931,0.1385
46,baseline_v2,easy,rsa_obs_s1,False,False,26,1,3,False,3,0.0005883342728207405,0.6874,0.25,0.7695345137374588,0.2921,-0.5547,0.6931,0.1385
47,baseline_v2,easy,rsa_obs_s1,True,True,33,0,3,True,3,0.0005883342728207405,0.6874,0.25,0.7695345137374588,0.2921,-0.5547,0.6931,0.1385
48,baseline_v2,easy,rsa_obs_s1,True,True,32,0,3,True,3,0.0005883342728207405,0.6874,0.25,0.7695345137374588,0.2921,-0.5547,0.6931,0.1385
49,baseline_v2,easy,rsa_obs_s1,True,True,33,0,3,True,3,0.0005883342728207405,0.6874,0.25,0.7695345137374588,0.2921,-0.5547,0.6931,0.1385
0,baseline_v2,easy,rsa_obs_s1_trust,False,False,16,2,2,False,2,0.9035575407631242,0.1313,0.25,0.4335234601619351,0.1133,-0.3236,0.6931,0.3696
1,baseline_v2,easy,rsa_obs_s1_trust,False,False,6,4,1,False,1,1.2550215804305218,0.1313,0.25,0.4335234601619351,0.1133,-0.3236,0.6931,0.3696
2,baseline_v2,easy,rsa_obs_s1_trust,False,False,15,1,2,False,2,0.9035575407631242,0.1313,0.25,0.4335234601619351,0.1133,-0.3236,0.6931,0.3696
3,baseline_v2,easy,rsa_obs_s1_trust,False,False,15,1,2,False,2,0.9035575407631242,0.1313,0.25,0.4335234601619351,0.1133,-0.3236,0.6931,0.3696
4,baseline_v2,easy,rsa_obs_s1_trust,False,False,16,2,2,False,2,0.9035575407631242,0.1313,0.25,0.4335234601619351,0.1133,-0.3236,0.6931,0.3696
5,baseline_v2,easy,rsa_obs_s1_trust,False,False,19,5,2,False,2,0.9035575407631242,0.1313,0.25,0.4335234601619351,0.1133,-0.3236,0.6931,0.3696
6,baseline_v2,easy,rsa_obs_s1_trust,False,False,3,1,1,False,1,1.2550215804305218,0.1313,0.25,0.4335234601619351,0.1133,-0.3236,0.6931,0.3696
7,baseline_v2,easy,rsa_obs_s1_trust,True,True,33,4,3,False,3,0.47387069306361,0.1313,0.25,0.4335234601619351,0.1133,-0.3236,0.6931,0.3696
8,baseline_v2,easy,rsa_obs_s1_trust,True,True,28,6,3,False,3,0.47387069306361,0.1313,0.25,0.4335234601619351,0.1133,-0.3236,0.6931,0.3696
9,baseline_v2,easy,rsa_obs_s1_trust,True,True,33,4,3,False,3,0.47387069306361,0.1313,0.25,0.4335234601619351,0.1133,-0.3236,0.6931,0.3696
10,baseline_v2,easy,rsa_obs_s1_trust,False,False,16,2,2,False,2,0.9035575407631242,0.1313,0.25,0.4335234601619351,0.1133,-0.3236,0.6931,0.3696
11,baseline_v2,easy,rsa_obs_s1_trust,False,False,11,4,2,False,2,0.9035575407631242,0.1313,0.25,0.4335234601619351,0.1133,-0.3236,0.6931,0.3696
12,baseline_v2,easy,rsa_obs_s1_trust,False,False,5,3,1,False,1,1.2550215804305218,0.1313,0.25,0.4335234601619351,0.1133,-0.3236,0.6931,0.3696
13,baseline_v2,easy,rsa_obs_s1_trust,False,False,16,2,2,False,2,0.9035575407631242,0.1313,0.25,0.4335234601619351,0.1133,-0.3236,0.6931,0.3696
14,baseline_v2,easy,rsa_obs_s1_trust,True,True,31,3,3,False,3,0.47387069306361,0.1313,0.25,0.4335234601619351,0.1133,-0.3236,0.6931,0.3696
15,baseline_v2,easy,rsa_obs_s1_trust,False,False,18,4,2,False,2,0.9035575407631242,0.1313,0.25,0.4335234601619351,0.1133,-0.3236,0.6931,0.3696
16,baseline_v2,easy,rsa_obs_s1_trust,False,False,4,2,1,False,1,1.2550215804305218,0.1313,0.25,0.4335234601619351,0.1133,-0.3236,0.6931,0.3696
17,baseline_v2,easy,rsa_obs_s1_trust,False,False,15,1,2,False,2,0.9035575407631242,0.1313,0.25,0.4335234601619351,0.1133,-0.3236,0.6931,0.3696
18,baseline_v2,easy,rsa_obs_s1_trust,False,False,17,3,2,False,2,0.9035575407631242,0.1313,0.25,0.4335234601619351,0.1133,-0.3236,0.6931,0.3696
19,baseline_v2,easy,rsa_obs_s1_trust,False,False,5,3,1,False,1,1.2550215804305218,0.1313,0.25,0.4335234601619351,0.1133,-0.3236,0.6931,0.3696
20,baseline_v2,easy,rsa_obs_s1_trust,True,True,28,6,3,False,3,0.47387069306361,0.1313,0.25,0.4335234601619351,0.1133,-0.3236,0.6931,0.3696
21,baseline_v2,easy,rsa_obs_s1_trust,True,True,31,3,3,False,3,0.47387069306361,0.1313,0.25,0.4335234601619351,0.1133,-0.3236,0.6931,0.3696
22,baseline_v2,easy,rsa_obs_s1_trust,False,False,17,3,2,False,2,0.9035575407631242,0.1313,0.25,0.4335234601619351,0.1133,-0.3236,0.6931,0.3696
23,baseline_v2,easy,rsa_obs_s1_trust,False,False,4,2,1,False,1,1.2550215804305218,0.1313,0.25,0.4335234601619351,0.1133,-0.3236,0.6931,0.3696
24,baseline_v2,easy,rsa_obs_s1_trust,False,False,5,3,1,False,1,1.2550215804305218,0.1313,0.25,0.4335234601619351,0.1133,-0.3236,0.6931,0.3696
25,baseline_v2,easy,rsa_obs_s1_trust,False,False,3,1,1,False,1,1.2550215804305218,0.1313,0.25,0.4335234601619351,0.1133,-0.3236,0.6931,0.3696
26,baseline_v2,easy,rsa_obs_s1_trust,False,False,18,4,2,False,2,0.9035575407631242,0.1313,0.25,0.4335234601619351,0.1133,-0.3236,0.6931,0.3696
27,baseline_v2,easy,rsa_obs_s1_trust,False,False,3,1,1,False,1,1.2550215804305218,0.1313,0.25,0.4335234601619351,0.1133,-0.3236,0.6931,0.3696
28,baseline_v2,easy,rsa_obs_s1_trust,False,False,5,3,1,False,1,1.2550215804305218,0.1313,0.25,0.4335234601619351,0.1133,-0.3236,0.6931,0.3696
29,baseline_v2,easy,rsa_obs_s1_trust,False,False,16,2,2,False,2,0.9035575407631242,0.1313,0.25,0.4335234601619351,0.1133,-0.3236,0.6931,0.3696
30,baseline_v2,easy,rsa_obs_s1_trust,False,False,3,1,1,False,1,1.2550215804305218,0.1313,0.25,0.4335234601619351,0.1133,-0.3236,0.6931,0.3696
31,baseline_v2,easy,rsa_obs_s1_trust,False,False,5,3,1,False,1,1.2550215804305218,0.1313,0.25,0.4335234601619351,0.1133,-0.3236,0.6931,0.3696
32,baseline_v2,easy,rsa_obs_s1_trust,False,False,16,2,2,False,2,0.9035575407631242,0.1313,0.25,0.4335234601619351,0.1133,-0.3236,0.6931,0.3696
33,baseline_v2,easy,rsa_obs_s1_trust,False,False,17,3,2,False,2,0.9035575407631242,0.1313,0.25,0.4335234601619351,0.1133,-0.3236,0.6931,0.3696
34,baseline_v2,easy,rsa_obs_s1_trust,True,True,24,9,3,False,3,0.47387069306361,0.1313,0.25,0.4335234601619351,0.1133,-0.3236,0.6931,0.3696
35,baseline_v2,easy,rsa_obs_s1_trust,False,False,5,3,1,False,1,1.2550215804305218,0.1313,0.25,0.4335234601619351,0.1133,-0.3236,0.6931,0.3696
36,baseline_v2,easy,rsa_obs_s1_trust,True,True,28,7,3,False,3,0.47387069306361,0.1313,0.25,0.4335234601619351,0.1133,-0.3236,0.6931,0.3696
37,baseline_v2,easy,rsa_obs_s1_trust,False,False,3,1,1,False,1,1.2550215804305218,0.1313,0.25,0.4335234601619351,0.1133,-0.3236,0.6931,0.3696
38,baseline_v2,easy,rsa_obs_s1_trust,False,False,4,2,1,False,1,1.2550215804305218,0.1313,0.25,0.4335234601619351,0.1133,-0.3236,0.6931,0.3696
39,baseline_v2,easy,rsa_obs_s1_trust,False,False,16,2,2,False,2,0.9035575407631242,0.1313,0.25,0.4335234601619351,0.1133,-0.3236,0.6931,0.3696
40,baseline_v2,easy,rsa_obs_s1_trust,True,True,29,7,3,False,3,0.47387069306361,0.1313,0.25,0.4335234601619351,0.1133,-0.3236,0.6931,0.3696
41,baseline_v2,easy,rsa_obs_s1_trust,False,False,5,3,1,False,1,1.2550215804305218,0.1313,0.25,0.4335234601619351,0.1133,-0.3236,0.6931,0.3696
42,baseline_v2,easy,rsa_obs_s1_trust,False,False,13,6,2,False,2,0.9035575407631242,0.1313,0.25,0.4335234601619351,0.1133,-0.3236,0.6931,0.3696
43,baseline_v2,easy,rsa_obs_s1_trust,False,False,3,1,1,False,1,1.2550215804305218,0.1313,0.25,0.4335234601619351,0.1133,-0.3236,0.6931,0.3696
44,baseline_v2,easy,rsa_obs_s1_trust,True,True,32,3,3,False,3,0.47387069306361,0.1313,0.25,0.4335234601619351,0.1133,-0.3236,0.6931,0.3696
45,baseline_v2,easy,rsa_obs_s1_trust,False,False,16,2,2,False,2,0.9035575407631242,0.1313,0.25,0.4335234601619351,0.1133,-0.3236,0.6931,0.3696
46,baseline_v2,easy,rsa_obs_s1_trust,False,False,3,1,1,False,1,1.2550215804305218,0.1313,0.25,0.4335234601619351,0.1133,-0.3236,0.6931,0.3696
47,baseline_v2,easy,rsa_obs_s1_trust,False,False,5,3,1,False,1,1.2550215804305218,0.1313,0.25,0.4335234601619351,0.1133,-0.3236,0.6931,0.3696
48,baseline_v2,easy,rsa_obs_s1_trust,False,False,3,1,1,False,1,1.2550215804305218,0.1313,0.25,0.4335234601619351,0.1133,-0.3236,0.6931,0.3696
49,baseline_v2,easy,rsa_obs_s1_trust,False,False,4,2,1,False,1,1.2550215804305218,0.1313,0.25,0.4335234601619351,0.1133,-0.3236,0.6931,0.3696
0,baseline_v2,easy,rsa_plus_phase10,False,False,4,2,1,False,1,0.6989234189833419,0.6874,0.25,0.7695345137374588,0.2921,-0.5547,0.6931,0.1385
1,baseline_v2,easy,rsa_plus_phase10,False,False,6,4,1,False,1,0.6989234189833419,0.6874,0.25,0.7695345137374588,0.2921,-0.5547,0.6931,0.1385
2,baseline_v2,easy,rsa_plus_phase10,False,False,5,3,1,False,1,0.6989234189833419,0.6874,0.25,0.7695345137374588,0.2921,-0.5547,0.6931,0.1385
3,baseline_v2,easy,rsa_plus_phase10,False,False,3,1,1,False,1,0.6989234189833419,0.6874,0.25,0.7695345137374588,0.2921,-0.5547,0.6931,0.1385
4,baseline_v2,easy,rsa_plus_phase10,False,False,26,7,3,False,3,0.0005883342728207405,0.6874,0.25,0.7695345137374588,0.2921,-0.5547,0.6931,0.1385
5,baseline_v2,easy,rsa_plus_phase10,False,False,4,2,1,False,1,0.6989234189833419,0.6874,0.25,0.7695345137374588,0.2921,-0.5547,0.6931,0.1385
6,baseline_v2,easy,rsa_plus_phase10,False,False,3,1,1,False,1,0.6989234189833419,0.6874,0.25,0.7695345137374588,0.2921,-0.5547,0.6931,0.1385
7,baseline_v2,easy,rsa_plus_phase10,True,True,31,9,3,False,3,0.0005883342728207405,0.6874,0.25,0.7695345137374588,0.2921,-0.5547,0.6931,0.1385
8,baseline_v2,easy,rsa_plus_phase10,False,False,7,5,1,False,1,0.6989234189833419,0.6874,0.25,0.7695345137374588,0.2921,-0.5547,0.6931,0.1385
9,baseline_v2,easy,rsa_plus_phase10,False,False,26,7,3,False,3,0.0005883342728207405,0.6874,0.25,0.7695345137374588,0.2921,-0.5547,0.6931,0.1385
10,baseline_v2,easy,rsa_plus_phase10,False,False,25,6,3,False,3,0.0005883342728207405,0.6874,0.25,0.7695345137374588,0.2921,-0.5547,0.6931,0.1385
11,baseline_v2,easy,rsa_plus_phase10,False,False,11,4,2,False,2,0.03176048431213472,0.6874,0.25,0.7695345137374588,0.2921,-0.5547,0.6931,0.1385
12,baseline_v2,easy,rsa_plus_phase10,False,False,5,3,1,False,1,0.6989234189833419,0.6874,0.25,0.7695345137374588,0.2921,-0.5547,0.6931,0.1385
13,baseline_v2,easy,rsa_plus_phase10,False,False,29,10,3,False,3,0.0005883342728207405,0.6874,0.25,0.7695345137374588,0.2921,-0.5547,0.6931,0.1385
14,baseline_v2,easy,rsa_plus_phase10,False,False,24,5,3,False,3,0.0005883342728207405,0.6874,0.25,0.7695345137374588,0.2921,-0.5547,0.6931,0.1385
15,baseline_v2,easy,rsa_plus_phase10,False,False,5,3,1,False,1,0.6989234189833419,0.6874,0.25,0.7695345137374588,0.2921,-0.5547,0.6931,0.1385
16,baseline_v2,easy,rsa_plus_phase10,False,False,4,2,1,False,1,0.6989234189833419,0.6874,0.25,0.7695345137374588,0.2921,-0.5547,0.6931,0.1385
17,baseline_v2,easy,rsa_plus_phase10,False,False,27,8,3,False,3,0.0005883342728207405,0.6874,0.25,0.7695345137374588,0.2921,-0.5547,0.6931,0.1385
18,baseline_v2,easy,rsa_plus_phase10,False,False,13,6,2,False,2,0.03176048431213472,0.6874,0.25,0.7695345137374588,0.2921,-0.5547,0.6931,0.1385
19,baseline_v2,easy,rsa_plus_phase10,False,False,5,3,1,False,1,0.6989234189833419,0.6874,0.25,0.7695345137374588,0.2921,-0.5547,0.6931,0.1385
20,baseline_v2,easy,rsa_plus_phase10,False,False,5,3,1,False,1,0.6989234189833419,0.6874,0.25,0.7695345137374588,0.2921,-0.5547,0.6931,0.1385
21,baseline_v2,easy,rsa_plus_phase10,False,False,25,6,3,False,3,0.0005883342728207405,0.6874,0.25,0.7695345137374588,0.2921,-0.5547,0.6931,0.1385
22,baseline_v2,easy,rsa_plus_phase10,False,False,3,1,1,False,1,0.6989234189833419,0.6874,0.25,0.7695345137374588,0.2921,-0.5547,0.6931,0.1385
23,baseline_v2,easy,rsa_plus_phase10,False,False,4,2,1,False,1,0.6989234189833419,0.6874,0.25,0.7695345137374588,0.2921,-0.5547,0.6931,0.1385
24,baseline_v2,easy,rsa_plus_phase10,False,False,5,3,1,False,1,0.6989234189833419,0.6874,0.25,0.7695345137374588,0.2921,-0.5547,0.6931,0.1385
25,baseline_v2,easy,rsa_plus_phase10,False,False,3,1,1,False,1,0.6989234189833419,0.6874,0.25,0.7695345137374588,0.2921,-0.5547,0.6931,0.1385
26,baseline_v2,easy,rsa_plus_phase10,False,False,3,1,1,False,1,0.6989234189833419,0.6874,0.25,0.7695345137374588,0.2921,-0.5547,0.6931,0.1385
27,baseline_v2,easy,rsa_plus_phase10,False,False,3,1,1,False,1,0.6989234189833419,0.6874,0.25,0.7695345137374588,0.2921,-0.5547,0.6931,0.1385
28,baseline_v2,easy,rsa_plus_phase10,False,False,5,3,1,False,1,0.6989234189833419,0.6874,0.25,0.7695345137374588,0.2921,-0.5547,0.6931,0.1385
29,baseline_v2,easy,rsa_plus_phase10,False,False,14,7,2,False,2,0.03176048431213472,0.6874,0.25,0.7695345137374588,0.2921,-0.5547,0.6931,0.1385
30,baseline_v2,easy,rsa_plus_phase10,False,False,3,1,1,False,1,0.6989234189833419,0.6874,0.25,0.7695345137374588,0.2921,-0.5547,0.6931,0.1385
31,baseline_v2,easy,rsa_plus_phase10,False,False,5,3,1,False,1,0.6989234189833419,0.6874,0.25,0.7695345137374588,0.2921,-0.5547,0.6931,0.1385
32,baseline_v2,easy,rsa_plus_phase10,False,False,4,2,1,False,1,0.6989234189833419,0.6874,0.25,0.7695345137374588,0.2921,-0.5547,0.6931,0.1385
33,baseline_v2,easy,rsa_plus_phase10,False,False,14,7,2,False,2,0.03176048431213472,0.6874,0.25,0.7695345137374588,0.2921,-0.5547,0.6931,0.1385
34,baseline_v2,easy,rsa_plus_phase10,True,True,24,9,3,False,3,0.0005883342728207405,0.6874,0.25,0.7695345137374588,0.2921,-0.5547,0.6931,0.1385
35,baseline_v2,easy,rsa_plus_phase10,False,False,5,3,1,False,1,0.6989234189833419,0.6874,0.25,0.7695345137374588,0.2921,-0.5547,0.6931,0.1385
36,baseline_v2,easy,rsa_plus_phase10,True,True,26,11,3,False,3,0.0005883342728207405,0.6874,0.25,0.7695345137374588,0.2921,-0.5547,0.6931,0.1385
37,baseline_v2,easy,rsa_plus_phase10,False,False,3,1,1,False,1,0.6989234189833419,0.6874,0.25,0.7695345137374588,0.2921,-0.5547,0.6931,0.1385
38,baseline_v2,easy,rsa_plus_phase10,False,False,4,2,1,False,1,0.6989234189833419,0.6874,0.25,0.7695345137374588,0.2921,-0.5547,0.6931,0.1385
39,baseline_v2,easy,rsa_plus_phase10,False,False,5,3,1,False,1,0.6989234189833419,0.6874,0.25,0.7695345137374588,0.2921,-0.5547,0.6931,0.1385
40,baseline_v2,easy,rsa_plus_phase10,True,True,29,7,3,False,3,0.0005883342728207405,0.6874,0.25,0.7695345137374588,0.2921,-0.5547,0.6931,0.1385
41,baseline_v2,easy,rsa_plus_phase10,False,False,5,3,1,False,1,0.6989234189833419,0.6874,0.25,0.7695345137374588,0.2921,-0.5547,0.6931,0.1385
42,baseline_v2,easy,rsa_plus_phase10,False,False,25,6,3,False,3,0.0005883342728207405,0.6874,0.25,0.7695345137374588,0.2921,-0.5547,0.6931,0.1385
43,baseline_v2,easy,rsa_plus_phase10,False,False,3,1,1,False,1,0.6989234189833419,0.6874,0.25,0.7695345137374588,0.2921,-0.5547,0.6931,0.1385
44,baseline_v2,easy,rsa_plus_phase10,False,False,3,1,1,False,1,0.6989234189833419,0.6874,0.25,0.7695345137374588,0.2921,-0.5547,0.6931,0.1385
45,baseline_v2,easy,rsa_plus_phase10,False,False,3,1,1,False,1,0.6989234189833419,0.6874,0.25,0.7695345137374588,0.2921,-0.5547,0.6931,0.1385
46,baseline_v2,easy,rsa_plus_phase10,False,False,3,1,1,False,1,0.6989234189833419,0.6874,0.25,0.7695345137374588,0.2921,-0.5547,0.6931,0.1385
47,baseline_v2,easy,rsa_plus_phase10,False,False,5,3,1,False,1,0.6989234189833419,0.6874,0.25,0.7695345137374588,0.2921,-0.5547,0.6931,0.1385
48,baseline_v2,easy,rsa_plus_phase10,False,False,3,1,1,False,1,0.6989234189833419,0.6874,0.25,0.7695345137374588,0.2921,-0.5547,0.6931,0.1385
49,baseline_v2,easy,rsa_plus_phase10,False,False,4,2,1,False,1,0.6989234189833419,0.6874,0.25,0.7695345137374588,0.2921,-0.5547,0.6931,0.1385
0,baseline_v2,medium,legacy_bias,True,True,34,0,3,True,0,0.0,0.0,0.25,0.25,0.0,-0.6409,0.6931,0.0523
1,baseline_v2,medium,legacy_bias,True,True,34,0,3,True,0,0.0,0.0,0.25,0.25,0.0,-0.638,0.6931,0.0551
2,baseline_v2,medium,legacy_bias,True,True,30,3,3,False,0,0.0,0.0,0.25,0.25,0.0,-0.6409,0.6931,0.0523
3,baseline_v2,medium,legacy_bias,False,False,15,1,2,False,0,0.0,0.0,0.25,0.25,0.0,-0.6409,0.6931,0.0523
4,baseline_v2,medium,legacy_bias,True,True,36,0,3,True,0,0.0,0.0,0.25,0.25,0.0,-0.6409,0.6931,0.0523
5,baseline_v2,medium,legacy_bias,False,False,27,1,3,False,0,0.0,0.0,0.25,0.25,0.0,-0.6409,0.6931,0.0523
6,baseline_v2,medium,legacy_bias,True,True,33,0,3,True,0,0.0,0.0,0.25,0.25,0.0,-0.638,0.6931,0.0551
7,baseline_v2,medium,legacy_bias,True,True,35,0,3,True,0,0.0,0.0,0.25,0.25,0.0,-0.6409,0.6931,0.0523
8,baseline_v2,medium,legacy_bias,True,True,30,3,3,False,0,0.0,0.0,0.25,0.25,0.0,-0.6409,0.6931,0.0523
9,baseline_v2,medium,legacy_bias,True,True,35,0,3,True,0,0.0,0.0,0.25,0.25,0.0,-0.638,0.6931,0.0551
10,baseline_v2,medium,legacy_bias,False,False,28,2,3,False,0,0.0,0.0,0.25,0.25,0.0,-0.6409,0.6931,0.0523
11,baseline_v2,medium,legacy_bias,False,False,15,3,2,False,0,0.0,0.0,0.25,0.25,0.0,-0.6269,0.6931,0.0662
12,baseline_v2,medium,legacy_bias,True,True,31,3,3,False,0,0.0,0.0,0.25,0.25,0.0,-0.638,0.6931,0.0551
13,baseline_v2,medium,legacy_bias,True,True,36,0,3,True,0,0.0,0.0,0.25,0.25,0.0,-0.6409,0.6931,0.0523
14,baseline_v2,medium,legacy_bias,True,True,33,0,3,True,0,0.0,0.0,0.25,0.25,0.0,-0.6269,0.6931,0.0662
15,baseline_v2,medium,legacy_bias,True,True,36,0,3,True,0,0.0,0.0,0.25,0.25,0.0,-0.6409,0.6931,0.0523
16,baseline_v2,medium,legacy_bias,True,True,34,0,3,True,0,0.0,0.0,0.25,0.25,0.0,-0.638,0.6931,0.0551
17,baseline_v2,medium,legacy_bias,False,False,28,2,3,False,0,0.0,0.0,0.25,0.25,0.0,-0.6409,0.6931,0.0523
18,baseline_v2,medium,legacy_bias,False,False,27,2,3,False,0,0.0,0.0,0.25,0.25,0.0,-0.6409,0.6931,0.0523
19,baseline_v2,medium,legacy_bias,True,True,33,0,3,True,0,0.0,0.0,0.25,0.25,0.0,-0.638,0.6931,0.0551
20,baseline_v2,medium,legacy_bias,True,True,30,3,3,False,0,0.0,0.0,0.25,0.25,0.0,-0.6409,0.6931,0.0523
21,baseline_v2,medium,legacy_bias,True,True,33,0,3,True,0,0.0,0.0,0.25,0.25,0.0,-0.6269,0.6931,0.0662
22,baseline_v2,medium,legacy_bias,True,True,34,0,3,True,0,0.0,0.0,0.25,0.25,0.0,-0.6409,0.6931,0.0523
23,baseline_v2,medium,legacy_bias,True,True,33,0,3,True,0,0.0,0.0,0.25,0.25,0.0,-0.6269,0.6931,0.0662
24,baseline_v2,medium,legacy_bias,False,False,14,1,2,False,0,0.0,0.0,0.25,0.25,0.0,-0.638,0.6931,0.0551
25,baseline_v2,medium,legacy_bias,False,False,14,1,2,False,0,0.0,0.0,0.25,0.25,0.0,-0.638,0.6931,0.0551
26,baseline_v2,medium,legacy_bias,True,True,34,0,3,True,0,0.0,0.0,0.25,0.25,0.0,-0.6409,0.6931,0.0523
27,baseline_v2,medium,legacy_bias,True,True,30,3,3,False,0,0.0,0.0,0.25,0.25,0.0,-0.6269,0.6931,0.0662
28,baseline_v2,medium,legacy_bias,False,False,26,1,3,False,0,0.0,0.0,0.25,0.25,0.0,-0.638,0.6931,0.0551
29,baseline_v2,medium,legacy_bias,False,False,16,2,2,False,0,0.0,0.0,0.25,0.25,0.0,-0.6409,0.6931,0.0523
30,baseline_v2,medium,legacy_bias,False,False,15,3,2,False,0,0.0,0.0,0.25,0.25,0.0,-0.6269,0.6931,0.0662
31,baseline_v2,medium,legacy_bias,True,True,34,0,3,True,0,0.0,0.0,0.25,0.25,0.0,-0.638,0.6931,0.0551
32,baseline_v2,medium,legacy_bias,False,False,16,2,2,False,0,0.0,0.0,0.25,0.25,0.0,-0.6409,0.6931,0.0523
33,baseline_v2,medium,legacy_bias,True,True,34,0,3,True,0,0.0,0.0,0.25,0.25,0.0,-0.6409,0.6931,0.0523
34,baseline_v2,medium,legacy_bias,False,False,13,1,2,False,0,0.0,0.0,0.25,0.25,0.0,-0.6269,0.6931,0.0662
35,baseline_v2,medium,legacy_bias,True,True,33,0,3,True,0,0.0,0.0,0.25,0.25,0.0,-0.6269,0.6931,0.0662
36,baseline_v2,medium,legacy_bias,False,False,14,1,2,False,0,0.0,0.0,0.25,0.25,0.0,-0.638,0.6931,0.0551
37,baseline_v2,medium,legacy_bias,True,True,33,0,3,True,0,0.0,0.0,0.25,0.25,0.0,-0.6269,0.6931,0.0662
38,baseline_v2,medium,legacy_bias,False,False,25,2,3,False,0,0.0,0.0,0.25,0.25,0.0,-0.6269,0.6931,0.0662
39,baseline_v2,medium,legacy_bias,False,False,26,1,3,False,0,0.0,0.0,0.25,0.25,0.0,-0.6409,0.6931,0.0523
40,baseline_v2,medium,legacy_bias,True,True,31,3,3,False,0,0.0,0.0,0.25,0.25,0.0,-0.638,0.6931,0.0551
41,baseline_v2,medium,legacy_bias,True,True,35,0,3,True,0,0.0,0.0,0.25,0.25,0.0,-0.638,0.6931,0.0551
42,baseline_v2,medium,legacy_bias,True,True,33,0,3,True,0,0.0,0.0,0.25,0.25,0.0,-0.6269,0.6931,0.0662
43,baseline_v2,medium,legacy_bias,True,True,33,0,3,True,0,0.0,0.0,0.25,0.25,0.0,-0.638,0.6931,0.0551
44,baseline_v2,medium,legacy_bias,True,True,32,3,3,False,0,0.0,0.0,0.25,0.25,0.0,-0.6409,0.6931,0.0523
45,baseline_v2,medium,legacy_bias,True,True,35,0,3,True,0,0.0,0.0,0.25,0.25,0.0,-0.6409,0.6931,0.0523
46,baseline_v2,medium,legacy_bias,False,False,26,1,3,False,0,0.0,0.0,0.25,0.25,0.0,-0.638,0.6931,0.0551
47,baseline_v2,medium,legacy_bias,True,True,33,0,3,True,0,0.0,0.0,0.25,0.25,0.0,-0.6269,0.6931,0.0662
48,baseline_v2,medium,legacy_bias,True,True,32,0,3,True,0,0.0,0.0,0.25,0.25,0.0,-0.6269,0.6931,0.0662
49,baseline_v2,medium,legacy_bias,True,True,33,0,3,True,0,0.0,0.0,0.25,0.25,0.0,-0.6269,0.6931,0.0662
0,baseline_v2,medium,rsa_obs_l0,True,True,34,0,3,True,3,0.06502248023112227,0.5824,0.25,0.7417407204913656,0.3104,-0.5661,0.6931,0.1271
1,baseline_v2,medium,rsa_obs_l0,True,True,34,0,3,True,3,0.06502248023112227,0.5824,0.25,0.7417407204913656,0.3104,-0.5661,0.6931,0.1271
2,baseline_v2,medium,rsa_obs_l0,False,False,15,1,2,False,2,0.23836160277757856,0.5824,0.25,0.7417407204913656,0.3104,-0.5661,0.6931,0.1271
3,baseline_v2,medium,rsa_obs_l0,False,False,15,1,2,False,2,0.23836160277757856,0.5824,0.25,0.7417407204913656,0.3104,-0.5661,0.6931,0.1271
4,baseline_v2,medium,rsa_obs_l0,True,True,36,0,3,True,3,0.06502248023112227,0.5824,0.25,0.7417407204913656,0.3104,-0.5661,0.6931,0.1271
5,baseline_v2,medium,rsa_obs_l0,False,False,27,1,3,False,3,0.06502248023112227,0.5824,0.25,0.7417407204913656,0.3104,-0.5661,0.6931,0.1271
6,baseline_v2,medium,rsa_obs_l0,True,True,33,0,3,True,3,0.06502248023112227,0.5824,0.25,0.7417407204913656,0.3104,-0.5661,0.6931,0.1271
7,baseline_v2,medium,rsa_obs_l0,True,True,35,0,3,True,3,0.06502248023112227,0.5824,0.25,0.7417407204913656,0.3104,-0.5661,0.6931,0.1271
8,baseline_v2,medium,rsa_obs_l0,True,True,30,3,3,False,3,0.06502248023112227,0.5824,0.25,0.7417407204913656,0.3104,-0.5661,0.6931,0.1271
9,baseline_v2,medium,rsa_obs_l0,True,True,35,0,3,True,3,0.06502248023112227,0.5824,0.25,0.7417407204913656,0.3104,-0.5661,0.6931,0.1271
10,baseline_v2,medium,rsa_obs_l0,False,False,28,2,3,False,3,0.06502248023112227,0.5824,0.25,0.7417407204913656,0.3104,-0.5661,0.6931,0.1271
11,baseline_v2,medium,rsa_obs_l0,False,False,15,3,2,False,2,0.23836160277757856,0.5824,0.25,0.7417407204913656,0.3104,-0.5661,0.6931,0.1271
12,baseline_v2,medium,rsa_obs_l0,True,True,31,3,3,False,3,0.06502248023112227,0.5824,0.25,0.7417407204913656,0.3104,-0.5661,0.6931,0.1271
13,baseline_v2,medium,rsa_obs_l0,True,True,36,0,3,True,3,0.06502248023112227,0.5824,0.25,0.7417407204913656,0.3104,-0.5661,0.6931,0.1271
14,baseline_v2,medium,rsa_obs_l0,True,True,33,0,3,True,3,0.06502248023112227,0.5824,0.25,0.7417407204913656,0.3104,-0.5661,0.6931,0.1271
15,baseline_v2,medium,rsa_obs_l0,True,True,36,0,3,True,3,0.06502248023112227,0.5824,0.25,0.7417407204913656,0.3104,-0.5661,0.6931,0.1271
16,baseline_v2,medium,rsa_obs_l0,True,True,34,0,3,True,3,0.06502248023112227,0.5824,0.25,0.7417407204913656,0.3104,-0.5661,0.6931,0.1271
17,baseline_v2,medium,rsa_obs_l0,False,False,28,2,3,False,3,0.06502248023112227,0.5824,0.25,0.7417407204913656,0.3104,-0.5661,0.6931,0.1271
18,baseline_v2,medium,rsa_obs_l0,True,True,31,3,3,False,3,0.06502248023112227,0.5824,0.25,0.7417407204913656,0.3104,-0.5661,0.6931,0.1271
19,baseline_v2,medium,rsa_obs_l0,True,True,33,0,3,True,3,0.06502248023112227,0.5824,0.25,0.7417407204913656,0.3104,-0.5661,0.6931,0.1271
20,baseline_v2,medium,rsa_obs_l0,True,True,30,3,3,False,3,0.06502248023112227,0.5824,0.25,0.7417407204913656,0.3104,-0.5661,0.6931,0.1271
21,baseline_v2,medium,rsa_obs_l0,True,True,33,0,3,True,3,0.06502248023112227,0.5824,0.25,0.7417407204913656,0.3104,-0.5661,0.6931,0.1271
22,baseline_v2,medium,rsa_obs_l0,True,True,34,0,3,True,3,0.06502248023112227,0.5824,0.25,0.7417407204913656,0.3104,-0.5661,0.6931,0.1271
23,baseline_v2,medium,rsa_obs_l0,True,True,33,0,3,True,3,0.06502248023112227,0.5824,0.25,0.7417407204913656,0.3104,-0.5661,0.6931,0.1271
24,baseline_v2,medium,rsa_obs_l0,False,False,14,1,2,False,2,0.23836160277757856,0.5824,0.25,0.7417407204913656,0.3104,-0.5661,0.6931,0.1271
25,baseline_v2,medium,rsa_obs_l0,False,False,15,2,2,False,2,0.23836160277757856,0.5824,0.25,0.7417407204913656,0.3104,-0.5661,0.6931,0.1271
26,baseline_v2,medium,rsa_obs_l0,True,True,34,0,3,True,3,0.06502248023112227,0.5824,0.25,0.7417407204913656,0.3104,-0.5661,0.6931,0.1271
27,baseline_v2,medium,rsa_obs_l0,True,True,30,3,3,False,3,0.06502248023112227,0.5824,0.25,0.7417407204913656,0.3104,-0.5661,0.6931,0.1271
28,baseline_v2,medium,rsa_obs_l0,False,False,26,1,3,False,3,0.06502248023112227,0.5824,0.25,0.7417407204913656,0.3104,-0.5661,0.6931,0.1271
29,baseline_v2,medium,rsa_obs_l0,False,False,16,2,2,False,2,0.23836160277757856,0.5824,0.25,0.7417407204913656,0.3104,-0.5661,0.6931,0.1271
30,baseline_v2,medium,rsa_obs_l0,False,False,14,2,2,False,2,0.23836160277757856,0.5824,0.25,0.7417407204913656,0.3104,-0.5661,0.6931,0.1271
31,baseline_v2,medium,rsa_obs_l0,True,True,34,0,3,True,3,0.06502248023112227,0.5824,0.25,0.7417407204913656,0.3104,-0.5661,0.6931,0.1271
32,baseline_v2,medium,rsa_obs_l0,False,False,16,2,2,False,2,0.23836160277757856,0.5824,0.25,0.7417407204913656,0.3104,-0.5661,0.6931,0.1271
33,baseline_v2,medium,rsa_obs_l0,True,True,34,0,3,True,3,0.06502248023112227,0.5824,0.25,0.7417407204913656,0.3104,-0.5661,0.6931,0.1271
34,baseline_v2,medium,rsa_obs_l0,False,False,13,1,2,False,2,0.23836160277757856,0.5824,0.25,0.7417407204913656,0.3104,-0.5661,0.6931,0.1271
35,baseline_v2,medium,rsa_obs_l0,True,True,33,0,3,True,3,0.06502248023112227,0.5824,0.25,0.7417407204913656,0.3104,-0.5661,0.6931,0.1271
36,baseline_v2,medium,rsa_obs_l0,False,False,14,1,2,False,2,0.23836160277757856,0.5824,0.25,0.7417407204913656,0.3104,-0.5661,0.6931,0.1271
37,baseline_v2,medium,rsa_obs_l0,True,True,33,0,3,True,3,0.06502248023112227,0.5824,0.25,0.7417407204913656,0.3104,-0.5661,0.6931,0.1271
38,baseline_v2,medium,rsa_obs_l0,False,False,25,2,3,False,3,0.06502248023112227,0.5824,0.25,0.7417407204913656,0.3104,-0.5661,0.6931,0.1271
39,baseline_v2,medium,rsa_obs_l0,False,False,26,1,3,False,3,0.06502248023112227,0.5824,0.25,0.7417407204913656,0.3104,-0.5661,0.6931,0.1271
40,baseline_v2,medium,rsa_obs_l0,True,True,31,3,3,False,3,0.06502248023112227,0.5824,0.25,0.7417407204913656,0.3104,-0.5661,0.6931,0.1271
41,baseline_v2,medium,rsa_obs_l0,True,True,35,0,3,True,3,0.06502248023112227,0.5824,0.25,0.7417407204913656,0.3104,-0.5661,0.6931,0.1271
42,baseline_v2,medium,rsa_obs_l0,True,True,33,0,3,True,3,0.06502248023112227,0.5824,0.25,0.7417407204913656,0.3104,-0.5661,0.6931,0.1271
43,baseline_v2,medium,rsa_obs_l0,True,True,33,0,3,True,3,0.06502248023112227,0.5824,0.25,0.7417407204913656,0.3104,-0.5661,0.6931,0.1271
44,baseline_v2,medium,rsa_obs_l0,True,True,32,3,3,False,3,0.06502248023112227,0.5824,0.25,0.7417407204913656,0.3104,-0.5661,0.6931,0.1271
45,baseline_v2,medium,rsa_obs_l0,True,True,35,0,3,True,3,0.06502248023112227,0.5824,0.25,0.7417407204913656,0.3104,-0.5661,0.6931,0.1271
46,baseline_v2,medium,rsa_obs_l0,False,False,26,1,3,False,3,0.06502248023112227,0.5824,0.25,0.7417407204913656,0.3104,-0.5661,0.6931,0.1271
47,baseline_v2,medium,rsa_obs_l0,True,True,33,0,3,True,3,0.06502248023112227,0.5824,0.25,0.7417407204913656,0.3104,-0.5661,0.6931,0.1271
48,baseline_v2,medium,rsa_obs_l0,True,True,32,0,3,True,3,0.06502248023112227,0.5824,0.25,0.7417407204913656,0.3104,-0.5661,0.6931,0.1271
49,baseline_v2,medium,rsa_obs_l0,True,True,33,0,3,True,3,0.06502248023112227,0.5824,0.25,0.7417407204913656,0.3104,-0.5661,0.6931,0.1271
0,baseline_v2,medium,rsa_obs_s1,True,True,34,0,3,True,3,0.0005883342728207405,0.6874,0.25,0.7695345137374588,0.2921,-0.5547,0.6931,0.1385
1,baseline_v2,medium,rsa_obs_s1,True,True,34,0,3,True,3,0.0005883342728207405,0.6874,0.25,0.7695345137374588,0.2921,-0.5547,0.6931,0.1385
2,baseline_v2,medium,rsa_obs_s1,False,False,15,1,2,False,2,0.03176048431213472,0.6874,0.25,0.7695345137374588,0.2921,-0.5547,0.6931,0.1385
3,baseline_v2,medium,rsa_obs_s1,False,False,15,1,2,False,2,0.03176048431213472,0.6874,0.25,0.7695345137374588,0.2921,-0.5547,0.6931,0.1385
4,baseline_v2,medium,rsa_obs_s1,True,True,36,0,3,True,3,0.0005883342728207405,0.6874,0.25,0.7695345137374588,0.2921,-0.5547,0.6931,0.1385
5,baseline_v2,medium,rsa_obs_s1,False,False,27,1,3,False,3,0.0005883342728207405,0.6874,0.25,0.7695345137374588,0.2921,-0.5547,0.6931,0.1385
6,baseline_v2,medium,rsa_obs_s1,True,True,33,0,3,True,3,0.0005883342728207405,0.6874,0.25,0.7695345137374588,0.2921,-0.5547,0.6931,0.1385
7,baseline_v2,medium,rsa_obs_s1,True,True,35,0,3,True,3,0.0005883342728207405,0.6874,0.25,0.7695345137374588,0.2921,-0.5547,0.6931,0.1385
8,baseline_v2,medium,rsa_obs_s1,True,True,30,3,3,False,3,0.0005883342728207405,0.6874,0.25,0.7695345137374588,0.2921,-0.5547,0.6931,0.1385
9,baseline_v2,medium,rsa_obs_s1,True,True,35,0,3,True,3,0.0005883342728207405,0.6874,0.25,0.7695345137374588,0.2921,-0.5547,0.6931,0.1385
10,baseline_v2,medium,rsa_obs_s1,False,False,28,2,3,False,3,0.0005883342728207405,0.6874,0.25,0.7695345137374588,0.2921,-0.5547,0.6931,0.1385
11,baseline_v2,medium,rsa_obs_s1,False,False,15,3,2,False,2,0.03176048431213472,0.6874,0.25,0.7695345137374588,0.2921,-0.5547,0.6931,0.1385
12,baseline_v2,medium,rsa_obs_s1,True,True,31,3,3,False,3,0.0005883342728207405,0.6874,0.25,0.7695345137374588,0.2921,-0.5547,0.6931,0.1385
13,baseline_v2,medium,rsa_obs_s1,True,True,36,0,3,True,3,0.0005883342728207405,0.6874,0.25,0.7695345137374588,0.2921,-0.5547,0.6931,0.1385
14,baseline_v2,medium,rsa_obs_s1,True,True,33,0,3,True,3,0.0005883342728207405,0.6874,0.25,0.7695345137374588,0.2921,-0.5547,0.6931,0.1385
15,baseline_v2,medium,rsa_obs_s1,True,True,36,0,3,True,3,0.0005883342728207405,0.6874,0.25,0.7695345137374588,0.2921,-0.5547,0.6931,0.1385
16,baseline_v2,medium,rsa_obs_s1,True,True,34,0,3,True,3,0.0005883342728207405,0.6874,0.25,0.7695345137374588,0.2921,-0.5547,0.6931,0.1385
17,baseline_v2,medium,rsa_obs_s1,False,False,28,2,3,False,3,0.0005883342728207405,0.6874,0.25,0.7695345137374588,0.2921,-0.5547,0.6931,0.1385
18,baseline_v2,medium,rsa_obs_s1,True,True,31,3,3,False,3,0.0005883342728207405,0.6874,0.25,0.7695345137374588,0.2921,-0.5547,0.6931,0.1385
19,baseline_v2,medium,rsa_obs_s1,True,True,33,0,3,True,3,0.0005883342728207405,0.6874,0.25,0.7695345137374588,0.2921,-0.5547,0.6931,0.1385
20,baseline_v2,medium,rsa_obs_s1,True,True,30,3,3,False,3,0.0005883342728207405,0.6874,0.25,0.7695345137374588,0.2921,-0.5547,0.6931,0.1385
21,baseline_v2,medium,rsa_obs_s1,True,True,33,0,3,True,3,0.0005883342728207405,0.6874,0.25,0.7695345137374588,0.2921,-0.5547,0.6931,0.1385
22,baseline_v2,medium,rsa_obs_s1,True,True,34,0,3,True,3,0.0005883342728207405,0.6874,0.25,0.7695345137374588,0.2921,-0.5547,0.6931,0.1385
23,baseline_v2,medium,rsa_obs_s1,True,True,33,0,3,True,3,0.0005883342728207405,0.6874,0.25,0.7695345137374588,0.2921,-0.5547,0.6931,0.1385
24,baseline_v2,medium,rsa_obs_s1,False,False,14,1,2,False,2,0.03176048431213472,0.6874,0.25,0.7695345137374588,0.2921,-0.5547,0.6931,0.1385
25,baseline_v2,medium,rsa_obs_s1,False,False,15,2,2,False,2,0.03176048431213472,0.6874,0.25,0.7695345137374588,0.2921,-0.5547,0.6931,0.1385
26,baseline_v2,medium,rsa_obs_s1,True,True,34,0,3,True,3,0.0005883342728207405,0.6874,0.25,0.7695345137374588,0.2921,-0.5547,0.6931,0.1385
27,baseline_v2,medium,rsa_obs_s1,True,True,30,3,3,False,3,0.0005883342728207405,0.6874,0.25,0.7695345137374588,0.2921,-0.5547,0.6931,0.1385
28,baseline_v2,medium,rsa_obs_s1,False,False,26,1,3,False,3,0.0005883342728207405,0.6874,0.25,0.7695345137374588,0.2921,-0.5547,0.6931,0.1385
29,baseline_v2,medium,rsa_obs_s1,False,False,16,2,2,False,2,0.03176048431213472,0.6874,0.25,0.7695345137374588,0.2921,-0.5547,0.6931,0.1385
30,baseline_v2,medium,rsa_obs_s1,False,False,14,2,2,False,2,0.03176048431213472,0.6874,0.25,0.7695345137374588,0.2921,-0.5547,0.6931,0.1385
31,baseline_v2,medium,rsa_obs_s1,True,True,34,0,3,True,3,0.0005883342728207405,0.6874,0.25,0.7695345137374588,0.2921,-0.5547,0.6931,0.1385
32,baseline_v2,medium,rsa_obs_s1,False,False,16,2,2,False,2,0.03176048431213472,0.6874,0.25,0.7695345137374588,0.2921,-0.5547,0.6931,0.1385
33,baseline_v2,medium,rsa_obs_s1,True,True,34,0,3,True,3,0.0005883342728207405,0.6874,0.25,0.7695345137374588,0.2921,-0.5547,0.6931,0.1385
34,baseline_v2,medium,rsa_obs_s1,False,False,13,1,2,False,2,0.03176048431213472,0.6874,0.25,0.7695345137374588,0.2921,-0.5547,0.6931,0.1385
35,baseline_v2,medium,rsa_obs_s1,True,True,33,0,3,True,3,0.0005883342728207405,0.6874,0.25,0.7695345137374588,0.2921,-0.5547,0.6931,0.1385
36,baseline_v2,medium,rsa_obs_s1,False,False,14,1,2,False,2,0.03176048431213472,0.6874,0.25,0.7695345137374588,0.2921,-0.5547,0.6931,0.1385
37,baseline_v2,medium,rsa_obs_s1,True,True,33,0,3,True,3,0.0005883342728207405,0.6874,0.25,0.7695345137374588,0.2921,-0.5547,0.6931,0.1385
38,baseline_v2,medium,rsa_obs_s1,False,False,25,2,3,False,3,0.0005883342728207405,0.6874,0.25,0.7695345137374588,0.2921,-0.5547,0.6931,0.1385
39,baseline_v2,medium,rsa_obs_s1,False,False,26,1,3,False,3,0.0005883342728207405,0.6874,0.25,0.7695345137374588,0.2921,-0.5547,0.6931,0.1385
40,baseline_v2,medium,rsa_obs_s1,True,True,31,3,3,False,3,0.0005883342728207405,0.6874,0.25,0.7695345137374588,0.2921,-0.5547,0.6931,0.1385
41,baseline_v2,medium,rsa_obs_s1,True,True,35,0,3,True,3,0.0005883342728207405,0.6874,0.25,0.7695345137374588,0.2921,-0.5547,0.6931,0.1385
42,baseline_v2,medium,rsa_obs_s1,True,True,33,0,3,True,3,0.0005883342728207405,0.6874,0.25,0.7695345137374588,0.2921,-0.5547,0.6931,0.1385
43,baseline_v2,medium,rsa_obs_s1,True,True,33,0,3,True,3,0.0005883342728207405,0.6874,0.25,0.7695345137374588,0.2921,-0.5547,0.6931,0.1385
44,baseline_v2,medium,rsa_obs_s1,True,True,32,3,3,False,3,0.0005883342728207405,0.6874,0.25,0.7695345137374588,0.2921,-0.5547,0.6931,0.1385
45,baseline_v2,medium,rsa_obs_s1,True,True,35,0,3,True,3,0.0005883342728207405,0.6874,0.25,0.7695345137374588,0.2921,-0.5547,0.6931,0.1385
46,baseline_v2,medium,rsa_obs_s1,False,False,26,1,3,False,3,0.0005883342728207405,0.6874,0.25,0.7695345137374588,0.2921,-0.5547,0.6931,0.1385
47,baseline_v2,medium,rsa_obs_s1,True,True,33,0,3,True,3,0.0005883342728207405,0.6874,0.25,0.7695345137374588,0.2921,-0.5547,0.6931,0.1385
48,baseline_v2,medium,rsa_obs_s1,True,True,32,0,3,True,3,0.0005883342728207405,0.6874,0.25,0.7695345137374588,0.2921,-0.5547,0.6931,0.1385
49,baseline_v2,medium,rsa_obs_s1,True,True,33,0,3,True,3,0.0005883342728207405,0.6874,0.25,0.7695345137374588,0.2921,-0.5547,0.6931,0.1385
0,baseline_v2,medium,rsa_obs_s1_trust,False,False,16,2,2,False,2,0.9035575407631242,0.1313,0.25,0.4335234601619351,0.1133,-0.3236,0.6931,0.3696
1,baseline_v2,medium,rsa_obs_s1_trust,False,False,6,4,1,False,1,1.2550215804305218,0.1313,0.25,0.4335234601619351,0.1133,-0.3236,0.6931,0.3696
2,baseline_v2,medium,rsa_obs_s1_trust,False,False,15,1,2,False,2,0.9035575407631242,0.1313,0.25,0.4335234601619351,0.1133,-0.3236,0.6931,0.3696
3,baseline_v2,medium,rsa_obs_s1_trust,False,False,15,1,2,False,2,0.9035575407631242,0.1313,0.25,0.4335234601619351,0.1133,-0.3236,0.6931,0.3696
4,baseline_v2,medium,rsa_obs_s1_trust,False,False,16,2,2,False,2,0.9035575407631242,0.1313,0.25,0.4335234601619351,0.1133,-0.3236,0.6931,0.3696
5,baseline_v2,medium,rsa_obs_s1_trust,False,False,15,1,2,False,2,0.9035575407631242,0.1313,0.25,0.4335234601619351,0.1133,-0.3236,0.6931,0.3696
6,baseline_v2,medium,rsa_obs_s1_trust,False,False,3,1,1,False,1,1.2550215804305218,0.1313,0.25,0.4335234601619351,0.1133,-0.3236,0.6931,0.3696
7,baseline_v2,medium,rsa_obs_s1_trust,False,False,17,3,2,False,2,0.9035575407631242,0.1313,0.25,0.4335234601619351,0.1133,-0.3236,0.6931,0.3696
8,baseline_v2,medium,rsa_obs_s1_trust,False,False,24,5,3,False,3,0.47387069306361,0.1313,0.25,0.4335234601619351,0.1133,-0.3236,0.6931,0.3696
9,baseline_v2,medium,rsa_obs_s1_trust,False,False,4,2,1,False,1,1.2550215804305218,0.1313,0.25,0.4335234601619351,0.1133,-0.3236,0.6931,0.3696
10,baseline_v2,medium,rsa_obs_s1_trust,False,False,16,2,2,False,2,0.9035575407631242,0.1313,0.25,0.4335234601619351,0.1133,-0.3236,0.6931,0.3696
11,baseline_v2,medium,rsa_obs_s1_trust,False,False,11,4,2,False,2,0.9035575407631242,0.1313,0.25,0.4335234601619351,0.1133,-0.3236,0.6931,0.3696
12,baseline_v2,medium,rsa_obs_s1_trust,False,False,5,3,1,False,1,1.2550215804305218,0.1313,0.25,0.4335234601619351,0.1133,-0.3236,0.6931,0.3696
13,baseline_v2,medium,rsa_obs_s1_trust,False,False,16,2,2,False,2,0.9035575407631242,0.1313,0.25,0.4335234601619351,0.1133,-0.3236,0.6931,0.3696
14,baseline_v2,medium,rsa_obs_s1_trust,True,True,31,3,3,False,3,0.47387069306361,0.1313,0.25,0.4335234601619351,0.1133,-0.3236,0.6931,0.3696
15,baseline_v2,medium,rsa_obs_s1_trust,False,False,18,4,2,False,2,0.9035575407631242,0.1313,0.25,0.4335234601619351,0.1133,-0.3236,0.6931,0.3696
16,baseline_v2,medium,rsa_obs_s1_trust,False,False,4,2,1,False,1,1.2550215804305218,0.1313,0.25,0.4335234601619351,0.1133,-0.3236,0.6931,0.3696
17,baseline_v2,medium,rsa_obs_s1_trust,False,False,17,3,2,False,2,0.9035575407631242,0.1313,0.25,0.4335234601619351,0.1133,-0.3236,0.6931,0.3696
18,baseline_v2,medium,rsa_obs_s1_trust,False,False,17,3,2,False,2,0.9035575407631242,0.1313,0.25,0.4335234601619351,0.1133,-0.3236,0.6931,0.3696
19,baseline_v2,medium,rsa_obs_s1_trust,False,False,5,3,1,False,1,1.2550215804305218,0.1313,0.25,0.4335234601619351,0.1133,-0.3236,0.6931,0.3696
20,baseline_v2,medium,rsa_obs_s1_trust,False,False,23,4,3,False,3,0.47387069306361,0.1313,0.25,0.4335234601619351,0.1133,-0.3236,0.6931,0.3696
21,baseline_v2,medium,rsa_obs_s1_trust,True,True,31,3,3,False,3,0.47387069306361,0.1313,0.25,0.4335234601619351,0.1133,-0.3236,0.6931,0.3696
22,baseline_v2,medium,rsa_obs_s1_trust,False,False,17,3,2,False,2,0.9035575407631242,0.1313,0.25,0.4335234601619351,0.1133,-0.3236,0.6931,0.3696
23,baseline_v2,medium,rsa_obs_s1_trust,False,False,4,2,1,False,1,1.2550215804305218,0.1313,0.25,0.4335234601619351,0.1133,-0.3236,0.6931,0.3696
24,baseline_v2,medium,rsa_obs_s1_trust,False,False,5,3,1,False,1,1.2550215804305218,0.1313,0.25,0.4335234601619351,0.1133,-0.3236,0.6931,0.3696
25,baseline_v2,medium,rsa_obs_s1_trust,False,False,3,1,1,False,1,1.2550215804305218,0.1313,0.25,0.4335234601619351,0.1133,-0.3236,0.6931,0.3696
26,baseline_v2,medium,rsa_obs_s1_trust,False,False,18,4,2,False,2,0.9035575407631242,0.1313,0.25,0.4335234601619351,0.1133,-0.3236,0.6931,0.3696
27,baseline_v2,medium,rsa_obs_s1_trust,False,False,3,1,1,False,1,1.2550215804305218,0.1313,0.25,0.4335234601619351,0.1133,-0.3236,0.6931,0.3696
28,baseline_v2,medium,rsa_obs_s1_trust,False,False,5,3,1,False,1,1.2550215804305218,0.1313,0.25,0.4335234601619351,0.1133,-0.3236,0.6931,0.3696
29,baseline_v2,medium,rsa_obs_s1_trust,False,False,16,2,2,False,2,0.9035575407631242,0.1313,0.25,0.4335234601619351,0.1133,-0.3236,0.6931,0.3696
30,baseline_v2,medium,rsa_obs_s1_trust,False,False,3,1,1,False,1,1.2550215804305218,0.1313,0.25,0.4335234601619351,0.1133,-0.3236,0.6931,0.3696
31,baseline_v2,medium,rsa_obs_s1_trust,False,False,3,1,1,False,1,1.2550215804305218,0.1313,0.25,0.4335234601619351,0.1133,-0.3236,0.6931,0.3696
32,baseline_v2,medium,rsa_obs_s1_trust,False,False,16,2,2,False,2,0.9035575407631242,0.1313,0.25,0.4335234601619351,0.1133,-0.3236,0.6931,0.3696
33,baseline_v2,medium,rsa_obs_s1_trust,False,False,17,3,2,False,2,0.9035575407631242,0.1313,0.25,0.4335234601619351,0.1133,-0.3236,0.6931,0.3696
34,baseline_v2,medium,rsa_obs_s1_trust,False,False,13,6,2,False,2,0.9035575407631242,0.1313,0.25,0.4335234601619351,0.1133,-0.3236,0.6931,0.3696
35,baseline_v2,medium,rsa_obs_s1_trust,False,False,5,3,1,False,1,1.2550215804305218,0.1313,0.25,0.4335234601619351,0.1133,-0.3236,0.6931,0.3696
36,baseline_v2,medium,rsa_obs_s1_trust,True,True,28,7,3,False,3,0.47387069306361,0.1313,0.25,0.4335234601619351,0.1133,-0.3236,0.6931,0.3696
37,baseline_v2,medium,rsa_obs_s1_trust,False,False,3,1,1,False,1,1.2550215804305218,0.1313,0.25,0.4335234601619351,0.1133,-0.3236,0.6931,0.3696
38,baseline_v2,medium,rsa_obs_s1_trust,False,False,11,4,2,False,2,0.9035575407631242,0.1313,0.25,0.4335234601619351,0.1133,-0.3236,0.6931,0.3696
39,baseline_v2,medium,rsa_obs_s1_trust,False,False,15,1,2,False,2,0.9035575407631242,0.1313,0.25,0.4335234601619351,0.1133,-0.3236,0.6931,0.3696
40,baseline_v2,medium,rsa_obs_s1_trust,True,True,29,7,3,False,3,0.47387069306361,0.1313,0.25,0.4335234601619351,0.1133,-0.3236,0.6931,0.3696
41,baseline_v2,medium,rsa_obs_s1_trust,False,False,5,3,1,False,1,1.2550215804305218,0.1313,0.25,0.4335234601619351,0.1133,-0.3236,0.6931,0.3696
42,baseline_v2,medium,rsa_obs_s1_trust,False,False,13,6,2,False,2,0.9035575407631242,0.1313,0.25,0.4335234601619351,0.1133,-0.3236,0.6931,0.3696
43,baseline_v2,medium,rsa_obs_s1_trust,False,False,3,1,1,False,1,1.2550215804305218,0.1313,0.25,0.4335234601619351,0.1133,-0.3236,0.6931,0.3696
44,baseline_v2,medium,rsa_obs_s1_trust,True,True,32,3,3,False,3,0.47387069306361,0.1313,0.25,0.4335234601619351,0.1133,-0.3236,0.6931,0.3696
45,baseline_v2,medium,rsa_obs_s1_trust,False,False,16,2,2,False,2,0.9035575407631242,0.1313,0.25,0.4335234601619351,0.1133,-0.3236,0.6931,0.3696
46,baseline_v2,medium,rsa_obs_s1_trust,False,False,3,1,1,False,1,1.2550215804305218,0.1313,0.25,0.4335234601619351,0.1133,-0.3236,0.6931,0.3696
47,baseline_v2,medium,rsa_obs_s1_trust,False,False,5,3,1,False,1,1.2550215804305218,0.1313,0.25,0.4335234601619351,0.1133,-0.3236,0.6931,0.3696
48,baseline_v2,medium,rsa_obs_s1_trust,False,False,3,1,1,False,1,1.2550215804305218,0.1313,0.25,0.4335234601619351,0.1133,-0.3236,0.6931,0.3696
49,baseline_v2,medium,rsa_obs_s1_trust,False,False,4,2,1,False,1,1.2550215804305218,0.1313,0.25,0.4335234601619351,0.1133,-0.3236,0.6931,0.3696
0,baseline_v2,medium,rsa_plus_phase10,False,False,4,2,1,False,1,0.6989234189833419,0.6874,0.25,0.7695345137374588,0.2921,-0.5547,0.6931,0.1385
1,baseline_v2,medium,rsa_plus_phase10,False,False,6,4,1,False,1,0.6989234189833419,0.6874,0.25,0.7695345137374588,0.2921,-0.5547,0.6931,0.1385
2,baseline_v2,medium,rsa_plus_phase10,False,False,5,3,1,False,1,0.6989234189833419,0.6874,0.25,0.7695345137374588,0.2921,-0.5547,0.6931,0.1385
3,baseline_v2,medium,rsa_plus_phase10,False,False,3,1,1,False,1,0.6989234189833419,0.6874,0.25,0.7695345137374588,0.2921,-0.5547,0.6931,0.1385
4,baseline_v2,medium,rsa_plus_phase10,False,False,26,7,3,False,3,0.0005883342728207405,0.6874,0.25,0.7695345137374588,0.2921,-0.5547,0.6931,0.1385
5,baseline_v2,medium,rsa_plus_phase10,False,False,4,2,1,False,1,0.6989234189833419,0.6874,0.25,0.7695345137374588,0.2921,-0.5547,0.6931,0.1385
6,baseline_v2,medium,rsa_plus_phase10,False,False,3,1,1,False,1,0.6989234189833419,0.6874,0.25,0.7695345137374588,0.2921,-0.5547,0.6931,0.1385
7,baseline_v2,medium,rsa_plus_phase10,False,False,16,9,2,False,2,0.03176048431213472,0.6874,0.25,0.7695345137374588,0.2921,-0.5547,0.6931,0.1385
8,baseline_v2,medium,rsa_plus_phase10,False,False,7,5,1,False,1,0.6989234189833419,0.6874,0.25,0.7695345137374588,0.2921,-0.5547,0.6931,0.1385
9,baseline_v2,medium,rsa_plus_phase10,False,False,4,2,1,False,1,0.6989234189833419,0.6874,0.25,0.7695345137374588,0.2921,-0.5547,0.6931,0.1385
10,baseline_v2,medium,rsa_plus_phase10,False,False,25,6,3,False,3,0.0005883342728207405,0.6874,0.25,0.7695345137374588,0.2921,-0.5547,0.6931,0.1385
11,baseline_v2,medium,rsa_plus_phase10,False,False,11,4,2,False,2,0.03176048431213472,0.6874,0.25,0.7695345137374588,0.2921,-0.5547,0.6931,0.1385
12,baseline_v2,medium,rsa_plus_phase10,False,False,5,3,1,False,1,0.6989234189833419,0.6874,0.25,0.7695345137374588,0.2921,-0.5547,0.6931,0.1385
13,baseline_v2,medium,rsa_plus_phase10,False,False,29,10,3,False,3,0.0005883342728207405,0.6874,0.25,0.7695345137374588,0.2921,-0.5547,0.6931,0.1385
14,baseline_v2,medium,rsa_plus_phase10,False,False,24,5,3,False,3,0.0005883342728207405,0.6874,0.25,0.7695345137374588,0.2921,-0.5547,0.6931,0.1385
15,baseline_v2,medium,rsa_plus_phase10,False,False,5,3,1,False,1,0.6989234189833419,0.6874,0.25,0.7695345137374588,0.2921,-0.5547,0.6931,0.1385
16,baseline_v2,medium,rsa_plus_phase10,False,False,4,2,1,False,1,0.6989234189833419,0.6874,0.25,0.7695345137374588,0.2921,-0.5547,0.6931,0.1385
17,baseline_v2,medium,rsa_plus_phase10,False,False,3,1,1,False,1,0.6989234189833419,0.6874,0.25,0.7695345137374588,0.2921,-0.5547,0.6931,0.1385
18,baseline_v2,medium,rsa_plus_phase10,False,False,13,6,2,False,2,0.03176048431213472,0.6874,0.25,0.7695345137374588,0.2921,-0.5547,0.6931,0.1385
19,baseline_v2,medium,rsa_plus_phase10,False,False,5,3,1,False,1,0.6989234189833419,0.6874,0.25,0.7695345137374588,0.2921,-0.5547,0.6931,0.1385
20,baseline_v2,medium,rsa_plus_phase10,False,False,5,3,1,False,1,0.6989234189833419,0.6874,0.25,0.7695345137374588,0.2921,-0.5547,0.6931,0.1385
21,baseline_v2,medium,rsa_plus_phase10,False,False,25,6,3,False,3,0.0005883342728207405,0.6874,0.25,0.7695345137374588,0.2921,-0.5547,0.6931,0.1385
22,baseline_v2,medium,rsa_plus_phase10,False,False,3,1,1,False,1,0.6989234189833419,0.6874,0.25,0.7695345137374588,0.2921,-0.5547,0.6931,0.1385
23,baseline_v2,medium,rsa_plus_phase10,False,False,4,2,1,False,1,0.6989234189833419,0.6874,0.25,0.7695345137374588,0.2921,-0.5547,0.6931,0.1385
24,baseline_v2,medium,rsa_plus_phase10,False,False,5,3,1,False,1,0.6989234189833419,0.6874,0.25,0.7695345137374588,0.2921,-0.5547,0.6931,0.1385
25,baseline_v2,medium,rsa_plus_phase10,False,False,3,1,1,False,1,0.6989234189833419,0.6874,0.25,0.7695345137374588,0.2921,-0.5547,0.6931,0.1385
26,baseline_v2,medium,rsa_plus_phase10,False,False,3,1,1,False,1,0.6989234189833419,0.6874,0.25,0.7695345137374588,0.2921,-0.5547,0.6931,0.1385
27,baseline_v2,medium,rsa_plus_phase10,False,False,3,1,1,False,1,0.6989234189833419,0.6874,0.25,0.7695345137374588,0.2921,-0.5547,0.6931,0.1385
28,baseline_v2,medium,rsa_plus_phase10,False,False,5,3,1,False,1,0.6989234189833419,0.6874,0.25,0.7695345137374588,0.2921,-0.5547,0.6931,0.1385
29,baseline_v2,medium,rsa_plus_phase10,False,False,5,3,1,False,1,0.6989234189833419,0.6874,0.25,0.7695345137374588,0.2921,-0.5547,0.6931,0.1385
30,baseline_v2,medium,rsa_plus_phase10,False,False,3,1,1,False,1,0.6989234189833419,0.6874,0.25,0.7695345137374588,0.2921,-0.5547,0.6931,0.1385
31,baseline_v2,medium,rsa_plus_phase10,False,False,3,1,1,False,1,0.6989234189833419,0.6874,0.25,0.7695345137374588,0.2921,-0.5547,0.6931,0.1385
32,baseline_v2,medium,rsa_plus_phase10,False,False,4,2,1,False,1,0.6989234189833419,0.6874,0.25,0.7695345137374588,0.2921,-0.5547,0.6931,0.1385
33,baseline_v2,medium,rsa_plus_phase10,False,False,14,7,2,False,2,0.03176048431213472,0.6874,0.25,0.7695345137374588,0.2921,-0.5547,0.6931,0.1385
34,baseline_v2,medium,rsa_plus_phase10,False,False,13,6,2,False,2,0.03176048431213472,0.6874,0.25,0.7695345137374588,0.2921,-0.5547,0.6931,0.1385
35,baseline_v2,medium,rsa_plus_phase10,False,False,5,3,1,False,1,0.6989234189833419,0.6874,0.25,0.7695345137374588,0.2921,-0.5547,0.6931,0.1385
36,baseline_v2,medium,rsa_plus_phase10,True,True,26,11,3,False,3,0.0005883342728207405,0.6874,0.25,0.7695345137374588,0.2921,-0.5547,0.6931,0.1385
37,baseline_v2,medium,rsa_plus_phase10,False,False,3,1,1,False,1,0.6989234189833419,0.6874,0.25,0.7695345137374588,0.2921,-0.5547,0.6931,0.1385
38,baseline_v2,medium,rsa_plus_phase10,False,False,11,4,2,False,2,0.03176048431213472,0.6874,0.25,0.7695345137374588,0.2921,-0.5547,0.6931,0.1385
39,baseline_v2,medium,rsa_plus_phase10,False,False,5,3,1,False,1,0.6989234189833419,0.6874,0.25,0.7695345137374588,0.2921,-0.5547,0.6931,0.1385
40,baseline_v2,medium,rsa_plus_phase10,True,True,29,7,3,False,3,0.0005883342728207405,0.6874,0.25,0.7695345137374588,0.2921,-0.5547,0.6931,0.1385
41,baseline_v2,medium,rsa_plus_phase10,False,False,5,3,1,False,1,0.6989234189833419,0.6874,0.25,0.7695345137374588,0.2921,-0.5547,0.6931,0.1385
42,baseline_v2,medium,rsa_plus_phase10,False,False,25,6,3,False,3,0.0005883342728207405,0.6874,0.25,0.7695345137374588,0.2921,-0.5547,0.6931,0.1385
43,baseline_v2,medium,rsa_plus_phase10,False,False,3,1,1,False,1,0.6989234189833419,0.6874,0.25,0.7695345137374588,0.2921,-0.5547,0.6931,0.1385
44,baseline_v2,medium,rsa_plus_phase10,False,False,3,1,1,False,1,0.6989234189833419,0.6874,0.25,0.7695345137374588,0.2921,-0.5547,0.6931,0.1385
45,baseline_v2,medium,rsa_plus_phase10,False,False,3,1,1,False,1,0.6989234189833419,0.6874,0.25,0.7695345137374588,0.2921,-0.5547,0.6931,0.1385
46,baseline_v2,medium,rsa_plus_phase10,False,False,3,1,1,False,1,0.6989234189833419,0.6874,0.25,0.7695345137374588,0.2921,-0.5547,0.6931,0.1385
47,baseline_v2,medium,rsa_plus_phase10,False,False,5,3,1,False,1,0.6989234189833419,0.6874,0.25,0.7695345137374588,0.2921,-0.5547,0.6931,0.1385
48,baseline_v2,medium,rsa_plus_phase10,False,False,3,1,1,False,1,0.6989234189833419,0.6874,0.25,0.7695345137374588,0.2921,-0.5547,0.6931,0.1385
49,baseline_v2,medium,rsa_plus_phase10,False,False,4,2,1,False,1,0.6989234189833419,0.6874,0.25,0.7695345137374588,0.2921,-0.5547,0.6931,0.1385
0,baseline_v2,hard,legacy_bias,True,True,34,0,3,True,0,0.0,0.0,0.25,0.25,0.0,-0.6409,0.6931,0.0523
1,baseline_v2,hard,legacy_bias,True,True,34,0,3,True,0,0.0,0.0,0.25,0.25,0.0,-0.638,0.6931,0.0551
2,baseline_v2,hard,legacy_bias,False,False,15,1,2,False,0,0.0,0.0,0.25,0.25,0.0,-0.6409,0.6931,0.0523
3,baseline_v2,hard,legacy_bias,False,False,15,1,2,False,0,0.0,0.0,0.25,0.25,0.0,-0.6409,0.6931,0.0523
4,baseline_v2,hard,legacy_bias,True,True,36,0,3,True,0,0.0,0.0,0.25,0.25,0.0,-0.6409,0.6931,0.0523
5,baseline_v2,hard,legacy_bias,False,False,27,1,3,False,0,0.0,0.0,0.25,0.25,0.0,-0.6409,0.6931,0.0523
6,baseline_v2,hard,legacy_bias,True,True,33,0,3,True,0,0.0,0.0,0.25,0.25,0.0,-0.638,0.6931,0.0551
7,baseline_v2,hard,legacy_bias,True,True,35,0,3,True,0,0.0,0.0,0.25,0.25,0.0,-0.6409,0.6931,0.0523
8,baseline_v2,hard,legacy_bias,True,True,30,3,3,False,0,0.0,0.0,0.25,0.25,0.0,-0.6409,0.6931,0.0523
9,baseline_v2,hard,legacy_bias,True,True,35,0,3,True,0,0.0,0.0,0.25,0.25,0.0,-0.638,0.6931,0.0551
10,baseline_v2,hard,legacy_bias,False,False,27,1,3,False,0,0.0,0.0,0.25,0.25,0.0,-0.6409,0.6931,0.0523
11,baseline_v2,hard,legacy_bias,False,False,15,3,2,False,0,0.0,0.0,0.25,0.25,0.0,-0.6269,0.6931,0.0662
12,baseline_v2,hard,legacy_bias,True,True,31,3,3,False,0,0.0,0.0,0.25,0.25,0.0,-0.638,0.6931,0.0551
13,baseline_v2,hard,legacy_bias,True,True,36,0,3,True,0,0.0,0.0,0.25,0.25,0.0,-0.6409,0.6931,0.0523
14,baseline_v2,hard,legacy_bias,True,True,33,0,3,True,0,0.0,0.0,0.25,0.25,0.0,-0.6269,0.6931,0.0662
15,baseline_v2,hard,legacy_bias,True,True,36,0,3,True,0,0.0,0.0,0.25,0.25,0.0,-0.6409,0.6931,0.0523
16,baseline_v2,hard,legacy_bias,True,True,34,0,3,True,0,0.0,0.0,0.25,0.25,0.0,-0.638,0.6931,0.0551
17,baseline_v2,hard,legacy_bias,False,False,28,2,3,False,0,0.0,0.0,0.25,0.25,0.0,-0.6409,0.6931,0.0523
18,baseline_v2,hard,legacy_bias,False,False,27,2,3,False,0,0.0,0.0,0.25,0.25,0.0,-0.6409,0.6931,0.0523
19,baseline_v2,hard,legacy_bias,True,True,33,0,3,True,0,0.0,0.0,0.25,0.25,0.0,-0.638,0.6931,0.0551
20,baseline_v2,hard,legacy_bias,False,False,16,2,2,False,0,0.0,0.0,0.25,0.25,0.0,-0.6409,0.6931,0.0523
21,baseline_v2,hard,legacy_bias,True,True,33,0,3,True,0,0.0,0.0,0.25,0.25,0.0,-0.6269,0.6931,0.0662
22,baseline_v2,hard,legacy_bias,True,True,34,0,3,True,0,0.0,0.0,0.25,0.25,0.0,-0.6409,0.6931,0.0523
23,baseline_v2,hard,legacy_bias,True,True,33,0,3,True,0,0.0,0.0,0.25,0.25,0.0,-0.6269,0.6931,0.0662
24,baseline_v2,hard,legacy_bias,False,False,14,1,2,False,0,0.0,0.0,0.25,0.25,0.0,-0.638,0.6931,0.0551
25,baseline_v2,hard,legacy_bias,False,False,14,1,2,False,0,0.0,0.0,0.25,0.25,0.0,-0.638,0.6931,0.0551
26,baseline_v2,hard,legacy_bias,True,True,34,0,3,True,0,0.0,0.0,0.25,0.25,0.0,-0.6409,0.6931,0.0523
27,baseline_v2,hard,legacy_bias,False,False,25,1,3,False,0,0.0,0.0,0.25,0.25,0.0,-0.6269,0.6931,0.0662
28,baseline_v2,hard,legacy_bias,False,False,28,3,3,False,0,0.0,0.0,0.25,0.25,0.0,-0.638,0.6931,0.0551
29,baseline_v2,hard,legacy_bias,False,False,16,2,2,False,0,0.0,0.0,0.25,0.25,0.0,-0.6409,0.6931,0.0523
30,baseline_v2,hard,legacy_bias,False,False,15,3,2,False,0,0.0,0.0,0.25,0.25,0.0,-0.6269,0.6931,0.0662
31,baseline_v2,hard,legacy_bias,True,True,34,0,3,True,0,0.0,0.0,0.25,0.25,0.0,-0.638,0.6931,0.0551
32,baseline_v2,hard,legacy_bias,False,False,15,1,2,False,0,0.0,0.0,0.25,0.25,0.0,-0.6409,0.6931,0.0523
33,baseline_v2,hard,legacy_bias,True,True,34,0,3,True,0,0.0,0.0,0.25,0.25,0.0,-0.6409,0.6931,0.0523
34,baseline_v2,hard,legacy_bias,False,False,13,1,2,False,0,0.0,0.0,0.25,0.25,0.0,-0.6269,0.6931,0.0662
35,baseline_v2,hard,legacy_bias,True,True,33,0,3,True,0,0.0,0.0,0.25,0.25,0.0,-0.6269,0.6931,0.0662
36,baseline_v2,hard,legacy_bias,False,False,14,1,2,False,0,0.0,0.0,0.25,0.25,0.0,-0.638,0.6931,0.0551
37,baseline_v2,hard,legacy_bias,True,True,33,0,3,True,0,0.0,0.0,0.25,0.25,0.0,-0.6269,0.6931,0.0662
38,baseline_v2,hard,legacy_bias,False,False,24,1,3,False,0,0.0,0.0,0.25,0.25,0.0,-0.6269,0.6931,0.0662
39,baseline_v2,hard,legacy_bias,False,False,26,1,3,False,0,0.0,0.0,0.25,0.25,0.0,-0.6409,0.6931,0.0523
40,baseline_v2,hard,legacy_bias,True,True,31,3,3,False,0,0.0,0.0,0.25,0.25,0.0,-0.638,0.6931,0.0551
41,baseline_v2,hard,legacy_bias,True,True,35,0,3,True,0,0.0,0.0,0.25,0.25,0.0,-0.638,0.6931,0.0551
42,baseline_v2,hard,legacy_bias,True,True,33,0,3,True,0,0.0,0.0,0.25,0.25,0.0,-0.6269,0.6931,0.0662
43,baseline_v2,hard,legacy_bias,True,True,33,0,3,True,0,0.0,0.0,0.25,0.25,0.0,-0.638,0.6931,0.0551
44,baseline_v2,hard,legacy_bias,False,False,16,2,2,False,0,0.0,0.0,0.25,0.25,0.0,-0.6409,0.6931,0.0523
45,baseline_v2,hard,legacy_bias,True,True,35,0,3,True,0,0.0,0.0,0.25,0.25,0.0,-0.6409,0.6931,0.0523
46,baseline_v2,hard,legacy_bias,False,False,26,1,3,False,0,0.0,0.0,0.25,0.25,0.0,-0.638,0.6931,0.0551
47,baseline_v2,hard,legacy_bias,True,True,33,0,3,True,0,0.0,0.0,0.25,0.25,0.0,-0.6269,0.6931,0.0662
48,baseline_v2,hard,legacy_bias,True,True,32,0,3,True,0,0.0,0.0,0.25,0.25,0.0,-0.6269,0.6931,0.0662
49,baseline_v2,hard,legacy_bias,True,True,33,0,3,True,0,0.0,0.0,0.25,0.25,0.0,-0.6269,0.6931,0.0662
0,baseline_v2,hard,rsa_obs_l0,True,True,34,0,3,True,3,0.06502248023112227,0.5824,0.25,0.7417407204913656,0.3104,-0.5661,0.6931,0.1271
1,baseline_v2,hard,rsa_obs_l0,True,True,34,0,3,True,3,0.06502248023112227,0.5824,0.25,0.7417407204913656,0.3104,-0.5661,0.6931,0.1271
2,baseline_v2,hard,rsa_obs_l0,False,False,15,1,2,False,2,0.23836160277757856,0.5824,0.25,0.7417407204913656,0.3104,-0.5661,0.6931,0.1271
3,baseline_v2,hard,rsa_obs_l0,False,False,15,1,2,False,2,0.23836160277757856,0.5824,0.25,0.7417407204913656,0.3104,-0.5661,0.6931,0.1271
4,baseline_v2,hard,rsa_obs_l0,True,True,36,0,3,True,3,0.06502248023112227,0.5824,0.25,0.7417407204913656,0.3104,-0.5661,0.6931,0.1271
5,baseline_v2,hard,rsa_obs_l0,False,False,27,1,3,False,3,0.06502248023112227,0.5824,0.25,0.7417407204913656,0.3104,-0.5661,0.6931,0.1271
6,baseline_v2,hard,rsa_obs_l0,True,True,33,0,3,True,3,0.06502248023112227,0.5824,0.25,0.7417407204913656,0.3104,-0.5661,0.6931,0.1271
7,baseline_v2,hard,rsa_obs_l0,True,True,35,0,3,True,3,0.06502248023112227,0.5824,0.25,0.7417407204913656,0.3104,-0.5661,0.6931,0.1271
8,baseline_v2,hard,rsa_obs_l0,True,True,30,3,3,False,3,0.06502248023112227,0.5824,0.25,0.7417407204913656,0.3104,-0.5661,0.6931,0.1271
9,baseline_v2,hard,rsa_obs_l0,True,True,35,0,3,True,3,0.06502248023112227,0.5824,0.25,0.7417407204913656,0.3104,-0.5661,0.6931,0.1271
10,baseline_v2,hard,rsa_obs_l0,False,False,27,1,3,False,3,0.06502248023112227,0.5824,0.25,0.7417407204913656,0.3104,-0.5661,0.6931,0.1271
11,baseline_v2,hard,rsa_obs_l0,False,False,15,3,2,False,2,0.23836160277757856,0.5824,0.25,0.7417407204913656,0.3104,-0.5661,0.6931,0.1271
12,baseline_v2,hard,rsa_obs_l0,True,True,31,3,3,False,3,0.06502248023112227,0.5824,0.25,0.7417407204913656,0.3104,-0.5661,0.6931,0.1271
13,baseline_v2,hard,rsa_obs_l0,True,True,36,0,3,True,3,0.06502248023112227,0.5824,0.25,0.7417407204913656,0.3104,-0.5661,0.6931,0.1271
14,baseline_v2,hard,rsa_obs_l0,True,True,33,0,3,True,3,0.06502248023112227,0.5824,0.25,0.7417407204913656,0.3104,-0.5661,0.6931,0.1271
15,baseline_v2,hard,rsa_obs_l0,True,True,36,0,3,True,3,0.06502248023112227,0.5824,0.25,0.7417407204913656,0.3104,-0.5661,0.6931,0.1271
16,baseline_v2,hard,rsa_obs_l0,True,True,34,0,3,True,3,0.06502248023112227,0.5824,0.25,0.7417407204913656,0.3104,-0.5661,0.6931,0.1271
17,baseline_v2,hard,rsa_obs_l0,False,False,28,2,3,False,3,0.06502248023112227,0.5824,0.25,0.7417407204913656,0.3104,-0.5661,0.6931,0.1271
18,baseline_v2,hard,rsa_obs_l0,True,True,31,3,3,False,3,0.06502248023112227,0.5824,0.25,0.7417407204913656,0.3104,-0.5661,0.6931,0.1271
19,baseline_v2,hard,rsa_obs_l0,True,True,33,0,3,True,3,0.06502248023112227,0.5824,0.25,0.7417407204913656,0.3104,-0.5661,0.6931,0.1271
20,baseline_v2,hard,rsa_obs_l0,False,False,16,2,2,False,2,0.23836160277757856,0.5824,0.25,0.7417407204913656,0.3104,-0.5661,0.6931,0.1271
21,baseline_v2,hard,rsa_obs_l0,True,True,33,0,3,True,3,0.06502248023112227,0.5824,0.25,0.7417407204913656,0.3104,-0.5661,0.6931,0.1271
22,baseline_v2,hard,rsa_obs_l0,True,True,34,0,3,True,3,0.06502248023112227,0.5824,0.25,0.7417407204913656,0.3104,-0.5661,0.6931,0.1271
23,baseline_v2,hard,rsa_obs_l0,True,True,33,0,3,True,3,0.06502248023112227,0.5824,0.25,0.7417407204913656,0.3104,-0.5661,0.6931,0.1271
24,baseline_v2,hard,rsa_obs_l0,False,False,14,1,2,False,2,0.23836160277757856,0.5824,0.25,0.7417407204913656,0.3104,-0.5661,0.6931,0.1271
25,baseline_v2,hard,rsa_obs_l0,False,False,15,2,2,False,2,0.23836160277757856,0.5824,0.25,0.7417407204913656,0.3104,-0.5661,0.6931,0.1271
26,baseline_v2,hard,rsa_obs_l0,True,True,34,0,3,True,3,0.06502248023112227,0.5824,0.25,0.7417407204913656,0.3104,-0.5661,0.6931,0.1271
27,baseline_v2,hard,rsa_obs_l0,False,False,25,1,3,False,3,0.06502248023112227,0.5824,0.25,0.7417407204913656,0.3104,-0.5661,0.6931,0.1271
28,baseline_v2,hard,rsa_obs_l0,False,False,28,3,3,False,3,0.06502248023112227,0.5824,0.25,0.7417407204913656,0.3104,-0.5661,0.6931,0.1271
29,baseline_v2,hard,rsa_obs_l0,False,False,16,2,2,False,2,0.23836160277757856,0.5824,0.25,0.7417407204913656,0.3104,-0.5661,0.6931,0.1271
30,baseline_v2,hard,rsa_obs_l0,False,False,14,2,2,False,2,0.23836160277757856,0.5824,0.25,0.7417407204913656,0.3104,-0.5661,0.6931,0.1271
31,baseline_v2,hard,rsa_obs_l0,True,True,34,0,3,True,3,0.06502248023112227,0.5824,0.25,0.7417407204913656,0.3104,-0.5661,0.6931,0.1271
32,baseline_v2,hard,rsa_obs_l0,False,False,15,1,2,False,2,0.23836160277757856,0.5824,0.25,0.7417407204913656,0.3104,-0.5661,0.6931,0.1271
33,baseline_v2,hard,rsa_obs_l0,True,True,34,0,3,True,3,0.06502248023112227,0.5824,0.25,0.7417407204913656,0.3104,-0.5661,0.6931,0.1271
34,baseline_v2,hard,rsa_obs_l0,False,False,13,1,2,False,2,0.23836160277757856,0.5824,0.25,0.7417407204913656,0.3104,-0.5661,0.6931,0.1271
35,baseline_v2,hard,rsa_obs_l0,True,True,33,0,3,True,3,0.06502248023112227,0.5824,0.25,0.7417407204913656,0.3104,-0.5661,0.6931,0.1271
36,baseline_v2,hard,rsa_obs_l0,False,False,14,1,2,False,2,0.23836160277757856,0.5824,0.25,0.7417407204913656,0.3104,-0.5661,0.6931,0.1271
37,baseline_v2,hard,rsa_obs_l0,True,True,33,0,3,True,3,0.06502248023112227,0.5824,0.25,0.7417407204913656,0.3104,-0.5661,0.6931,0.1271
38,baseline_v2,hard,rsa_obs_l0,False,False,24,1,3,False,3,0.06502248023112227,0.5824,0.25,0.7417407204913656,0.3104,-0.5661,0.6931,0.1271
39,baseline_v2,hard,rsa_obs_l0,False,False,26,1,3,False,3,0.06502248023112227,0.5824,0.25,0.7417407204913656,0.3104,-0.5661,0.6931,0.1271
40,baseline_v2,hard,rsa_obs_l0,True,True,31,3,3,False,3,0.06502248023112227,0.5824,0.25,0.7417407204913656,0.3104,-0.5661,0.6931,0.1271
41,baseline_v2,hard,rsa_obs_l0,True,True,35,0,3,True,3,0.06502248023112227,0.5824,0.25,0.7417407204913656,0.3104,-0.5661,0.6931,0.1271
42,baseline_v2,hard,rsa_obs_l0,True,True,33,0,3,True,3,0.06502248023112227,0.5824,0.25,0.7417407204913656,0.3104,-0.5661,0.6931,0.1271
43,baseline_v2,hard,rsa_obs_l0,True,True,33,0,3,True,3,0.06502248023112227,0.5824,0.25,0.7417407204913656,0.3104,-0.5661,0.6931,0.1271
44,baseline_v2,hard,rsa_obs_l0,False,False,16,2,2,False,2,0.23836160277757856,0.5824,0.25,0.7417407204913656,0.3104,-0.5661,0.6931,0.1271
45,baseline_v2,hard,rsa_obs_l0,True,True,35,0,3,True,3,0.06502248023112227,0.5824,0.25,0.7417407204913656,0.3104,-0.5661,0.6931,0.1271
46,baseline_v2,hard,rsa_obs_l0,False,False,26,1,3,False,3,0.06502248023112227,0.5824,0.25,0.7417407204913656,0.3104,-0.5661,0.6931,0.1271
47,baseline_v2,hard,rsa_obs_l0,True,True,33,0,3,True,3,0.06502248023112227,0.5824,0.25,0.7417407204913656,0.3104,-0.5661,0.6931,0.1271
48,baseline_v2,hard,rsa_obs_l0,True,True,32,0,3,True,3,0.06502248023112227,0.5824,0.25,0.7417407204913656,0.3104,-0.5661,0.6931,0.1271
49,baseline_v2,hard,rsa_obs_l0,True,True,33,0,3,True,3,0.06502248023112227,0.5824,0.25,0.7417407204913656,0.3104,-0.5661,0.6931,0.1271
0,baseline_v2,hard,rsa_obs_s1,True,True,34,0,3,True,3,0.0005883342728207405,0.6874,0.25,0.7695345137374588,0.2921,-0.5547,0.6931,0.1385
1,baseline_v2,hard,rsa_obs_s1,True,True,34,0,3,True,3,0.0005883342728207405,0.6874,0.25,0.7695345137374588,0.2921,-0.5547,0.6931,0.1385
2,baseline_v2,hard,rsa_obs_s1,False,False,15,1,2,False,2,0.03176048431213472,0.6874,0.25,0.7695345137374588,0.2921,-0.5547,0.6931,0.1385
3,baseline_v2,hard,rsa_obs_s1,False,False,15,1,2,False,2,0.03176048431213472,0.6874,0.25,0.7695345137374588,0.2921,-0.5547,0.6931,0.1385
4,baseline_v2,hard,rsa_obs_s1,True,True,36,0,3,True,3,0.0005883342728207405,0.6874,0.25,0.7695345137374588,0.2921,-0.5547,0.6931,0.1385
5,baseline_v2,hard,rsa_obs_s1,False,False,27,1,3,False,3,0.0005883342728207405,0.6874,0.25,0.7695345137374588,0.2921,-0.5547,0.6931,0.1385
6,baseline_v2,hard,rsa_obs_s1,True,True,33,0,3,True,3,0.0005883342728207405,0.6874,0.25,0.7695345137374588,0.2921,-0.5547,0.6931,0.1385
7,baseline_v2,hard,rsa_obs_s1,True,True,35,0,3,True,3,0.0005883342728207405,0.6874,0.25,0.7695345137374588,0.2921,-0.5547,0.6931,0.1385
8,baseline_v2,hard,rsa_obs_s1,True,True,30,3,3,False,3,0.0005883342728207405,0.6874,0.25,0.7695345137374588,0.2921,-0.5547,0.6931,0.1385
9,baseline_v2,hard,rsa_obs_s1,True,True,35,0,3,True,3,0.0005883342728207405,0.6874,0.25,0.7695345137374588,0.2921,-0.5547,0.6931,0.1385
10,baseline_v2,hard,rsa_obs_s1,False,False,27,1,3,False,3,0.0005883342728207405,0.6874,0.25,0.7695345137374588,0.2921,-0.5547,0.6931,0.1385
11,baseline_v2,hard,rsa_obs_s1,False,False,15,3,2,False,2,0.03176048431213472,0.6874,0.25,0.7695345137374588,0.2921,-0.5547,0.6931,0.1385
12,baseline_v2,hard,rsa_obs_s1,True,True,31,3,3,False,3,0.0005883342728207405,0.6874,0.25,0.7695345137374588,0.2921,-0.5547,0.6931,0.1385
13,baseline_v2,hard,rsa_obs_s1,True,True,36,0,3,True,3,0.0005883342728207405,0.6874,0.25,0.7695345137374588,0.2921,-0.5547,0.6931,0.1385
14,baseline_v2,hard,rsa_obs_s1,True,True,33,0,3,True,3,0.0005883342728207405,0.6874,0.25,0.7695345137374588,0.2921,-0.5547,0.6931,0.1385
15,baseline_v2,hard,rsa_obs_s1,True,True,36,0,3,True,3,0.0005883342728207405,0.6874,0.25,0.7695345137374588,0.2921,-0.5547,0.6931,0.1385
16,baseline_v2,hard,rsa_obs_s1,True,True,34,0,3,True,3,0.0005883342728207405,0.6874,0.25,0.7695345137374588,0.2921,-0.5547,0.6931,0.1385
17,baseline_v2,hard,rsa_obs_s1,False,False,28,2,3,False,3,0.0005883342728207405,0.6874,0.25,0.7695345137374588,0.2921,-0.5547,0.6931,0.1385
18,baseline_v2,hard,rsa_obs_s1,True,True,31,3,3,False,3,0.0005883342728207405,0.6874,0.25,0.7695345137374588,0.2921,-0.5547,0.6931,0.1385
19,baseline_v2,hard,rsa_obs_s1,True,True,33,0,3,True,3,0.0005883342728207405,0.6874,0.25,0.7695345137374588,0.2921,-0.5547,0.6931,0.1385
20,baseline_v2,hard,rsa_obs_s1,False,False,16,2,2,False,2,0.03176048431213472,0.6874,0.25,0.7695345137374588,0.2921,-0.5547,0.6931,0.1385
21,baseline_v2,hard,rsa_obs_s1,True,True,33,0,3,True,3,0.0005883342728207405,0.6874,0.25,0.7695345137374588,0.2921,-0.5547,0.6931,0.1385
22,baseline_v2,hard,rsa_obs_s1,True,True,34,0,3,True,3,0.0005883342728207405,0.6874,0.25,0.7695345137374588,0.2921,-0.5547,0.6931,0.1385
23,baseline_v2,hard,rsa_obs_s1,True,True,33,0,3,True,3,0.0005883342728207405,0.6874,0.25,0.7695345137374588,0.2921,-0.5547,0.6931,0.1385
24,baseline_v2,hard,rsa_obs_s1,False,False,14,1,2,False,2,0.03176048431213472,0.6874,0.25,0.7695345137374588,0.2921,-0.5547,0.6931,0.1385
25,baseline_v2,hard,rsa_obs_s1,False,False,15,2,2,False,2,0.03176048431213472,0.6874,0.25,0.7695345137374588,0.2921,-0.5547,0.6931,0.1385
26,baseline_v2,hard,rsa_obs_s1,True,True,34,0,3,True,3,0.0005883342728207405,0.6874,0.25,0.7695345137374588,0.2921,-0.5547,0.6931,0.1385
27,baseline_v2,hard,rsa_obs_s1,False,False,25,1,3,False,3,0.0005883342728207405,0.6874,0.25,0.7695345137374588,0.2921,-0.5547,0.6931,0.1385
28,baseline_v2,hard,rsa_obs_s1,False,False,28,3,3,False,3,0.0005883342728207405,0.6874,0.25,0.7695345137374588,0.2921,-0.5547,0.6931,0.1385
29,baseline_v2,hard,rsa_obs_s1,False,False,16,2,2,False,2,0.03176048431213472,0.6874,0.25,0.7695345137374588,0.2921,-0.5547,0.6931,0.1385
30,baseline_v2,hard,rsa_obs_s1,False,False,14,2,2,False,2,0.03176048431213472,0.6874,0.25,0.7695345137374588,0.2921,-0.5547,0.6931,0.1385
31,baseline_v2,hard,rsa_obs_s1,True,True,34,0,3,True,3,0.0005883342728207405,0.6874,0.25,0.7695345137374588,0.2921,-0.5547,0.6931,0.1385
32,baseline_v2,hard,rsa_obs_s1,False,False,15,1,2,False,2,0.03176048431213472,0.6874,0.25,0.7695345137374588,0.2921,-0.5547,0.6931,0.1385
33,baseline_v2,hard,rsa_obs_s1,True,True,34,0,3,True,3,0.0005883342728207405,0.6874,0.25,0.7695345137374588,0.2921,-0.5547,0.6931,0.1385
34,baseline_v2,hard,rsa_obs_s1,False,False,13,1,2,False,2,0.03176048431213472,0.6874,0.25,0.7695345137374588,0.2921,-0.5547,0.6931,0.1385
35,baseline_v2,hard,rsa_obs_s1,True,True,33,0,3,True,3,0.0005883342728207405,0.6874,0.25,0.7695345137374588,0.2921,-0.5547,0.6931,0.1385
36,baseline_v2,hard,rsa_obs_s1,False,False,14,1,2,False,2,0.03176048431213472,0.6874,0.25,0.7695345137374588,0.2921,-0.5547,0.6931,0.1385
37,baseline_v2,hard,rsa_obs_s1,True,True,33,0,3,True,3,0.0005883342728207405,0.6874,0.25,0.7695345137374588,0.2921,-0.5547,0.6931,0.1385
38,baseline_v2,hard,rsa_obs_s1,False,False,24,1,3,False,3,0.0005883342728207405,0.6874,0.25,0.7695345137374588,0.2921,-0.5547,0.6931,0.1385
39,baseline_v2,hard,rsa_obs_s1,False,False,26,1,3,False,3,0.0005883342728207405,0.6874,0.25,0.7695345137374588,0.2921,-0.5547,0.6931,0.1385
40,baseline_v2,hard,rsa_obs_s1,True,True,31,3,3,False,3,0.0005883342728207405,0.6874,0.25,0.7695345137374588,0.2921,-0.5547,0.6931,0.1385
41,baseline_v2,hard,rsa_obs_s1,True,True,35,0,3,True,3,0.0005883342728207405,0.6874,0.25,0.7695345137374588,0.2921,-0.5547,0.6931,0.1385
42,baseline_v2,hard,rsa_obs_s1,True,True,33,0,3,True,3,0.0005883342728207405,0.6874,0.25,0.7695345137374588,0.2921,-0.5547,0.6931,0.1385
43,baseline_v2,hard,rsa_obs_s1,True,True,33,0,3,True,3,0.0005883342728207405,0.6874,0.25,0.7695345137374588,0.2921,-0.5547,0.6931,0.1385
44,baseline_v2,hard,rsa_obs_s1,False,False,16,2,2,False,2,0.03176048431213472,0.6874,0.25,0.7695345137374588,0.2921,-0.5547,0.6931,0.1385
45,baseline_v2,hard,rsa_obs_s1,True,True,35,0,3,True,3,0.0005883342728207405,0.6874,0.25,0.7695345137374588,0.2921,-0.5547,0.6931,0.1385
46,baseline_v2,hard,rsa_obs_s1,False,False,26,1,3,False,3,0.0005883342728207405,0.6874,0.25,0.7695345137374588,0.2921,-0.5547,0.6931,0.1385
47,baseline_v2,hard,rsa_obs_s1,True,True,33,0,3,True,3,0.0005883342728207405,0.6874,0.25,0.7695345137374588,0.2921,-0.5547,0.6931,0.1385
48,baseline_v2,hard,rsa_obs_s1,True,True,32,0,3,True,3,0.0005883342728207405,0.6874,0.25,0.7695345137374588,0.2921,-0.5547,0.6931,0.1385
49,baseline_v2,hard,rsa_obs_s1,True,True,33,0,3,True,3,0.0005883342728207405,0.6874,0.25,0.7695345137374588,0.2921,-0.5547,0.6931,0.1385
0,baseline_v2,hard,rsa_obs_s1_trust,False,False,16,2,2,False,2,0.9035575407631242,0.1313,0.25,0.4335234601619351,0.1133,-0.3236,0.6931,0.3696
1,baseline_v2,hard,rsa_obs_s1_trust,False,False,6,4,1,False,1,1.2550215804305218,0.1313,0.25,0.4335234601619351,0.1133,-0.3236,0.6931,0.3696
2,baseline_v2,hard,rsa_obs_s1_trust,False,False,15,1,2,False,2,0.9035575407631242,0.1313,0.25,0.4335234601619351,0.1133,-0.3236,0.6931,0.3696
3,baseline_v2,hard,rsa_obs_s1_trust,False,False,15,1,2,False,2,0.9035575407631242,0.1313,0.25,0.4335234601619351,0.1133,-0.3236,0.6931,0.3696
4,baseline_v2,hard,rsa_obs_s1_trust,False,False,16,2,2,False,2,0.9035575407631242,0.1313,0.25,0.4335234601619351,0.1133,-0.3236,0.6931,0.3696
5,baseline_v2,hard,rsa_obs_s1_trust,False,False,15,1,2,False,2,0.9035575407631242,0.1313,0.25,0.4335234601619351,0.1133,-0.3236,0.6931,0.3696
6,baseline_v2,hard,rsa_obs_s1_trust,False,False,3,1,1,False,1,1.2550215804305218,0.1313,0.25,0.4335234601619351,0.1133,-0.3236,0.6931,0.3696
7,baseline_v2,hard,rsa_obs_s1_trust,False,False,18,4,2,False,2,0.9035575407631242,0.1313,0.25,0.4335234601619351,0.1133,-0.3236,0.6931,0.3696
8,baseline_v2,hard,rsa_obs_s1_trust,False,False,24,5,3,False,3,0.47387069306361,0.1313,0.25,0.4335234601619351,0.1133,-0.3236,0.6931,0.3696
9,baseline_v2,hard,rsa_obs_s1_trust,False,False,4,2,1,False,1,1.2550215804305218,0.1313,0.25,0.4335234601619351,0.1133,-0.3236,0.6931,0.3696
10,baseline_v2,hard,rsa_obs_s1_trust,False,False,15,1,2,False,2,0.9035575407631242,0.1313,0.25,0.4335234601619351,0.1133,-0.3236,0.6931,0.3696
11,baseline_v2,hard,rsa_obs_s1_trust,False,False,11,4,2,False,2,0.9035575407631242,0.1313,0.25,0.4335234601619351,0.1133,-0.3236,0.6931,0.3696
12,baseline_v2,hard,rsa_obs_s1_trust,False,False,5,3,1,False,1,1.2550215804305218,0.1313,0.25,0.4335234601619351,0.1133,-0.3236,0.6931,0.3696
13,baseline_v2,hard,rsa_obs_s1_trust,False,False,16,2,2,False,2,0.9035575407631242,0.1313,0.25,0.4335234601619351,0.1133,-0.3236,0.6931,0.3696
14,baseline_v2,hard,rsa_obs_s1_trust,False,False,4,2,1,False,1,1.2550215804305218,0.1313,0.25,0.4335234601619351,0.1133,-0.3236,0.6931,0.3696
15,baseline_v2,hard,rsa_obs_s1_trust,False,False,16,2,2,False,2,0.9035575407631242,0.1313,0.25,0.4335234601619351,0.1133,-0.3236,0.6931,0.3696
16,baseline_v2,hard,rsa_obs_s1_trust,False,False,4,2,1,False,1,1.2550215804305218,0.1313,0.25,0.4335234601619351,0.1133,-0.3236,0.6931,0.3696
17,baseline_v2,hard,rsa_obs_s1_trust,False,False,17,3,2,False,2,0.9035575407631242,0.1313,0.25,0.4335234601619351,0.1133,-0.3236,0.6931,0.3696
18,baseline_v2,hard,rsa_obs_s1_trust,False,False,17,3,2,False,2,0.9035575407631242,0.1313,0.25,0.4335234601619351,0.1133,-0.3236,0.6931,0.3696
19,baseline_v2,hard,rsa_obs_s1_trust,False,False,5,3,1,False,1,1.2550215804305218,0.1313,0.25,0.4335234601619351,0.1133,-0.3236,0.6931,0.3696
20,baseline_v2,hard,rsa_obs_s1_trust,False,False,16,2,2,False,2,0.9035575407631242,0.1313,0.25,0.4335234601619351,0.1133,-0.3236,0.6931,0.3696
21,baseline_v2,hard,rsa_obs_s1_trust,False,False,4,2,1,False,1,1.2550215804305218,0.1313,0.25,0.4335234601619351,0.1133,-0.3236,0.6931,0.3696
22,baseline_v2,hard,rsa_obs_s1_trust,False,False,17,3,2,False,2,0.9035575407631242,0.1313,0.25,0.4335234601619351,0.1133,-0.3236,0.6931,0.3696
23,baseline_v2,hard,rsa_obs_s1_trust,False,False,4,2,1,False,1,1.2550215804305218,0.1313,0.25,0.4335234601619351,0.1133,-0.3236,0.6931,0.3696
24,baseline_v2,hard,rsa_obs_s1_trust,False,False,5,3,1,False,1,1.2550215804305218,0.1313,0.25,0.4335234601619351,0.1133,-0.3236,0.6931,0.3696
25,baseline_v2,hard,rsa_obs_s1_trust,False,False,3,1,1,False,1,1.2550215804305218,0.1313,0.25,0.4335234601619351,0.1133,-0.3236,0.6931,0.3696
26,baseline_v2,hard,rsa_obs_s1_trust,False,False,18,4,2,False,2,0.9035575407631242,0.1313,0.25,0.4335234601619351,0.1133,-0.3236,0.6931,0.3696
27,baseline_v2,hard,rsa_obs_s1_trust,False,False,3,1,1,False,1,1.2550215804305218,0.1313,0.25,0.4335234601619351,0.1133,-0.3236,0.6931,0.3696
28,baseline_v2,hard,rsa_obs_s1_trust,False,False,5,3,1,False,1,1.2550215804305218,0.1313,0.25,0.4335234601619351,0.1133,-0.3236,0.6931,0.3696
29,baseline_v2,hard,rsa_obs_s1_trust,False,False,16,2,2,False,2,0.9035575407631242,0.1313,0.25,0.4335234601619351,0.1133,-0.3236,0.6931,0.3696
30,baseline_v2,hard,rsa_obs_s1_trust,False,False,3,1,1,False,1,1.2550215804305218,0.1313,0.25,0.4335234601619351,0.1133,-0.3236,0.6931,0.3696
31,baseline_v2,hard,rsa_obs_s1_trust,False,False,3,1,1,False,1,1.2550215804305218,0.1313,0.25,0.4335234601619351,0.1133,-0.3236,0.6931,0.3696
32,baseline_v2,hard,rsa_obs_s1_trust,False,False,15,1,2,False,2,0.9035575407631242,0.1313,0.25,0.4335234601619351,0.1133,-0.3236,0.6931,0.3696
33,baseline_v2,hard,rsa_obs_s1_trust,False,False,17,3,2,False,2,0.9035575407631242,0.1313,0.25,0.4335234601619351,0.1133,-0.3236,0.6931,0.3696
34,baseline_v2,hard,rsa_obs_s1_trust,False,False,13,6,2,False,2,0.9035575407631242,0.1313,0.25,0.4335234601619351,0.1133,-0.3236,0.6931,0.3696
35,baseline_v2,hard,rsa_obs_s1_trust,False,False,5,3,1,False,1,1.2550215804305218,0.1313,0.25,0.4335234601619351,0.1133,-0.3236,0.6931,0.3696
36,baseline_v2,hard,rsa_obs_s1_trust,False,False,4,2,1,False,1,1.2550215804305218,0.1313,0.25,0.4335234601619351,0.1133,-0.3236,0.6931,0.3696
37,baseline_v2,hard,rsa_obs_s1_trust,False,False,3,1,1,False,1,1.2550215804305218,0.1313,0.25,0.4335234601619351,0.1133,-0.3236,0.6931,0.3696
38,baseline_v2,hard,rsa_obs_s1_trust,False,False,3,1,1,False,1,1.2550215804305218,0.1313,0.25,0.4335234601619351,0.1133,-0.3236,0.6931,0.3696
39,baseline_v2,hard,rsa_obs_s1_trust,False,False,15,1,2,False,2,0.9035575407631242,0.1313,0.25,0.4335234601619351,0.1133,-0.3236,0.6931,0.3696
40,baseline_v2,hard,rsa_obs_s1_trust,True,True,29,7,3,False,3,0.47387069306361,0.1313,0.25,0.4335234601619351,0.1133,-0.3236,0.6931,0.3696
41,baseline_v2,hard,rsa_obs_s1_trust,False,False,5,3,1,False,1,1.2550215804305218,0.1313,0.25,0.4335234601619351,0.1133,-0.3236,0.6931,0.3696
42,baseline_v2,hard,rsa_obs_s1_trust,False,False,3,1,1,False,1,1.2550215804305218,0.1313,0.25,0.4335234601619351,0.1133,-0.3236,0.6931,0.3696
43,baseline_v2,hard,rsa_obs_s1_trust,False,False,3,1,1,False,1,1.2550215804305218,0.1313,0.25,0.4335234601619351,0.1133,-0.3236,0.6931,0.3696
44,baseline_v2,hard,rsa_obs_s1_trust,False,False,16,2,2,False,2,0.9035575407631242,0.1313,0.25,0.4335234601619351,0.1133,-0.3236,0.6931,0.3696
45,baseline_v2,hard,rsa_obs_s1_trust,False,False,18,4,2,False,2,0.9035575407631242,0.1313,0.25,0.4335234601619351,0.1133,-0.3236,0.6931,0.3696
46,baseline_v2,hard,rsa_obs_s1_trust,False,False,3,1,1,False,1,1.2550215804305218,0.1313,0.25,0.4335234601619351,0.1133,-0.3236,0.6931,0.3696
47,baseline_v2,hard,rsa_obs_s1_trust,False,False,5,3,1,False,1,1.2550215804305218,0.1313,0.25,0.4335234601619351,0.1133,-0.3236,0.6931,0.3696
48,baseline_v2,hard,rsa_obs_s1_trust,False,False,3,1,1,False,1,1.2550215804305218,0.1313,0.25,0.4335234601619351,0.1133,-0.3236,0.6931,0.3696
49,baseline_v2,hard,rsa_obs_s1_trust,False,False,4,2,1,False,1,1.2550215804305218,0.1313,0.25,0.4335234601619351,0.1133,-0.3236,0.6931,0.3696
0,baseline_v2,hard,rsa_plus_phase10,False,False,4,2,1,False,1,0.6989234189833419,0.6874,0.25,0.7695345137374588,0.2921,-0.5547,0.6931,0.1385
1,baseline_v2,hard,rsa_plus_phase10,False,False,6,4,1,False,1,0.6989234189833419,0.6874,0.25,0.7695345137374588,0.2921,-0.5547,0.6931,0.1385
2,baseline_v2,hard,rsa_plus_phase10,False,False,5,3,1,False,1,0.6989234189833419,0.6874,0.25,0.7695345137374588,0.2921,-0.5547,0.6931,0.1385
3,baseline_v2,hard,rsa_plus_phase10,False,False,3,1,1,False,1,0.6989234189833419,0.6874,0.25,0.7695345137374588,0.2921,-0.5547,0.6931,0.1385
4,baseline_v2,hard,rsa_plus_phase10,False,False,26,7,3,False,3,0.0005883342728207405,0.6874,0.25,0.7695345137374588,0.2921,-0.5547,0.6931,0.1385
5,baseline_v2,hard,rsa_plus_phase10,False,False,4,2,1,False,1,0.6989234189833419,0.6874,0.25,0.7695345137374588,0.2921,-0.5547,0.6931,0.1385
6,baseline_v2,hard,rsa_plus_phase10,False,False,3,1,1,False,1,0.6989234189833419,0.6874,0.25,0.7695345137374588,0.2921,-0.5547,0.6931,0.1385
7,baseline_v2,hard,rsa_plus_phase10,False,False,7,5,1,False,1,0.6989234189833419,0.6874,0.25,0.7695345137374588,0.2921,-0.5547,0.6931,0.1385
8,baseline_v2,hard,rsa_plus_phase10,False,False,7,5,1,False,1,0.6989234189833419,0.6874,0.25,0.7695345137374588,0.2921,-0.5547,0.6931,0.1385
9,baseline_v2,hard,rsa_plus_phase10,False,False,4,2,1,False,1,0.6989234189833419,0.6874,0.25,0.7695345137374588,0.2921,-0.5547,0.6931,0.1385
10,baseline_v2,hard,rsa_plus_phase10,False,False,3,1,1,False,1,0.6989234189833419,0.6874,0.25,0.7695345137374588,0.2921,-0.5547,0.6931,0.1385
11,baseline_v2,hard,rsa_plus_phase10,False,False,11,4,2,False,2,0.03176048431213472,0.6874,0.25,0.7695345137374588,0.2921,-0.5547,0.6931,0.1385
12,baseline_v2,hard,rsa_plus_phase10,False,False,5,3,1,False,1,0.6989234189833419,0.6874,0.25,0.7695345137374588,0.2921,-0.5547,0.6931,0.1385
13,baseline_v2,hard,rsa_plus_phase10,False,False,7,5,1,False,1,0.6989234189833419,0.6874,0.25,0.7695345137374588,0.2921,-0.5547,0.6931,0.1385
14,baseline_v2,hard,rsa_plus_phase10,False,False,4,2,1,False,1,0.6989234189833419,0.6874,0.25,0.7695345137374588,0.2921,-0.5547,0.6931,0.1385
15,baseline_v2,hard,rsa_plus_phase10,False,False,5,3,1,False,1,0.6989234189833419,0.6874,0.25,0.7695345137374588,0.2921,-0.5547,0.6931,0.1385
16,baseline_v2,hard,rsa_plus_phase10,False,False,4,2,1,False,1,0.6989234189833419,0.6874,0.25,0.7695345137374588,0.2921,-0.5547,0.6931,0.1385
17,baseline_v2,hard,rsa_plus_phase10,False,False,3,1,1,False,1,0.6989234189833419,0.6874,0.25,0.7695345137374588,0.2921,-0.5547,0.6931,0.1385
18,baseline_v2,hard,rsa_plus_phase10,False,False,13,6,2,False,2,0.03176048431213472,0.6874,0.25,0.7695345137374588,0.2921,-0.5547,0.6931,0.1385
19,baseline_v2,hard,rsa_plus_phase10,False,False,5,3,1,False,1,0.6989234189833419,0.6874,0.25,0.7695345137374588,0.2921,-0.5547,0.6931,0.1385
20,baseline_v2,hard,rsa_plus_phase10,False,False,5,3,1,False,1,0.6989234189833419,0.6874,0.25,0.7695345137374588,0.2921,-0.5547,0.6931,0.1385
21,baseline_v2,hard,rsa_plus_phase10,False,False,4,2,1,False,1,0.6989234189833419,0.6874,0.25,0.7695345137374588,0.2921,-0.5547,0.6931,0.1385
22,baseline_v2,hard,rsa_plus_phase10,False,False,3,1,1,False,1,0.6989234189833419,0.6874,0.25,0.7695345137374588,0.2921,-0.5547,0.6931,0.1385
23,baseline_v2,hard,rsa_plus_phase10,False,False,4,2,1,False,1,0.6989234189833419,0.6874,0.25,0.7695345137374588,0.2921,-0.5547,0.6931,0.1385
24,baseline_v2,hard,rsa_plus_phase10,False,False,5,3,1,False,1,0.6989234189833419,0.6874,0.25,0.7695345137374588,0.2921,-0.5547,0.6931,0.1385
25,baseline_v2,hard,rsa_plus_phase10,False,False,3,1,1,False,1,0.6989234189833419,0.6874,0.25,0.7695345137374588,0.2921,-0.5547,0.6931,0.1385
26,baseline_v2,hard,rsa_plus_phase10,False,False,3,1,1,False,1,0.6989234189833419,0.6874,0.25,0.7695345137374588,0.2921,-0.5547,0.6931,0.1385
27,baseline_v2,hard,rsa_plus_phase10,False,False,3,1,1,False,1,0.6989234189833419,0.6874,0.25,0.7695345137374588,0.2921,-0.5547,0.6931,0.1385
28,baseline_v2,hard,rsa_plus_phase10,False,False,5,3,1,False,1,0.6989234189833419,0.6874,0.25,0.7695345137374588,0.2921,-0.5547,0.6931,0.1385
29,baseline_v2,hard,rsa_plus_phase10,False,False,5,3,1,False,1,0.6989234189833419,0.6874,0.25,0.7695345137374588,0.2921,-0.5547,0.6931,0.1385
30,baseline_v2,hard,rsa_plus_phase10,False,False,3,1,1,False,1,0.6989234189833419,0.6874,0.25,0.7695345137374588,0.2921,-0.5547,0.6931,0.1385
31,baseline_v2,hard,rsa_plus_phase10,False,False,3,1,1,False,1,0.6989234189833419,0.6874,0.25,0.7695345137374588,0.2921,-0.5547,0.6931,0.1385
32,baseline_v2,hard,rsa_plus_phase10,False,False,4,2,1,False,1,0.6989234189833419,0.6874,0.25,0.7695345137374588,0.2921,-0.5547,0.6931,0.1385
33,baseline_v2,hard,rsa_plus_phase10,False,False,14,7,2,False,2,0.03176048431213472,0.6874,0.25,0.7695345137374588,0.2921,-0.5547,0.6931,0.1385
34,baseline_v2,hard,rsa_plus_phase10,False,False,13,6,2,False,2,0.03176048431213472,0.6874,0.25,0.7695345137374588,0.2921,-0.5547,0.6931,0.1385
35,baseline_v2,hard,rsa_plus_phase10,False,False,5,3,1,False,1,0.6989234189833419,0.6874,0.25,0.7695345137374588,0.2921,-0.5547,0.6931,0.1385
36,baseline_v2,hard,rsa_plus_phase10,False,False,4,2,1,False,1,0.6989234189833419,0.6874,0.25,0.7695345137374588,0.2921,-0.5547,0.6931,0.1385
37,baseline_v2,hard,rsa_plus_phase10,False,False,3,1,1,False,1,0.6989234189833419,0.6874,0.25,0.7695345137374588,0.2921,-0.5547,0.6931,0.1385
38,baseline_v2,hard,rsa_plus_phase10,False,False,3,1,1,False,1,0.6989234189833419,0.6874,0.25,0.7695345137374588,0.2921,-0.5547,0.6931,0.1385
39,baseline_v2,hard,rsa_plus_phase10,False,False,5,3,1,False,1,0.6989234189833419,0.6874,0.25,0.7695345137374588,0.2921,-0.5547,0.6931,0.1385
40,baseline_v2,hard,rsa_plus_phase10,True,True,29,7,3,False,3,0.0005883342728207405,0.6874,0.25,0.7695345137374588,0.2921,-0.5547,0.6931,0.1385
41,baseline_v2,hard,rsa_plus_phase10,False,False,5,3,1,False,1,0.6989234189833419,0.6874,0.25,0.7695345137374588,0.2921,-0.5547,0.6931,0.1385
42,baseline_v2,hard,rsa_plus_phase10,False,False,3,1,1,False,1,0.6989234189833419,0.6874,0.25,0.7695345137374588,0.2921,-0.5547,0.6931,0.1385
43,baseline_v2,hard,rsa_plus_phase10,False,False,3,1,1,False,1,0.6989234189833419,0.6874,0.25,0.7695345137374588,0.2921,-0.5547,0.6931,0.1385
44,baseline_v2,hard,rsa_plus_phase10,False,False,3,1,1,False,1,0.6989234189833419,0.6874,0.25,0.7695345137374588,0.2921,-0.5547,0.6931,0.1385
45,baseline_v2,hard,rsa_plus_phase10,False,False,4,2,1,False,1,0.6989234189833419,0.6874,0.25,0.7695345137374588,0.2921,-0.5547,0.6931,0.1385
46,baseline_v2,hard,rsa_plus_phase10,False,False,3,1,1,False,1,0.6989234189833419,0.6874,0.25,0.7695345137374588,0.2921,-0.5547,0.6931,0.1385
47,baseline_v2,hard,rsa_plus_phase10,False,False,5,3,1,False,1,0.6989234189833419,0.6874,0.25,0.7695345137374588,0.2921,-0.5547,0.6931,0.1385
48,baseline_v2,hard,rsa_plus_phase10,False,False,3,1,1,False,1,0.6989234189833419,0.6874,0.25,0.7695345137374588,0.2921,-0.5547,0.6931,0.1385
49,baseline_v2,hard,rsa_plus_phase10,False,False,4,2,1,False,1,0.6989234189833419,0.6874,0.25,0.7695345137374588,0.2921,-0.5547,0.6931,0.1385
